####
#
# OBJ File Generated by Meshlab
#
####
# Object double-torus.obj
#
# Vertices: 3070
# Faces: 6144
#
####
vn 0.2719495839944442 0.9612583201152898 0.0450096186873424
v 0.0836000000000000 0.0908070000000000 0.0360620000000000
vn 0.0949796731752875 0.9866039066390092 0.1326333030884805
v 0.0415640000000000 0.0981490000000000 0.0407950000000000
vn 0.0760731988504889 0.9818426134335856 0.1737755761393429
v 0.0893370000000000 0.0842920000000000 0.0893560000000000
vn 0.1308645639450243 0.9913445326910659 -0.0105111087431835
v 0.0433070000000000 0.1003450000000000 -0.0011250000000000
vn 0.0000003192704769 0.9999999999999115 0.0000002737925766
v 0.0000000000000000 0.1031660000000000 0.0009060000000000
vn 0.2791511566577945 0.9602273335164918 -0.0061724958017964
v 0.0805980000000000 0.0925620000000000 -0.0101820000000000
vn 0.0153357883425620 0.9867259458443364 -0.1616685541269915
v 0.0050650000000000 0.1000410000000000 -0.0379210000000000
vn -0.0949789441807743 0.9866042539094745 -0.1326312419079101
v -0.0415640000000000 0.0981490000000000 -0.0389830000000000
vn -0.0087121257996287 0.9338321367828438 -0.3576054238621658
v -0.0287530000000000 0.0901090000000000 -0.0740770000000000
vn -0.0760743383132336 0.9818424944332916 -0.1737757496753079
v -0.0893370000000000 0.0842920000000000 -0.0875450000000000
vn 0.0005882558521715 0.9363335642656048 -0.3511112507236432
v 0.0174950000000000 0.0907310000000000 -0.0728930000000000
vn 0.1003823078426548 0.9857347244596838 -0.1350942088565376
v 0.0473320000000000 0.0969850000000000 -0.0418540000000000
vn -0.0011226799064207 0.9545807121426700 -0.2979503374641828
v 0.0568150000000000 0.0881270000000000 -0.0804280000000000
vn 0.1897787110590181 0.9790218447702353 -0.0741637936695714
v 0.0829750000000000 0.0905110000000000 -0.0543020000000000
vn -0.0096513327653400 0.9755770126519726 -0.2194455380291556
v 0.0898590000000000 0.0838380000000000 -0.0971750000000000
vn -0.2719495839944442 0.9612583201152898 -0.0450096186873424
v -0.0836000000000000 0.0908070000000000 -0.0342510000000000
vn -0.1308642774853404 0.9913445777288533 0.0105104274813842
v -0.0433070000000000 0.1003450000000000 0.0029360000000000
vn -0.2791512714384414 0.9602273026297604 0.0061721097426963
v -0.0805980000000000 0.0925620000000000 0.0119930000000000
vn -0.0153376109539215 0.9867256691252608 0.1616700701414229
v -0.0050650000000000 0.1000410000000000 0.0397330000000000
vn 0.0087153701267543 0.9338342343265970 0.3575998673422739
v 0.0287530000000000 0.0901090000000000 0.0758880000000000
vn -0.0005900274263066 0.9363305449960867 0.3511192993484801
v -0.0174950000000000 0.0907310000000000 0.0747050000000000
vn -0.1003788745651698 0.9857351470416533 0.1350936764907973
v -0.0473320000000000 0.0969850000000000 0.0436650000000000
vn 0.0011175816470900 0.9545806845199666 0.2979504451291420
v -0.0568150000000000 0.0881270000000000 0.0822390000000000
vn -0.1897788584413147 0.9790218048849941 0.0741639430480866
v -0.0829750000000000 0.0905110000000000 0.0561130000000000
vn 0.0096533206765540 0.9755768505144981 0.2194461713954665
v -0.0898590000000000 0.0838380000000000 0.0989870000000000
vn 0.0756184445925695 -0.9899391820310786 0.1195920846755330
v 0.0391200000000000 -0.0990690000000000 0.0406190000000000
vn 0.2318267097369481 -0.9723449296106872 0.0283145636188953
v 0.0769980000000000 -0.0935010000000000 0.0366890000000000
vn 0.0310168141711490 -0.9750051380282247 0.2200066773014742
v 0.0781360000000000 -0.0878600000000000 0.0866510000000000
vn 0.1304833638542874 -0.9907916655003727 -0.0361381700182379
v 0.0407520000000000 -0.1004330000000000 -0.0006850000000000
vn 0.2789435404621579 -0.9591854903651446 -0.0464079336688625
v 0.0796060000000000 -0.0920230000000000 -0.0088680000000000
vn -0.0000001686841255 -0.9999999999997500 0.0000006866360677
v 0.0000000000000000 -0.1031660000000000 0.0009060000000000
vn 0.1224232512149960 -0.9787627304780165 -0.1644264728964515
v 0.0448250000000000 -0.0958710000000000 -0.0410030000000000
vn 0.2271507116716182 -0.9698243276081943 -0.0885625641362714
v 0.0876020000000000 -0.0868350000000000 -0.0530050000000000
vn 0.0356625090003175 -0.9468865235829808 -0.3195842563530616
v 0.0512980000000000 -0.0862420000000000 -0.0782390000000000
vn 0.0525887438339607 -0.9887705172944588 -0.1398831231822290
v 0.1010940000000000 -0.0795130000000000 -0.0982650000000000
vn 0.0432472748213359 -0.9306628863961328 -0.3633129024757402
v 0.0075200000000000 -0.0902020000000000 -0.0725350000000000
vn 0.0367506659966198 -0.9849288913121643 -0.1690102588821040
v 0.0024350000000000 -0.0999190000000000 -0.0376850000000000
vn 0.0255704629597265 -0.9402607236498201 -0.3394936273121222
v -0.0345820000000000 -0.0907800000000000 -0.0753610000000000
vn -0.0756146380459064 -0.9899390472399283 -0.1195956072056557
v -0.0391200000000000 -0.0990690000000000 -0.0388080000000000
vn -0.0310138022751546 -0.9750050607827392 -0.2200074442296997
v -0.0781360000000000 -0.0878600000000000 -0.0848390000000000
vn -0.2318280422944830 -0.9723446390135675 -0.0283136325377475
v -0.0769980000000000 -0.0935010000000000 -0.0348770000000000
vn -0.1304833638542874 -0.9907916655003727 0.0361381700182379
v -0.0407520000000000 -0.1004330000000000 0.0024960000000000
vn -0.2789434156481914 -0.9591854859696578 0.0464087747271142
v -0.0796060000000000 -0.0920230000000000 0.0106800000000000
vn -0.1224248483446269 -0.9787628204964124 0.1644247478991610
v -0.0448250000000000 -0.0958710000000000 0.0428140000000000
vn -0.2271493535403309 -0.9698247184036488 0.0885617680463358
v -0.0876020000000000 -0.0868350000000000 0.0548170000000000
vn -0.0356615937311121 -0.9468859338194591 0.3195861058735318
v -0.0512980000000000 -0.0862420000000000 0.0800510000000000
vn -0.0525901408496271 -0.9887702899880931 0.1398842046918752
v -0.1010940000000000 -0.0795130000000000 0.1000760000000000
vn -0.0432471345686103 -0.9306624035574644 0.3633141560086086
v -0.0075200000000000 -0.0902020000000000 0.0743470000000000
vn -0.0367506044286718 -0.9849297351731763 0.1690053544886202
v -0.0024350000000000 -0.0999190000000000 0.0394960000000000
vn -0.0255795532226569 -0.9402584632799504 0.3394992027786744
v 0.0345820000000000 -0.0907800000000000 0.0771720000000000
vn -0.7955339899373233 0.5897227441814619 -0.1391141827761969
v -0.1585330000000000 0.0420820000000000 0.0313590000000000
vn -0.8621765708743425 0.4840069622504782 0.1496289448215954
v -0.1657130000000000 0.0311610000000000 -0.0306980000000000
vn -0.9999863552596272 0.0033502752740893 0.0040081105467114
v -0.1727650000000000 0.0001570000000000 -0.0010460000000000
vn -0.6677466769424656 0.7443441416963328 -0.0081347498206391
v -0.1391310000000000 0.0605350000000000 0.0019800000000000
vn -0.6773557010054336 0.7158585390513387 0.1695163897171033
v -0.1512010000000000 0.0554990000000000 -0.0519890000000000
vn -0.5674319009978066 0.8116482817599300 -0.1387375379851052
v -0.1368080000000000 0.0685220000000000 0.0558270000000000
vn -0.4842448401701541 0.8746502151480663 0.0222246689519380
v -0.1153280000000000 0.0779760000000000 -0.0193310000000000
vn -0.4246593299742981 0.9014371577561194 0.0841160156114708
v -0.1278710000000000 0.0745230000000000 -0.0695770000000000
vn -0.4395757569422750 0.8972854464660480 -0.0406445749006049
v -0.1109620000000000 0.0811570000000000 0.0297100000000000
vn -0.2841337769586974 0.9586356328477437 -0.0169032608035067
v -0.1131420000000000 0.0825780000000000 0.0778500000000000
vn -0.7980388797124589 -0.5851933038768637 0.1438149629383685
v -0.1590230000000000 -0.0417300000000000 -0.0328850000000000
vn -0.8642256569091754 -0.4818535672853263 -0.1446760299230995
v -0.1657470000000000 -0.0308650000000000 0.0291860000000000
vn -0.6667927574628306 -0.7452083602454144 0.0072054434600190
v -0.1394570000000000 -0.0601660000000000 -0.0008490000000000
vn -0.6721305090707308 -0.7205607804014209 -0.1703899660297384
v -0.1519580000000000 -0.0548790000000000 0.0529190000000000
vn -0.5746193300335213 -0.8065607890757978 0.1388247783259665
v -0.1367960000000000 -0.0684160000000000 -0.0548370000000000
vn -0.4662691353135642 -0.8844740891189840 -0.0172823358110100
v -0.1164650000000000 -0.0768880000000000 0.0273410000000000
vn -0.4043768633082075 -0.9102869141217814 -0.0886402075790643
v -0.1312450000000000 -0.0725920000000000 0.0756550000000000
vn -0.4485946152250740 -0.8925987333414928 0.0450596541068688
v -0.1099470000000000 -0.0813410000000000 -0.0215700000000000
vn -0.3040482577797162 -0.9524503794691837 0.0198225021157156
v -0.1102730000000000 -0.0837350000000000 -0.0713480000000000
vn 0.7955339111930098 0.5897228867574030 0.1391140286831913
v 0.1585330000000000 0.0420820000000000 -0.0295480000000000
vn 0.8621756943984846 0.4840086040676082 -0.1496286843389865
v 0.1657130000000000 0.0311610000000000 0.0325100000000000
vn 0.9999863588292197 0.0033497245658386 -0.0040076802282651
v 0.1727650000000000 0.0001570000000000 0.0028570000000000
vn 0.6677461033045061 0.7443446659812962 0.0081338642009916
v 0.1391310000000000 0.0605350000000000 -0.0001680000000000
vn 0.6773568440702947 0.7158568539808177 -0.1695189381745197
v 0.1512010000000000 0.0554990000000000 0.0538010000000000
vn 0.5674295869388783 0.8116496863902374 0.1387387849485613
v 0.1368080000000000 0.0685220000000000 -0.0540160000000000
vn 0.4842446772066532 0.8746502857562501 -0.0222254409075297
v 0.1153280000000000 0.0779760000000000 0.0211430000000000
vn 0.4246592914412118 0.9014372154169168 -0.0841155922171562
v 0.1278710000000000 0.0745230000000000 0.0713890000000000
vn 0.4395761284969736 0.8972852581810515 0.0406447131442203
v 0.1109620000000000 0.0811570000000000 -0.0278990000000000
vn 0.2841357250375568 0.9586350462295418 0.0169037835370122
v 0.1131420000000000 0.0825780000000000 -0.0760380000000000
vn 0.7980388797124589 -0.5851933038768637 -0.1438149629383685
v 0.1590230000000000 -0.0417300000000000 0.0346960000000000
vn 0.8642277837999249 -0.4818492581854744 0.1446776765585421
v 0.1657470000000000 -0.0308650000000000 -0.0273740000000000
vn 0.6667925339384639 -0.7452085534708242 -0.0072061444506753
v 0.1394570000000000 -0.0601660000000000 0.0026610000000000
vn 0.6721287502194045 -0.7205628510345856 0.1703881475848914
v 0.1519580000000000 -0.0548790000000000 -0.0511080000000000
vn 0.5746188561679475 -0.8065607864403905 -0.1388267550326605
v 0.1367960000000000 -0.0684160000000000 0.0566490000000000
vn 0.4662699331207319 -0.8844736746120477 0.0172820249348758
v 0.1164650000000000 -0.0768880000000000 -0.0255290000000000
vn 0.4043778791283477 -0.9102862524752046 0.0886423681221767
v 0.1312450000000000 -0.0725920000000000 -0.0738440000000000
vn 0.4485942964492420 -0.8925988915343381 -0.0450596940167200
v 0.1099470000000000 -0.0813410000000000 0.0233820000000000
vn 0.3040488156505717 -0.9524502012976184 -0.0198225061385078
v 0.1102730000000000 -0.0837350000000000 0.0731590000000000
vn 0.9252287088479743 0.3727389035512103 0.0708346391460555
v 0.2336390000000000 0.0292460000000000 -0.2530440000000000
vn 0.9650101471089930 0.0478199974366852 0.2578151737618151
v 0.2302010000000000 0.0008160000000000 -0.1986080000000000
vn 0.9983113578359368 0.0413851349769011 0.0407639965988585
v 0.2402510000000000 0.0005880000000000 -0.2590630000000000
vn 0.8907507508767751 0.3780410233238882 0.2522857199618889
v 0.2221580000000000 0.0291980000000000 -0.1935060000000000
vn 0.9385834372068662 0.0185431334554039 0.3445537455936294
v 0.2097770000000000 0.0008400000000000 -0.1375170000000000
vn 0.7473780001246544 0.6592695826406622 0.0823998928062353
v 0.2182620000000000 0.0535510000000000 -0.2477630000000000
vn 0.8599849610245800 0.3965640507906296 0.3211896954014535
v 0.2015630000000000 0.0292850000000000 -0.1334540000000000
vn 0.9567964306738078 -0.0214130254702885 0.2899690890251408
v 0.1871950000000000 0.0005780000000000 -0.0741360000000000
vn 0.8305565988773672 0.4811780632188690 0.2804343194728461
v 0.1788040000000000 0.0313340000000000 -0.0750170000000000
vn 0.6736258003337138 0.6886541431726387 0.2682978796336685
v 0.1853820000000000 0.0542450000000000 -0.1376840000000000
vn 0.7153502518206053 0.6633462558721006 0.2196491794673089
v 0.2060580000000000 0.0533870000000000 -0.1918550000000000
vn 0.4272895143279642 0.8936103562586388 0.1374198025492720
v 0.1848670000000000 0.0698010000000000 -0.1936680000000000
vn 0.4433513115862863 0.8940360332897588 0.0643365035903634
v 0.1970510000000000 0.0698500000000000 -0.2438370000000000
vn -0.0092348847162691 0.9999219499452652 0.0084149225745432
v 0.1732610000000000 0.0754890000000000 -0.2415140000000000
vn -0.0130978043435251 0.9910366684171650 -0.1329464906418557
v 0.1182420000000000 0.0796700000000000 -0.1231690000000000
vn 0.3587805645019913 0.9273138722732486 0.1066090466387615
v 0.1401260000000000 0.0755960000000000 -0.1070900000000000
vn -0.0110639779185595 0.9980405607811181 -0.0615843115438387
v 0.1425770000000000 0.0767800000000000 -0.1572960000000000
vn 0.4020566295429459 0.9030024305996918 0.1514499157200661
v 0.1646400000000000 0.0713150000000000 -0.1469690000000000
vn -0.0103038814605684 0.9998305024214968 -0.0152576687086821
v 0.1617500000000000 0.0755090000000000 -0.1976040000000000
vn 0.6310681580162193 0.7390790382543659 0.2356165426089977
v 0.1613190000000000 0.0587290000000000 -0.0903720000000000
vn 0.4625887096578175 -0.8862447041151632 -0.0241248860088992
v 0.2032660000000000 -0.0699450000000000 -0.2706930000000000
vn 0.0086301548880477 -0.9999431277861847 0.0062659093346683
v 0.1769370000000000 -0.0757290000000000 -0.2251320000000000
vn 0.0063633940477675 -0.9999753975458655 0.0029515282788938
v 0.1793710000000000 -0.0760570000000000 -0.2708990000000000
vn 0.4674176461759538 -0.8774907571971822 0.1073811672354457
v 0.1991300000000000 -0.0695490000000000 -0.2191840000000000
vn 0.0067336681250965 -0.9999767056137494 0.0011162183718549
v 0.1619150000000000 -0.0755110000000000 -0.1810160000000000
vn 0.7807261250448279 -0.6245484371560812 -0.0201486306826081
v 0.2233810000000000 -0.0530840000000000 -0.2686130000000000
vn 0.4326012629523406 -0.8793640326947344 0.1989347764843894
v 0.1815170000000000 -0.0693600000000000 -0.1693190000000000
vn 0.0058250891302557 -0.9994411567157737 -0.0329156892569620
v 0.1362080000000000 -0.0759540000000000 -0.1396220000000000
vn 0.3802164035504536 -0.9056576038834011 0.1876693661718266
v 0.1552360000000000 -0.0700290000000000 -0.1214540000000000
vn 0.7131972707957382 -0.6304259057169460 0.3064520033063556
v 0.1981710000000000 -0.0523520000000000 -0.1579550000000000
vn 0.7706050301716092 -0.6088641316281481 0.1882879621508355
v 0.2172740000000000 -0.0526230000000000 -0.2124840000000000
vn 0.9264668073090455 -0.2921513128814881 0.2372906768842944
v 0.2284070000000000 -0.0278440000000000 -0.2054510000000000
vn 0.9525014420011765 -0.3044819939468932 0.0056319044561900
v 0.2365330000000000 -0.0282720000000000 -0.2645990000000000
vn 0.8575735851329446 -0.4068156391466067 0.3147516192618655
v 0.1846490000000000 -0.0280680000000000 -0.0881630000000000
vn 0.8779533468200683 -0.3308726350027742 0.3460075435792721
v 0.2084400000000000 -0.0276040000000000 -0.1470350000000000
vn 0.6681729885427533 -0.6862750051499636 0.2873525268520583
v 0.1734670000000000 -0.0527720000000000 -0.1045760000000000
vn -0.9238727620447492 -0.3811131294102030 0.0348123849077898
v 0.1183350000000000 -0.0292700000000000 -0.2603860000000000
vn -0.9580368962795234 -0.0355475711385709 -0.2844321985170565
v 0.1065330000000000 -0.0009360000000000 -0.2247420000000000
vn -0.9992846553513594 -0.0231496350128476 -0.0299043805835667
v 0.1111850000000000 -0.0005700000000000 -0.2536400000000000
vn -0.8971713339859765 -0.3904702466127317 -0.2064378453288448
v 0.1155960000000000 -0.0294620000000000 -0.2296460000000000
vn -0.8504726837851079 -0.0334147613898622 -0.5249568247547740
v 0.0946960000000000 -0.0012020000000000 -0.1982660000000000
vn -0.7353971368427958 -0.6748597230792505 0.0612813616755993
v 0.1335240000000000 -0.0537650000000000 -0.2658530000000000
vn -0.8106294269526078 -0.3907819783073273 -0.4360841404920598
v 0.1049350000000000 -0.0295230000000000 -0.2010470000000000
vn -0.6840583566992033 -0.0259307307447397 -0.7289662281841520
v 0.0764050000000000 -0.0012840000000000 -0.1759850000000000
vn -0.6722945895325463 -0.3909720842825342 -0.6286181783857639
v 0.0871120000000000 -0.0293770000000000 -0.1763010000000000
vn -0.4787039434382673 -0.0248779008627833 -0.8776238514223013
v 0.0530200000000000 -0.0011220000000000 -0.1591290000000000
vn -0.6622159656117954 -0.6775481551778458 -0.3199976754664560
v 0.1212000000000000 -0.0535490000000000 -0.1988660000000000
vn -0.7218900024600168 -0.6789727411573816 -0.1336818653127959
v 0.1319310000000000 -0.0537320000000000 -0.2313810000000000
vn -0.4287544118899846 -0.9005048331529147 -0.0725306814604313
v 0.1534940000000000 -0.0700490000000000 -0.2296360000000000
vn -0.4322439514953511 -0.9007000872659979 0.0436407973656333
v 0.1549970000000000 -0.0702690000000000 -0.2693680000000000
vn -0.2507487062322860 -0.8901424393813155 -0.3804885332504984
v 0.0892440000000000 -0.0701960000000000 -0.1279570000000000
vn -0.3441743287670938 -0.8941457031717132 -0.2864393354923224
v 0.1191780000000000 -0.0696340000000000 -0.1571220000000000
vn -0.4212577821340144 -0.6811708075318337 -0.5987889544388414
v 0.0763900000000000 -0.0529630000000000 -0.1464720000000000
vn -0.4002622379145381 -0.8970733407083485 -0.1872152832703806
v 0.1412070000000000 -0.0697590000000000 -0.1916610000000000
vn -0.5607059641912091 -0.6780508940854839 -0.4752428923721871
v 0.1021570000000000 -0.0532550000000000 -0.1699860000000000
vn -0.4951518257647193 -0.3956846981817321 -0.7734715825850983
v 0.0635450000000000 -0.0290080000000000 -0.1567810000000000
vn -0.4627117371741380 0.8845663996656989 -0.0586526458376297
v 0.1498970000000000 0.0694010000000000 -0.2410260000000000
vn -0.4478010758438485 0.8763715968013072 -0.1773330786768753
v 0.1395210000000000 0.0692590000000000 -0.2027970000000000
vn -0.7649714525106498 0.6370399594317528 -0.0948618307378536
v 0.1299390000000000 0.0527030000000000 -0.2428810000000000
vn -0.4003573335584736 0.8701309181645372 -0.2873781319448092
v 0.1217290000000000 0.0698720000000000 -0.1680100000000000
vn -0.3164931028396002 0.8649044082336740 -0.3895798768839587
v 0.0981890000000000 0.0713670000000000 -0.1390810000000000
vn -0.6390129040386896 0.6268779084201495 -0.4457427468919927
v 0.1050900000000000 0.0524310000000000 -0.1792340000000000
vn -0.7281781185170463 0.6255664558943156 -0.2800414915200957
v 0.1210970000000000 0.0523570000000000 -0.2094530000000000
vn -0.8924242691083122 0.3217295189700492 -0.3163369098442285
v 0.1096380000000000 0.0277110000000000 -0.2171400000000000
vn -0.9387779552614596 0.3338619276288999 -0.0850421307060692
v 0.1165240000000000 0.0281190000000000 -0.2473460000000000
vn -0.4048204208001815 0.3487540100686463 -0.8452757345175611
v 0.0503310000000000 0.0276260000000000 -0.1509470000000000
vn -0.6127145772948431 0.3412740172380031 -0.7128203784465178
v 0.0756310000000000 0.0274810000000000 -0.1673750000000000
vn -0.3195170887787330 0.6399607774701545 -0.6988268979355037
v 0.0556830000000000 0.0536090000000000 -0.1366370000000000
vn -0.7830926223999454 0.3257177494868478 -0.5297866480121972
v 0.0957430000000000 0.0274830000000000 -0.1898520000000000
vn -0.4958303571433723 0.6378554034058354 -0.5893154853565746
v 0.0830170000000000 0.0529290000000000 -0.1544830000000000
vn -0.2070744401073184 0.8522575334967141 -0.4803928318078214
v 0.0696210000000000 0.0733860000000000 -0.1178590000000000
vn -0.2457726932813616 -0.0208242510258221 -0.9691037786565685
v 0.0262580000000000 -0.0006970000000000 -0.1486650000000000
vn -0.2796107665825879 -0.3880395467396628 -0.8782044917769292
v 0.0360120000000000 -0.0285020000000000 -0.1439620000000000
vn 0.0068520682032939 -0.0030799550012197 -0.9999717811211113
v -0.0020900000000000 -0.0000920000000000 -0.1452390000000000
vn -0.0378357087123821 -0.3595841483662549 -0.9323452683367610
v 0.0061850000000000 -0.0280310000000000 -0.1388400000000000
vn 0.2606765648242388 0.0176879805965924 -0.9652641420325573
v -0.0302800000000000 0.0005950000000000 -0.1490520000000000
vn 0.1971108620714005 -0.3368628658582147 -0.9206903484121357
v -0.0241470000000000 -0.0276610000000000 -0.1415410000000000
vn 0.4947919286103278 0.0281030628647352 -0.8685569441548970
v -0.0566050000000000 0.0012190000000000 -0.1598640000000000
vn -0.0321989318178202 -0.6271868340032837 -0.7782029966806405
v 0.0117780000000000 -0.0533260000000000 -0.1243500000000000
vn -0.2355789479016181 -0.6621439296495575 -0.7113845484221656
v 0.0456760000000000 -0.0529290000000000 -0.1307830000000000
vn -0.1087902276751440 -0.8510064145156019 -0.5137633393068154
v 0.0524680000000000 -0.0720820000000000 -0.1089260000000000
vn 0.1880778826112966 -0.8408694944230276 -0.5075088210279830
v -0.0639440000000000 -0.0745550000000000 -0.1148980000000000
vn 0.1011121586638715 -0.8139766422581012 -0.5720300317540673
v -0.0272110000000000 -0.0753540000000000 -0.1041960000000000
vn 0.3161297683628453 -0.6231635486448802 -0.7153524733969779
v -0.0554910000000000 -0.0535410000000000 -0.1364910000000000
vn 0.0091847951120566 -0.8160123685081948 -0.5779614640963492
v 0.0121510000000000 -0.0743860000000000 -0.1018750000000000
vn 0.1452214276820234 -0.6151303237353950 -0.7749357533132557
v -0.0229060000000000 -0.0537060000000000 -0.1265290000000000
vn 0.4156193111708043 -0.3336581319302031 -0.8461281458377056
v -0.0529610000000000 -0.0273420000000000 -0.1515300000000000
vn -0.1006693156261583 0.8295205177407557 -0.5493281346685873
v 0.0358200000000000 0.0751260000000000 -0.1051960000000000
vn -0.0085447167599276 0.8123684549190817 -0.5830818821296684
v -0.0034960000000000 0.0754320000000000 -0.1010990000000000
vn 0.0983625501068104 0.8339524349547395 -0.5429992126785692
v -0.0466390000000000 0.0740010000000000 -0.1063580000000000
vn 0.0307269700288513 0.6266920279849114 -0.7786610015745009
v -0.0117240000000000 0.0538950000000000 -0.1239410000000000
vn -0.1441551704741021 0.6279007043874385 -0.7648267727108807
v 0.0235850000000000 0.0540270000000000 -0.1263740000000000
vn -0.1855209134845957 0.3474200086629471 -0.9191742643484309
v 0.0212340000000000 0.0278190000000000 -0.1412930000000000
vn 0.5092441838833900 0.3867246148032938 -0.7688396669567615
v -0.0668270000000000 0.0289930000000000 -0.1577400000000000
vn 0.2920590861738462 0.3813940181892009 -0.8770633346986941
v -0.0394690000000000 0.0284980000000000 -0.1445060000000000
vn 0.4324573620116062 0.6620434806506090 -0.6121103330037726
v -0.0782800000000000 0.0533290000000000 -0.1468880000000000
vn 0.0479522520140922 0.3602623287726670 -0.9316177520818674
v -0.0094700000000000 0.0280900000000000 -0.1389610000000000
vn 0.2386253347751935 0.6492925922165586 -0.7221336990448020
v -0.0467250000000000 0.0535660000000000 -0.1304590000000000
vn 0.2610948762856613 0.8679206847457509 -0.4225436670544738
v -0.0871590000000000 0.0717810000000000 -0.1258890000000000
vn -0.9542072824454162 0.0258418871170093 0.2980279500287948
v -0.1877490000000000 -0.0003420000000000 -0.0775140000000000
vn -0.8535987600104936 0.4106323572242490 0.3205467580697152
v -0.1850020000000000 0.0282980000000000 -0.0910320000000000
vn -0.9362142864064223 -0.0178322932025662 0.3509769497383710
v -0.2105810000000000 -0.0007140000000000 -0.1399460000000000
vn -0.8738213379112889 0.3351327494381675 0.3523099624832368
v -0.2091500000000000 0.0277370000000000 -0.1492750000000000
vn -0.9643327331437478 -0.0515127667686593 0.2596320755364160
v -0.2309930000000000 -0.0007440000000000 -0.2001060000000000
vn -0.9257153887337145 0.2918670344661272 0.2405507290646541
v -0.2293210000000000 0.0278810000000000 -0.2070360000000000
vn -0.9980830889976808 -0.0491904685704503 0.0375558951253588
v -0.2408710000000000 -0.0004890000000000 -0.2598470000000000
vn -0.7103627618832309 0.6305682990910894 0.3126793352797703
v -0.1982720000000000 0.0527580000000000 -0.1594160000000000
vn -0.6690603279569332 0.6843451951806466 0.2898791668735852
v -0.1727190000000000 0.0534580000000000 -0.1057890000000000
vn -0.3950573017126426 0.8992141487445833 0.1879990506919667
v -0.1523650000000000 0.0716190000000000 -0.1200300000000000
vn -0.4609828779837871 0.8870086038062167 -0.0266556369185002
v -0.2040190000000000 0.0700040000000000 -0.2715710000000000
vn -0.0078288266247830 0.9999579782272203 0.0047698273982420
v -0.1779030000000000 0.0757730000000000 -0.2262690000000000
vn -0.0091413874426973 0.9999433586531515 0.0054511027395488
v -0.1798970000000000 0.0761820000000000 -0.2715320000000000
vn -0.4684049783216302 0.8770077992047457 0.1070238123856641
v -0.2000510000000000 0.0696150000000000 -0.2204510000000000
vn -0.0008165172479135 0.9998438423328019 -0.0176528821658970
v -0.1623560000000000 0.0758860000000000 -0.1817970000000000
vn -0.7805532915403760 0.6246326447046215 -0.0238876167667397
v -0.2242580000000000 0.0531120000000000 -0.2696620000000000
vn -0.4378170379534546 0.8768278891563445 0.1987186304182189
v -0.1812750000000000 0.0699510000000000 -0.1700100000000000
vn -0.0036561064177792 0.9975229034002429 -0.0702473492582580
v -0.1337910000000000 0.0775200000000000 -0.1379390000000000
vn -0.7702667361030761 0.6081355014420946 0.1919905391910917
v -0.2181580000000000 0.0526890000000000 -0.2139640000000000
vn -0.9538517879323489 0.3002706015925395 0.0020814604286190
v -0.2373490000000000 0.0283140000000000 -0.2656040000000000
vn -0.0097622607840900 -0.9900201767782059 -0.1405871538812619
v -0.1162690000000000 -0.0805710000000000 -0.1213090000000000
vn -0.3727410263005638 -0.9216337319015300 0.1079601386330221
v -0.1401800000000000 -0.0756210000000000 -0.1081830000000000
vn -0.0022018699560182 -0.9976092285327995 -0.0690722731266988
v -0.1433460000000000 -0.0765380000000000 -0.1587390000000000
vn -0.4075327248218610 -0.9003907923726187 0.1523597690004715
v -0.1657940000000000 -0.0708080000000000 -0.1492730000000000
vn 0.0098182098461130 -0.9998038143390438 -0.0172027785115238
v -0.1629540000000000 -0.0749080000000000 -0.1993220000000000
vn -0.4275292811311099 -0.8934970174778055 0.1374110386169263
v -0.1858210000000000 -0.0692520000000000 -0.1952690000000000
vn 0.0122252178155632 -0.9998674454436111 0.0107533990640026
v -0.1739350000000000 -0.0749370000000000 -0.2424030000000000
vn -0.6741887990519255 -0.6867154589423244 0.2718296188470917
v -0.1864230000000000 -0.0537260000000000 -0.1401540000000000
vn -0.6344883106231306 -0.7348636142140679 0.2395830799260313
v -0.1622360000000000 -0.0583000000000000 -0.0932640000000000
vn -0.8308589791612528 -0.4765678106231512 0.2873264321724980
v -0.1795760000000000 -0.0309390000000000 -0.0784000000000000
vn -0.9228624060942922 -0.3790915436853912 0.0679307067833152
v -0.2340510000000000 -0.0290530000000000 -0.2536130000000000
vn -0.8892284223579165 -0.3811390357667676 0.2529937712387987
v -0.2228170000000000 -0.0289780000000000 -0.1948520000000000
vn -0.7450841921538216 -0.6621657560569716 0.0799128156679915
v -0.2185780000000000 -0.0532280000000000 -0.2482360000000000
vn -0.8585337447713197 -0.3954639248552771 0.3263864170381394
v -0.2023740000000000 -0.0289690000000000 -0.1358610000000000
vn -0.7145181956055868 -0.6641866438845435 0.2198177659651806
v -0.2067630000000000 -0.0529820000000000 -0.1932340000000000
vn -0.4420071360979301 -0.8947941668875280 0.0630324562631079
v -0.1974760000000000 -0.0693840000000000 -0.2444520000000000
vn 0.6988382782391515 0.0324058335709816 -0.7145452559623554
v -0.0793710000000000 0.0016130000000000 -0.1769840000000000
vn 0.6215582209932351 -0.3293412919886544 -0.7107740086039787
v -0.0780990000000000 -0.0270840000000000 -0.1682330000000000
vn 0.8611402914538870 0.0366125256170510 -0.5070472575634891
v -0.0969370000000000 0.0017170000000000 -0.1993680000000000
vn 0.7926365855860714 -0.3159501403072998 -0.5214429518463666
v -0.0979140000000000 -0.0269720000000000 -0.1909380000000000
vn 0.9635219501949037 0.0334322452858445 -0.2655329291589963
v -0.1080720000000000 0.0015220000000000 -0.2257080000000000
vn 0.8984675320943610 -0.3172893052353085 -0.3034527814266394
v -0.1113490000000000 -0.0271040000000000 -0.2183630000000000
vn 0.9997678904683850 0.0188179170928291 -0.0104905283319136
v -0.1120960000000000 0.0011210000000000 -0.2543350000000000
vn 0.6492666800482930 -0.6099127928431616 -0.4543777759808705
v -0.1065430000000000 -0.0521870000000000 -0.1799160000000000
vn 0.4998797493978536 -0.6194459491701653 -0.6053155806673178
v -0.0838110000000000 -0.0529360000000000 -0.1543410000000000
vn 0.3156810680337160 -0.8536749896629249 -0.4142275646418251
v -0.0963360000000000 -0.0722690000000000 -0.1368680000000000
vn 0.4681538841237285 -0.8821861810632363 -0.0507886081806689
v -0.1508500000000000 -0.0687840000000000 -0.2421440000000000
vn 0.4491088338699279 -0.8744960493498533 -0.1831881956117606
v -0.1408860000000000 -0.0686790000000000 -0.2043770000000000
vn 0.7685118569082696 -0.6345681316224082 -0.0819317528230016
v -0.1310930000000000 -0.0520600000000000 -0.2440430000000000
vn 0.3990979167808036 -0.8644235448397801 -0.3057659038347006
v -0.1223980000000000 -0.0698160000000000 -0.1686040000000000
vn 0.7337175421729946 -0.6190125800882975 -0.2801463795947558
v -0.1226850000000000 -0.0517990000000000 -0.2108130000000000
vn 0.9400243729380567 -0.3344844114271416 -0.0668906330860445
v -0.1176420000000000 -0.0275130000000000 -0.2483340000000000
vn 0.3603672157584076 0.8755567010053663 -0.3217700003591581
v -0.1196760000000000 0.0702250000000000 -0.1573720000000000
vn 0.4101991526065912 0.8904876523735054 -0.1968969176273657
v -0.1425280000000000 0.0698530000000000 -0.1928350000000000
vn 0.4271319368535869 0.9019120567561729 -0.0641322882606982
v -0.1544450000000000 0.0701220000000000 -0.2305570000000000
vn 0.6696302967072879 0.6751965288024295 -0.3093621069634408
v -0.1228860000000000 0.0536240000000000 -0.1999910000000000
vn 0.5732089642610070 0.6637419254101449 -0.4804978040986839
v -0.1042980000000000 0.0533240000000000 -0.1711180000000000
vn 0.6854784205390413 0.3864891168420918 -0.6170457823678249
v -0.0898180000000000 0.0294690000000000 -0.1773990000000000
vn 0.9252888091677803 0.3760254369717658 0.0494518996507075
v -0.1189280000000000 0.0297290000000000 -0.2608100000000000
vn 0.9021914613086331 0.3882399426972118 -0.1879369948580075
v -0.1167670000000000 0.0298880000000000 -0.2303610000000000
vn 0.7339701660100032 0.6753184205575262 0.0723382766102203
v -0.1338720000000000 0.0540930000000000 -0.2661600000000000
vn 0.8203616594739023 0.3908405101017857 -0.4174331603126434
v -0.1068640000000000 0.0298050000000000 -0.2020000000000000
vn 0.7225161475439223 0.6813240494932312 -0.1173369341700819
v -0.1328630000000000 0.0539690000000000 -0.2320720000000000
vn 0.4264285533032890 0.9030475174752480 0.0516126932978275
v -0.1553540000000000 0.0704770000000000 -0.2697550000000000
vn -0.9694085141405225 -0.0257646144375348 -0.2440969425346199
v -0.2346560000000000 -0.0001680000000000 -0.3195490000000000
vn -0.9079212274706817 0.3242358029131143 -0.2656128551433811
v -0.2287940000000000 0.0287810000000000 -0.3242420000000000
vn -0.8666563350019254 -0.0086171348834679 -0.4988311758375080
v -0.2114150000000000 0.0000720000000000 -0.3765800000000000
vn -0.8008364248435687 0.3368567915337356 -0.4951651468362535
v -0.2037880000000000 0.0290860000000000 -0.3797510000000000
vn -0.7085918732015377 -0.0037787890955549 -0.7056084452341166
v -0.1730210000000000 0.0001840000000000 -0.4266460000000000
vn -0.6459850198890288 0.3415767301426510 -0.6826629413583439
v -0.1645440000000000 0.0292090000000000 -0.4279240000000000
vn -0.5015439174729572 -0.0035859514605510 -0.8651247538927562
v -0.1225720000000000 0.0002030000000000 -0.4656170000000000
vn -0.6363340750006677 0.6482627040111995 -0.4181320504112695
v -0.1886850000000000 0.0538910000000000 -0.3770260000000000
vn -0.7287109918662676 0.6418606910722131 -0.2387365568772019
v -0.2140070000000000 0.0535900000000000 -0.3250750000000000
vn -0.4252301287370235 0.8925883163971170 -0.1498847392020096
v -0.1930300000000000 0.0704180000000000 -0.3221170000000000
vn -0.1913393338183725 0.8947412646730428 -0.4035186843570264
v -0.0885640000000000 0.0707050000000000 -0.4378050000000000
vn 0.0022934695459082 0.9999970937747312 -0.0007432627619175
v -0.1151710000000000 0.0766530000000000 -0.3920280000000000
vn 0.0027228863572077 0.9999962887508962 -0.0000915113098711
v -0.0754460000000000 0.0766550000000000 -0.4171380000000000
vn -0.2902879446483121 0.8943084701943714 -0.3405073704495421
v -0.1331930000000000 0.0707000000000000 -0.4087270000000000
vn 0.0003452265304200 0.9999994552103267 -0.0009850876571844
v -0.1470760000000000 0.0766160000000000 -0.3575800000000000
vn -0.3425851742945604 0.6500549057517814 -0.6782801912643538
v -0.1019800000000000 0.0539910000000000 -0.4545400000000000
vn -0.3686930836962747 0.8941883152300026 -0.2539540646271707
v -0.1688080000000000 0.0706470000000000 -0.3690540000000000
vn -0.0042862434338966 0.9999905829427663 0.0006798110118955
v -0.1691710000000000 0.0764910000000000 -0.3162870000000000
vn -0.5066292126732054 0.6501146975438100 -0.5662841344269224
v -0.1504460000000000 0.0539840000000000 -0.4213330000000000
vn -0.4449224309736537 0.3455703849871480 -0.8262113164538044
v -0.1139730000000000 0.0292240000000000 -0.4645900000000000
vn 0.0055526332834605 -0.9998376963471589 0.0171391139451843
v -0.1741630000000000 -0.0755310000000000 -0.2866270000000000
vn -0.4389554831320284 -0.8968968073160407 -0.0537977774133901
v -0.1971490000000000 -0.0698770000000000 -0.2944670000000000
vn -0.0007773629225327 -0.9999333948686361 0.0115152739164495
v -0.1622280000000000 -0.0760450000000000 -0.3296290000000000
vn -0.4062906786972165 -0.8959050883983708 -0.1796718035353980
v -0.1828410000000000 -0.0702120000000000 -0.3428840000000000
vn -0.0029857278267456 -0.9999852527445364 0.0045364879356347
v -0.1383170000000000 -0.0762850000000000 -0.3685860000000000
vn -0.3438219376238610 -0.8938753565843011 -0.2877035316082556
v -0.1548890000000000 -0.0703400000000000 -0.3866270000000000
vn -0.0029946420500890 -0.9999947793243320 0.0012138546339959
v -0.1042170000000000 -0.0763640000000000 -0.4005720000000000
vn -0.6800992178674282 -0.6537125074807859 -0.3318508873263653
v -0.1997270000000000 -0.0535960000000000 -0.3562620000000000
vn -0.7404839561276576 -0.6605662917247619 -0.1238373326365277
v -0.2169630000000000 -0.0534830000000000 -0.3032430000000000
vn -0.9112758184224835 -0.3651462831545544 -0.1903800794643357
v -0.2303830000000000 -0.0289930000000000 -0.3120230000000000
vn -0.4952527990058141 -0.3436083358239566 -0.7979085014142897
v -0.1258830000000000 -0.0288270000000000 -0.4575320000000000
vn -0.6843822689146877 -0.3451780283307586 -0.6422406392878562
v -0.1740870000000000 -0.0288420000000000 -0.4180590000000000
vn -0.4186990866412835 -0.6498549324179562 -0.6343340142683573
v -0.1232980000000000 -0.0536290000000000 -0.4421420000000000
vn -0.8270675553194613 -0.3508198967236717 -0.4391863602170291
v -0.2099320000000000 -0.0289040000000000 -0.3681250000000000
vn -0.5688402251491744 -0.6497511379948099 -0.5042263945160805
v -0.1675780000000000 -0.0536290000000000 -0.4038260000000000
vn -0.2566882228230168 -0.8930840988958716 -0.3694752340324182
v -0.1155320000000000 -0.0703790000000000 -0.4221570000000000
vn 0.9688228580244880 0.0050874869654198 0.2477022148581628
v -0.1086260000000000 0.0006870000000000 -0.2831600000000000
vn 0.9199836438275900 -0.3471234872310696 0.1820312602336521
v -0.1160420000000000 -0.0280680000000000 -0.2786210000000000
vn 0.8684849339760475 0.0026804768779908 0.4957083159483278
v -0.0977740000000000 0.0003390000000000 -0.3100620000000000
vn 0.8364109391955296 -0.3512835613884303 0.4207334076256757
v -0.1064400000000000 -0.0285520000000000 -0.3073520000000000
vn 0.7064980987481859 0.0040687678632521 0.7077032440177686
v -0.0800170000000000 0.0001400000000000 -0.3332210000000000
vn 0.6968063780903695 -0.3547622349877570 0.6233816071068126
v -0.0892510000000000 -0.0288370000000000 -0.3327870000000000
vn 0.5017741172760357 0.0005951351404684 0.8649984861524440
v -0.0565970000000000 0.0000820000000000 -0.3511990000000000
vn 0.6861953651494757 -0.6541792436446388 0.3180965860110829
v -0.1213230000000000 -0.0532540000000000 -0.3100260000000000
vn 0.7527279545377878 -0.6463268698388391 0.1251487266482821
v -0.1307300000000000 -0.0526880000000000 -0.2776680000000000
vn 0.4515089349696110 -0.8890104027705089 0.0761589483148574
v -0.1510610000000000 -0.0694110000000000 -0.2805940000000000
vn 0.2576355108256650 -0.8968545638835281 0.3595494886700374
v -0.0910990000000000 -0.0704110000000000 -0.3798240000000000
vn 0.3418803804403772 -0.8960510141619767 0.2832143807952478
v -0.1203550000000000 -0.0703180000000000 -0.3519590000000000
vn 0.4339200301254054 -0.6610865401972557 0.6121094622908467
v -0.0776920000000000 -0.0536970000000000 -0.3631280000000000
vn 0.4069943589333969 -0.8937399310116013 0.1886386161732836
v -0.1408340000000000 -0.0700020000000000 -0.3180370000000000
vn 0.5772441297183519 -0.6591637166754949 0.4819672284753913
v -0.1032300000000000 -0.0535970000000000 -0.3392420000000000
vn 0.5142098862317647 -0.3588780525184390 0.7789703051606576
v -0.0657140000000000 -0.0289300000000000 -0.3532450000000000
vn 0.4073620333112459 0.8996483754943231 0.1571272550735644
v -0.1456960000000000 0.0706340000000000 -0.3086980000000000
vn 0.3607775962489828 0.8967048491756257 0.2564370088534894
v -0.1263760000000000 0.0706710000000000 -0.3444370000000000
vn 0.2852986778435600 0.8951623089584220 0.3424749699480871
v -0.0986130000000000 0.0706660000000000 -0.3741340000000000
vn 0.6177231349723252 0.6597540544526882 0.4279517684893961
v -0.1096850000000000 0.0539710000000000 -0.3311010000000000
vn 0.7005770527150947 0.6660045757766425 0.2561829390369422
v -0.1259620000000000 0.0540550000000000 -0.3000590000000000
vn 0.8877105644023167 0.3624758993058997 0.2838682375168092
v -0.1131620000000000 0.0294780000000000 -0.2912130000000000
vn 0.4201484637206106 0.3601289998790876 0.8329359950676276
v -0.0538360000000000 0.0291070000000000 -0.3601880000000000
vn 0.6224975129493826 0.3599091183705308 0.6949548711143626
v -0.0796650000000000 0.0291350000000000 -0.3426920000000000
vn 0.3146686724824429 0.6613860850495734 0.6808465855542902
v -0.0564110000000000 0.0538860000000000 -0.3755480000000000
vn 0.7858370798802626 0.3568577117542874 0.5050867820946769
v -0.0998620000000000 0.0292600000000000 -0.3191940000000000
vn 0.4842223274992761 0.6596870744603975 0.5747536005464129
v -0.0860440000000000 0.0538960000000000 -0.3568770000000000
vn 0.1845963740267080 0.8954912750478652 0.4049932777335207
v -0.0641420000000000 0.0706610000000000 -0.3955650000000000
vn -0.2558691883824089 -0.0013499322283787 -0.9667104717129664
v -0.0635270000000000 0.0001860000000000 -0.4900010000000000
vn -0.2135388488989265 0.3432169083488207 -0.9146602176952917
v -0.0554580000000000 0.0292080000000000 -0.4866920000000000
vn -0.0000203181266778 0.0000008979961864 -0.9999999997931835
v 0.0000070000000000 0.0001630000000000 -0.5000000000000000
vn 0.0276271770121948 0.3440637824347451 -0.9385397448734035
v 0.0066920000000000 0.0291870000000000 -0.4947070000000000
vn 0.2558469332263677 0.0014704803893526 -0.9667161860888061
v 0.0635610000000000 0.0001480000000000 -0.4900010000000000
vn 0.2675432871832070 0.3427592412207966 -0.9005202341096773
v 0.0688760000000000 0.0291730000000000 -0.4831160000000000
vn 0.5016482565040610 0.0036805971386284 -0.8650638588862323
v 0.1226040000000000 0.0001340000000000 -0.4656170000000000
vn 0.0420022001158327 0.6495353559234860 -0.7591703607167365
v 0.0119540000000000 0.0539580000000000 -0.4801480000000000
vn -0.1535652006773634 0.6494395531251489 -0.7447455914455138
v -0.0463870000000000 0.0539860000000000 -0.4740980000000000
vn -0.0799012247615061 0.8944466804075625 -0.4399783292271370
v -0.0377470000000000 0.0707030000000000 -0.4543680000000000
vn 0.2555886282877047 0.8933959503332500 -0.3694835977660695
v 0.1155930000000000 0.0707030000000000 -0.4221880000000000
vn 0.0021425053517636 0.9999977001491771 0.0000967841634878
v 0.0626730000000000 0.0766900000000000 -0.4225100000000000
vn 0.0029566492010843 0.9999947731971222 0.0013083592542240
v 0.1042610000000000 0.0766870000000000 -0.4005950000000000
vn 0.1503550579544857 0.8941162026907946 -0.4218406958003187
v 0.0680130000000000 0.0707030000000000 -0.4463330000000000
vn 0.0046682931043059 0.9999889368203077 0.0005773010333710
v 0.0160190000000000 0.0766600000000000 -0.4343740000000000
vn 0.4179550345143613 0.6489520696005885 -0.6357474345093435
v 0.1233370000000000 0.0539540000000000 -0.4421650000000000
vn 0.0358753864506850 0.8949358931049802 -0.4447501589425297
v 0.0150530000000000 0.0707000000000000 -0.4589790000000000
vn 0.0025563627460226 0.9999965370304730 0.0006252492084798
v -0.0304560000000000 0.0766550000000000 -0.4310140000000000
vn 0.2374495758225019 0.6488306434311983 -0.7229360242001855
v 0.0703620000000000 0.0539550000000000 -0.4677260000000000
vn 0.4952578186034644 0.3434970530327146 -0.7979532991785788
v 0.1259180000000000 0.0291630000000000 -0.4575320000000000
vn -0.0021648834259331 -0.9999976541168515 0.0000709968010368
v -0.0626630000000000 -0.0763660000000000 -0.4225100000000000
vn -0.1504537765514492 -0.8940947587774992 -0.4218509493269061
v -0.0680020000000000 -0.0703790000000000 -0.4463330000000000
vn -0.0048458425165512 -0.9999881551575392 0.0004553624117683
v -0.0160150000000000 -0.0763370000000000 -0.4343740000000000
vn -0.0358933361000686 -0.8949299062483008 -0.4447607574033652
v -0.0150490000000000 -0.0703770000000000 -0.4589790000000000
vn -0.0023169642057987 -0.9999973108276383 0.0001000717787001
v 0.0304780000000000 -0.0763340000000000 -0.4310140000000000
vn 0.0798367458413890 -0.8944599980241641 -0.4399629597455560
v 0.0377710000000000 -0.0703790000000000 -0.4543680000000000
vn -0.0026359540969258 -0.9999965054061626 -0.0002022905371919
v 0.0755210000000000 -0.0763320000000000 -0.4171650000000000
vn -0.0420329995039110 -0.6494726411130280 -0.7592223096026434
v -0.0119460000000000 -0.0536330000000000 -0.4801480000000000
vn -0.2375428965291007 -0.6487218987290487 -0.7230029532567227
v -0.0703320000000000 -0.0536300000000000 -0.4677260000000000
vn -0.2676373700419249 -0.3426744445689641 -0.9005245489137949
v -0.0688650000000000 -0.0288390000000000 -0.4831160000000000
vn 0.4446153545321789 -0.3435270196518375 -0.8272281265064377
v 0.1140100000000000 -0.0288880000000000 -0.4646130000000000
vn 0.2135265820218896 -0.3431440473074398 -0.9146904184299290
v 0.0554940000000000 -0.0288750000000000 -0.4866920000000000
vn 0.3409869739514947 -0.6507116803075608 -0.6784557411553930
v 0.1020240000000000 -0.0536660000000000 -0.4545680000000000
vn -0.0276576242164050 -0.3440182633605089 -0.9385555339441154
v -0.0066800000000000 -0.0288570000000000 -0.4947070000000000
vn 0.1535263917908140 -0.6493357854725340 -0.7448440673915989
v 0.0464240000000000 -0.0536610000000000 -0.4740980000000000
vn 0.1912905285242670 -0.8942751872690056 -0.4045736312859399
v 0.0886360000000000 -0.0703820000000000 -0.4378290000000000
vn 0.2630239158343571 -0.0024639778095402 0.9647861672477043
v -0.0292640000000000 0.0001050000000000 -0.3626430000000000
vn 0.2951863501202618 -0.3590932581345049 0.8853909027458008
v -0.0376270000000000 -0.0289160000000000 -0.3670000000000000
vn 0.0008270593398151 -0.0006464730514923 0.9999994490225693
v 0.0000070000000000 0.0001620000000000 -0.3675880000000000
vn 0.0463865520879467 -0.3568465412120694 0.9330106289911038
v -0.0066970000000000 -0.0288710000000000 -0.3741810000000000
vn -0.2622860758333944 0.0022757146512947 0.9649874794766742
v 0.0292920000000000 0.0002080000000000 -0.3626770000000000
vn -0.1929299288387814 -0.3567228398439188 0.9140715825863709
v 0.0242470000000000 -0.0288240000000000 -0.3705510000000000
vn -0.5017309829273128 -0.0004882328972484 0.8650235733200747
v 0.0566350000000000 0.0002280000000000 -0.3512380000000000
vn 0.0608180297325093 -0.6618395346468687 0.7471744091160187
v -0.0119680000000000 -0.0536640000000000 -0.3887220000000000
vn 0.2600718566384267 -0.6604010568299782 0.7044381261136350
v -0.0467040000000000 -0.0536990000000000 -0.3795990000000000
vn 0.1558347633400646 -0.8967623146881721 0.4141652779867691
v -0.0553560000000000 -0.0704160000000000 -0.3991760000000000
vn -0.1836736493755357 -0.8956381923649049 0.4050879150288226
v 0.0642130000000000 -0.0703430000000000 -0.3955800000000000
vn -0.0732088033886375 -0.8956401836139853 0.4387130412950022
v 0.0251290000000000 -0.0703720000000000 -0.4072140000000000
vn -0.3138742476986728 -0.6613262664429942 0.6812712572420491
v 0.0564580000000000 -0.0535930000000000 -0.3756090000000000
vn 0.0372411322461155 -0.8968531070441569 0.4407579862626081
v -0.0150630000000000 -0.0703810000000000 -0.4099900000000000
vn -0.1291556281754085 -0.6603522866906174 0.7397659637838769
v 0.0227740000000000 -0.0536260000000000 -0.3859950000000000
vn -0.4196966415276593 -0.3604758965868552 0.8330137196170938
v 0.0539000000000000 -0.0287970000000000 -0.3602290000000000
vn 0.0733858654632351 0.8955541927360297 0.4388589780591600
v -0.0251060000000000 0.0706660000000000 -0.4072060000000000
vn -0.0375137767097552 0.8967541473004494 0.4409361811605104
v 0.0150680000000000 0.0707000000000000 -0.4099820000000000
vn -0.1556614800059126 0.8965393066677084 0.4147128828987035
v 0.0553890000000000 0.0707370000000000 -0.3991840000000000
vn -0.0605242133377695 0.6619990559945240 0.7470569385677396
v 0.0119760000000000 0.0539570000000000 -0.3886880000000000
vn 0.1293158672814743 0.6607319362768255 0.7393988875114142
v -0.0227480000000000 0.0539160000000000 -0.3859580000000000
vn 0.1930683652462225 0.3568114077437091 0.9140077820484374
v -0.0242150000000000 0.0291320000000000 -0.3705120000000000
vn -0.5140054812722150 0.3589406530350060 0.7790763587870718
v 0.0657520000000000 0.0292410000000000 -0.3533110000000000
vn -0.2938890165768873 0.3584434697168786 0.8860855065696510
v 0.0376550000000000 0.0292330000000000 -0.3670340000000000
vn -0.4334453758293897 0.6611286567540335 0.6124002003516382
v 0.0777330000000000 0.0540180000000000 -0.3631800000000000
vn -0.0451341020165763 0.3563013352035012 0.9332803819685483
v 0.0067090000000000 0.0291840000000000 -0.3741460000000000
vn -0.2592730037990943 0.6602720599310677 0.7048534006269528
v 0.0467390000000000 0.0540190000000000 -0.3796280000000000
vn -0.2571513600629688 0.8968014883313604 0.3600281496555821
v 0.0911430000000000 0.0707350000000000 -0.3798950000000000
vn 0.7095142320821647 0.0029787420092522 -0.7046848100880978
v 0.1730110000000000 0.0001370000000000 -0.4266340000000000
vn 0.6853096839352681 0.3416885069543988 -0.6431170976733681
v 0.1741090000000000 0.0291640000000000 -0.4180790000000000
vn 0.8685762105536213 0.0047557933555147 -0.4955327929510528
v 0.2112800000000000 0.0001950000000000 -0.3764790000000000
vn 0.8300314225192086 0.3457246161040375 -0.4376326398367185
v 0.2098730000000000 0.0291880000000000 -0.3681490000000000
vn 0.9708914615294723 0.0184093449206180 -0.2388113605940031
v 0.2342910000000000 0.0003480000000000 -0.3192030000000000
vn 0.9145410360452935 0.3586354401729360 -0.1870703462368247
v 0.2301690000000000 0.0292220000000000 -0.3118640000000000
vn 0.6824842637793456 0.6517129260916824 -0.3308859194021137
v 0.1997450000000000 0.0538850000000000 -0.3563740000000000
vn 0.5694130299290292 0.6485373280542434 -0.5051416984048193
v 0.1676170000000000 0.0539480000000000 -0.4040890000000000
vn 0.3434442548542579 0.8940858263993550 -0.2875005718940153
v 0.1549600000000000 0.0706610000000000 -0.3867520000000000
vn -0.0041013591681953 0.9998883532706662 0.0143687106815020
v 0.1739760000000000 0.0759690000000000 -0.2864260000000000
vn 0.4409454154151629 0.8959622281940178 -0.0530926197692325
v 0.1970510000000000 0.0702420000000000 -0.2944180000000000
vn 0.0011698719677420 0.9999486234204501 0.0100688588790440
v 0.1622530000000000 0.0764050000000000 -0.3297190000000000
vn 0.4076648649119094 0.8952605285393287 -0.1797719220452307
v 0.1828940000000000 0.0705360000000000 -0.3430160000000000
vn 0.0030113888742709 0.9999866982697559 0.0041874599221959
v 0.1383890000000000 0.0766110000000000 -0.3687210000000000
vn 0.7436915938409229 0.6573348268331137 -0.1217938368006696
v 0.2168620000000000 0.0537680000000000 -0.3032210000000000
vn -0.0019804250571348 -0.9999974308821235 -0.0011027899826983
v 0.1152840000000000 -0.0763290000000000 -0.3922870000000000
vn 0.2901662313620628 -0.8942348071716480 -0.3408044421949677
v 0.1332670000000000 -0.0703790000000000 -0.4087820000000000
vn -0.0013150761731181 -0.9999981709096616 -0.0013887951577915
v 0.1471720000000000 -0.0763030000000000 -0.3576490000000000
vn 0.3694040939045296 -0.8940491627973449 -0.2534101614141395
v 0.1688010000000000 -0.0703650000000000 -0.3690510000000000
vn 0.0015854700699843 -0.9999985541727044 -0.0006147659375092
v 0.1690900000000000 -0.0762510000000000 -0.3161160000000000
vn 0.4274564904832898 -0.8917988842445036 -0.1482420277922821
v 0.1927680000000000 -0.0702450000000000 -0.3218090000000000
vn 0.6399482609939098 -0.6460634306047649 -0.4160147435921867
v 0.1885870000000000 -0.0536200000000000 -0.3769520000000000
vn 0.5074479996440598 -0.6493064676602597 -0.5664782773520960
v 0.1504750000000000 -0.0536640000000000 -0.4215720000000000
vn 0.6480856928274878 -0.3386350276324180 -0.6821372683065386
v 0.1645370000000000 -0.0288890000000000 -0.4279360000000000
vn 0.9088619234641920 -0.3270518390503089 -0.2588572939879810
v 0.2283210000000000 -0.0286340000000000 -0.3237590000000000
vn 0.8030014719123358 -0.3371477972659773 -0.4914468424003981
v 0.2036220000000000 -0.0288280000000000 -0.3796360000000000
vn 0.7320369774473861 -0.6400208342903023 -0.2334420598864751
v 0.2135710000000000 -0.0534530000000000 -0.3246240000000000
vn -0.7088821105029887 -0.0039149146145928 0.7053161183840824
v 0.0800420000000000 0.0001860000000000 -0.3332410000000000
vn -0.6235174725461119 -0.3606655638642082 0.6936471094672141
v 0.0797230000000000 -0.0288120000000000 -0.3427220000000000
vn -0.8731027094028023 -0.0035704313654691 0.4875232413468613
v 0.0976760000000000 0.0000410000000000 -0.3099350000000000
vn -0.7870071359618913 -0.3601202365494532 0.5009323139633007
v 0.0998430000000000 -0.0288940000000000 -0.3191420000000000
vn -0.9726054852761552 -0.0084158694806499 0.2323095847175042
v 0.1082390000000000 -0.0002210000000000 -0.2827920000000000
vn -0.8888203637510382 -0.3672659859616914 0.2740694374370461
v 0.1129580000000000 -0.0290560000000000 -0.2910240000000000
vn -0.6171866230543847 -0.6613957025096966 0.4261882178385856
v 0.1097700000000000 -0.0536130000000000 -0.3311500000000000
vn -0.4829973451546887 -0.6607038543048978 0.5746163776644161
v 0.0861200000000000 -0.0535710000000000 -0.3569410000000000
vn -0.2837100121153708 -0.8957143304665414 0.3423513797582414
v 0.0987260000000000 -0.0703400000000000 -0.3742220000000000
vn -0.4110692489321008 -0.8985491565216968 0.1537253586645538
v 0.1456990000000000 -0.0703450000000000 -0.3086560000000000
vn -0.3616570717422171 -0.8966438448658399 0.2554094319383067
v 0.1265050000000000 -0.0703450000000000 -0.3445230000000000
vn -0.7017361057265302 -0.6669759774617573 0.2504186163381177
v 0.1259200000000000 -0.0536920000000000 -0.2999930000000000
vn -0.3417895640372456 0.8964156826174413 0.2821680667133262
v 0.1204190000000000 0.0706470000000000 -0.3520610000000000
vn -0.4070301874556875 0.8947717014209475 0.1836029107504850
v 0.1408100000000000 0.0703740000000000 -0.3180220000000000
vn -0.4489567012594510 0.8910919786703763 0.0662794534040961
v 0.1507180000000000 0.0698940000000000 -0.2802020000000000
vn -0.6879300635427085 0.6568755784148744 0.3086530449489352
v 0.1212220000000000 0.0536550000000000 -0.3099450000000000
vn -0.5779876585606845 0.6601018617368688 0.4797872431433094
v 0.1032610000000000 0.0539270000000000 -0.3393060000000000
vn -0.6988772251130765 0.3561639259952786 0.6202563035051525
v 0.0892730000000000 0.0291640000000000 -0.3328170000000000
vn -0.9233263965908339 0.3475718849040376 0.1632854867489465
v 0.1155120000000000 0.0285710000000000 -0.2780920000000000
vn -0.8409784780437136 0.3536604225439374 0.4094868801235551
v 0.1063000000000000 0.0289440000000000 -0.3072080000000000
vn -0.7523426032484871 0.6498244676834850 0.1082070632498855
v 0.1302350000000000 0.0532050000000000 -0.2771140000000000
vn 0.9538518154957983 0.3002705033329944 -0.0020830034852341
v 0.2373490000000000 0.0283140000000000 0.2674150000000000
vn 0.9694081031944377 -0.0257619790959186 0.2440988527093558
v 0.2346560000000000 -0.0001680000000000 0.3213600000000000
vn 0.9980831222531776 -0.0491897791632359 -0.0375559143041456
v 0.2408710000000000 -0.0004890000000000 0.2616590000000000
vn 0.9079177789728521 0.3242428672699126 0.2656160191885817
v 0.2287940000000000 0.0287810000000000 0.3260530000000000
vn 0.8666564651875404 -0.0085998916850061 0.4988312472286034
v 0.2114150000000000 0.0000720000000000 0.3783910000000000
vn 0.7805538072418398 0.6246320170456702 0.0238871781867711
v 0.2242580000000000 0.0531120000000000 0.2714730000000000
vn 0.8008410380343646 0.3368416612798739 0.4951679785954015
v 0.2037880000000000 0.0290860000000000 0.3815620000000000
vn 0.7085912712431242 -0.0037547073736911 0.7056091782924816
v 0.1730210000000000 0.0001840000000000 0.4284580000000000
vn 0.6459852668536917 0.3415849933362552 0.6826585730329878
v 0.1645440000000000 0.0292090000000000 0.4297360000000000
vn 0.5015441402018661 -0.0035851425538558 0.8651246281213127
v 0.1225720000000000 0.0002030000000000 0.4674280000000000
vn 0.6363331888387252 0.6482633942694052 0.4181323288537362
v 0.1886850000000000 0.0538910000000000 0.3788370000000000
vn 0.7287120324813483 0.6418587838332154 0.2387385082743214
v 0.2140070000000000 0.0535900000000000 0.3268870000000000
vn 0.4252292309230490 0.8925881691245248 0.1498881633336041
v 0.1930300000000000 0.0704180000000000 0.3239290000000000
vn 0.4609822673864354 0.8870089468885978 0.0266547799623614
v 0.2040190000000000 0.0700040000000000 0.2733820000000000
vn 0.0091408314284214 0.9999433625842643 -0.0054513140133204
v 0.1798970000000000 0.0761820000000000 0.2733430000000000
vn 0.1913351352081846 0.8947440407751069 0.4035145196053043
v 0.0885640000000000 0.0707050000000000 0.4396170000000000
vn -0.0022951239840096 0.9999970914840824 0.0007412349652231
v 0.1151710000000000 0.0766530000000000 0.3938390000000000
vn -0.0027222093959083 0.9999962906231460 0.0000911918491760
v 0.0754460000000000 0.0766550000000000 0.4189490000000000
vn 0.2902897009620185 0.8943085721412949 0.3405056054017028
v 0.1331930000000000 0.0707000000000000 0.4105390000000000
vn -0.0003429397448336 0.9999994543072549 0.0009868016638710
v 0.1470760000000000 0.0766160000000000 0.3593920000000000
vn 0.3425863474220015 0.6500616368055331 0.6782731477168786
v 0.1019800000000000 0.0539910000000000 0.4563520000000000
vn 0.3686905178672329 0.8941908709962098 0.2539487906288031
v 0.1688080000000000 0.0706470000000000 0.3708660000000000
vn 0.0042853512009282 0.9999905866213133 -0.0006800248866119
v 0.1691710000000000 0.0764910000000000 0.3180980000000000
vn 0.5066293358529024 0.6501150870806842 0.5662835770206666
v 0.1504460000000000 0.0539840000000000 0.4231450000000000
vn 0.4449362501003546 0.3455373991058844 0.8262176705722140
v 0.1139730000000000 0.0292240000000000 0.4664010000000000
vn 0.4420034323016612 -0.8947959913534865 -0.0630325288345770
v 0.1974750000000000 -0.0693840000000000 0.2462640000000000
vn -0.0055511912353080 -0.9998377081723717 -0.0171388912269220
v 0.1741630000000000 -0.0755310000000000 0.2884390000000000
vn -0.0122258849099485 -0.9998674413038728 -0.0107530255563347
v 0.1739350000000000 -0.0749370000000000 0.2442150000000000
vn 0.4389539171270770 -0.8968975377436932 0.0537983775600673
v 0.1971490000000000 -0.0698770000000000 0.2962790000000000
vn 0.0007785009903132 -0.9999333992596069 -0.0115148157317332
v 0.1622280000000000 -0.0760450000000000 0.3314400000000000
vn 0.7450841526918883 -0.6621656665552034 -0.0799139252127818
v 0.2185780000000000 -0.0532280000000000 0.2500470000000000
vn 0.4062902470900392 -0.8959058532497758 0.1796689656905336
v 0.1828410000000000 -0.0702120000000000 0.3446950000000000
vn 0.0029862309844151 -0.9999852561596065 -0.0045354038313781
v 0.1383170000000000 -0.0762850000000000 0.3703970000000000
vn 0.3438194119991397 -0.8938744859250878 0.2877092548819483
v 0.1548890000000000 -0.0703400000000000 0.3884390000000000
vn 0.0029952031904297 -0.9999947771660458 -0.0012142481124187
v 0.1042170000000000 -0.0763640000000000 0.4023830000000000
vn 0.6800988285895475 -0.6537151365157884 0.3318465061459428
v 0.1997270000000000 -0.0535960000000000 0.3580730000000000
vn 0.7404853159907913 -0.6605646537918455 0.1238379383019490
v 0.2169630000000000 -0.0534830000000000 0.3050540000000000
vn 0.9112755766230648 -0.3651459284830538 0.1903819171101843
v 0.2303830000000000 -0.0289930000000000 0.3138340000000000
vn 0.9228612490143043 -0.3790941180111135 -0.0679320598622931
v 0.2340510000000000 -0.0290530000000000 0.2554240000000000
vn 0.4952590178438591 -0.3436145696353187 0.7979019568710624
v 0.1258830000000000 -0.0288270000000000 0.4593430000000000
vn 0.6843805913253640 -0.3451902552852236 0.6422358553314094
v 0.1740870000000000 -0.0288420000000000 0.4198710000000000
vn 0.4186991559617647 -0.6498553366867845 0.6343335543518188
v 0.1232980000000000 -0.0536290000000000 0.4439530000000000
vn 0.8270671043003913 -0.3508193146718193 0.4391876745052855
v 0.2099320000000000 -0.0289040000000000 0.3699370000000000
vn 0.5688399668818483 -0.6497502221141132 0.5042278660888532
v 0.1675780000000000 -0.0536290000000000 0.4056380000000000
vn 0.2566852580420611 -0.8930863852916986 0.3694717671358508
v 0.1155320000000000 -0.0703790000000000 0.4239680000000000
vn -0.9400233638566826 -0.3344864011567928 0.0668948641133531
v 0.1176420000000000 -0.0275130000000000 0.2501450000000000
vn -0.9688782072631511 0.0051557840572833 -0.2474842164286382
v 0.1096460000000000 0.0007070000000000 0.2853170000000000
vn -0.9997614115254917 0.0192028856132384 0.0104100532506350
v 0.1131450000000000 0.0011330000000000 0.2562110000000000
vn -0.9199825730127665 -0.3471265907682761 -0.1820307538148520
v 0.1160420000000000 -0.0280680000000000 0.2804330000000000
vn -0.8685750763949802 0.0027337539879337 -0.4955500613001554
v 0.0987030000000000 0.0003530000000000 0.3124620000000000
vn -0.7685123351474394 -0.6345679230204838 0.0819288825732369
v 0.1310930000000000 -0.0520600000000000 0.2458550000000000
vn -0.8364095762531621 -0.3512843796031618 -0.4207354339710734
v 0.1064400000000000 -0.0285520000000000 0.3091640000000000
vn -0.7064885058214285 0.0042855928898475 -0.7077115406970469
v 0.0807900000000000 0.0001480000000000 0.3358260000000000
vn -0.6967995309112884 -0.3547687663054270 -0.6233855437656008
v 0.0892510000000000 -0.0288370000000000 0.3345990000000000
vn -0.5016997783514411 0.0007158029290623 -0.8650415134710481
v 0.0571460000000000 0.0000850000000000 0.3539680000000000
vn -0.6861963221943272 -0.6541851599561949 -0.3180823539589500
v 0.1213230000000000 -0.0532540000000000 0.3118370000000000
vn -0.7527288969905968 -0.6463245503700916 -0.1251550367512967
v 0.1307300000000000 -0.0526880000000000 0.2794800000000000
vn -0.4515084090989745 -0.8890106470514969 -0.0761592144260418
v 0.1510610000000000 -0.0694110000000000 0.2824050000000000
vn -0.4681526448138284 -0.8821867773871465 0.0507896737250668
v 0.1508500000000000 -0.0687840000000000 0.2439550000000000
vn -0.2576412989598625 -0.8968498479012367 -0.3595571044907933
v 0.0910990000000000 -0.0704110000000000 0.3816360000000000
vn -0.3418890506737221 -0.8960458241372226 -0.2832203348555091
v 0.1203550000000000 -0.0703180000000000 0.3537700000000000
vn -0.4339105024595644 -0.6610914435025659 -0.6121109206532606
v 0.0776920000000000 -0.0536970000000000 0.3649400000000000
vn -0.4069971613318226 -0.8937387134605899 -0.1886383384406468
v 0.1408340000000000 -0.0700020000000000 0.3198480000000000
vn -0.5772452927846223 -0.6591628893148853 -0.4819669670299490
v 0.1032300000000000 -0.0535970000000000 0.3410530000000000
vn -0.5142152300887887 -0.3589147141823007 -0.7789498861211621
v 0.0657140000000000 -0.0289300000000000 0.3550570000000000
vn -0.4264285533032892 0.9030475174752480 -0.0516126932978274
v 0.1553540000000000 0.0704770000000000 0.2715670000000000
vn -0.4073657162182249 0.8996470612936488 -0.1571252314420387
v 0.1456960000000000 0.0706340000000000 0.3105090000000000
vn -0.7339696804301336 0.6753187941106084 -0.0723397161335402
v 0.1338720000000000 0.0540930000000000 0.2679710000000000
vn -0.3607704580117792 0.8967083121413594 -0.2564349421638276
v 0.1263760000000000 0.0706710000000000 0.3462490000000000
vn -0.2852903464493771 0.8951652980900845 -0.3424740972950868
v 0.0986130000000000 0.0706660000000000 0.3759460000000000
vn -0.6177305546071282 0.6597466949176849 -0.4279524044212872
v 0.1096850000000000 0.0539710000000000 0.3329130000000000
vn -0.7005754367766498 0.6660073216915549 -0.2561802194519475
v 0.1259620000000000 0.0540550000000000 0.3018710000000000
vn -0.8877135838778677 0.3624725897754323 -0.2838630209453199
v 0.1131620000000000 0.0294780000000000 0.2930240000000000
vn -0.9252876967945617 0.3760278581902100 -0.0494543023962392
v 0.1189280000000000 0.0297290000000000 0.2626220000000000
vn -0.4201423779285180 0.3601208269601041 -0.8329425984172866
v 0.0538360000000000 0.0291070000000000 0.3619990000000000
vn -0.6225028514060515 0.3598871787126556 -0.6949614511536454
v 0.0796650000000000 0.0291350000000000 0.3445040000000000
vn -0.3146595142644328 0.6613970171379819 -0.6808401984341488
v 0.0564110000000000 0.0538860000000000 0.3773590000000000
vn -0.7858395063814855 0.3568608152651788 -0.5050808140667938
v 0.0998620000000000 0.0292600000000000 0.3210050000000000
vn -0.4842231680867309 0.6596862796144877 -0.5747538046646106
v 0.0860440000000000 0.0538960000000000 0.3586880000000000
vn -0.1845974806476144 0.8954901758668925 -0.4049952037548539
v 0.0641420000000000 0.0706610000000000 0.3973760000000000
vn 0.2558736715944704 -0.0013704110083310 0.9667092562701742
v 0.0635270000000000 0.0001860000000000 0.4918130000000000
vn 0.2135245834617835 0.3432138704030553 0.9146646879706390
v 0.0554580000000000 0.0292080000000000 0.4885040000000000
vn 0.0000055461946157 -0.0000027159468712 0.9999999999809317
v -0.0000100000000000 0.0001640000000000 0.5000000000000000
vn -0.0277608266530325 0.3422815533168418 0.9391872415884653
v -0.0069650000000000 0.0291890000000000 0.4947300000000000
vn -0.2558514154398940 0.0014909609001555 0.9667149684643332
v -0.0635610000000000 0.0001480000000000 0.4918130000000000
vn -0.2675351388445319 0.3427511963516605 0.9005257169470190
v -0.0688760000000000 0.0291730000000000 0.4849280000000000
vn -0.5016484789045129 0.0036797869893461 0.8650637333633295
v -0.1226040000000000 0.0001340000000000 0.4674280000000000
vn -0.0422592332770880 0.6478924268399885 0.7605587159754486
v -0.0124440000000000 0.0539590000000000 0.4802230000000000
vn 0.1535527036954390 0.6494390945503592 0.7447485680801477
v 0.0463870000000000 0.0539860000000000 0.4759090000000000
vn 0.0799032801322573 0.8944507412072804 0.4399697005224938
v 0.0377470000000000 0.0707030000000000 0.4561790000000000
vn -0.2555901825981545 0.8933974909613051 0.3694787973666241
v -0.1155930000000000 0.0707030000000000 0.4240000000000000
vn -0.0021409017099187 0.9999977036252995 -0.0000963534955551
v -0.0626730000000000 0.0766900000000000 0.4243210000000000
vn -0.0029576504178099 0.9999947756013132 -0.0013042523088817
v -0.1042610000000000 0.0766870000000000 0.4024070000000000
vn -0.1503626453307209 0.8941195051509382 0.4218309915093833
v -0.0680130000000000 0.0707030000000000 0.4481450000000000
vn -0.0020504338842445 0.9999977150400284 -0.0006046781032731
v -0.0166890000000000 0.0766600000000000 0.4346410000000000
vn -0.4179518140786947 0.6489465546375167 0.6357551811290448
v -0.1233370000000000 0.0539540000000000 0.4439770000000000
vn -0.0352987582137425 0.8940189663502689 0.4466364130638750
v -0.0156790000000000 0.0707000000000000 0.4591200000000000
vn -0.0025535901219482 0.9999965478289446 -0.0006192799707933
v 0.0304560000000000 0.0766550000000000 0.4328260000000000
vn -0.2374426155976141 0.6488257663293655 0.7229426873862652
v -0.0703620000000000 0.0539550000000000 0.4695380000000000
vn -0.4952640372152480 0.3435032854224828 0.7979467565854339
v -0.1259180000000000 0.0291630000000000 0.4593430000000000
vn 0.0021632780835603 -0.9999976576214726 -0.0000705655814305
v 0.0626630000000000 -0.0763660000000000 0.4243210000000000
vn 0.1504613682312168 -0.8940980599350260 0.4218412448900805
v 0.0680020000000000 -0.0703790000000000 0.4481450000000000
vn 0.0021999216985784 -0.9999975272991379 -0.0003251770747309
v 0.0166840000000000 -0.0763390000000000 0.4346410000000000
vn 0.0353032486490462 -0.8940141705024488 0.4466456577373634
v 0.0156710000000000 -0.0703770000000000 0.4591200000000000
vn 0.0023142015546650 -0.9999973178028061 -0.0000941188496057
v -0.0304780000000000 -0.0763340000000000 0.4328260000000000
vn -0.0798388016509582 -0.8944640581555909 0.4399543321968438
v -0.0377710000000000 -0.0703790000000000 0.4561790000000000
vn 0.0026327424318356 -0.9999965131644241 0.0002057335203923
v -0.0755210000000000 -0.0763320000000000 0.4189770000000000
vn 0.0422702670615836 -0.6478300675135070 0.7606112201039288
v 0.0124320000000000 -0.0536350000000000 0.4802230000000000
vn 0.2375359336896386 -0.6487170194519574 0.7230096188015483
v 0.0703320000000000 -0.0536300000000000 0.4695380000000000
vn 0.2676292186750739 -0.3426663984731885 0.9005300331853366
v 0.0688650000000000 -0.0288390000000000 0.4849280000000000
vn -0.4446287137551529 -0.3434933934786557 0.8272349095274907
v -0.1140100000000000 -0.0288880000000000 0.4664250000000000
vn -0.2135123203383918 -0.3431410102267938 0.9146948869236404
v -0.0554940000000000 -0.0288750000000000 0.4885040000000000
vn -0.3409882041463057 -0.6507194398723999 0.6784476805216653
v -0.1020240000000000 -0.0536660000000000 0.4563790000000000
vn 0.0277671527773262 -0.3422309821996722 0.9392054834003517
v 0.0069490000000000 -0.0288580000000000 0.4947300000000000
vn -0.1535138951093324 -0.6493353282152287 0.7448470417072099
v -0.0464240000000000 -0.0536610000000000 0.4759090000000000
vn -0.1912852103261843 -0.8942795743413264 0.4045664484684361
v -0.0886360000000000 -0.0703820000000000 0.4396400000000000
vn -0.2630910079675380 -0.0025419580064507 -0.9647676715023770
v 0.0295480000000000 0.0001060000000000 0.3655230000000000
vn -0.2951857948869581 -0.3590939472287156 -0.8853908083782297
v 0.0376270000000000 -0.0289160000000000 0.3688120000000000
vn -0.0008821487724855 -0.0006345929115367 -0.9999994095525157
v -0.0000090000000000 0.0001600000000000 0.3695150000000000
vn -0.0518292160663809 -0.3565316491381216 -0.9328445291284050
v 0.0069660000000000 -0.0288700000000000 0.3747370000000000
vn 0.2623702917652049 0.0023389942128143 -0.9649644341140836
v -0.0295760000000000 0.0002060000000000 0.3655620000000000
vn 0.1929108319557861 -0.3567361356403951 -0.9140704242247880
v -0.0242470000000000 -0.0288240000000000 0.3723630000000000
vn 0.5017102175446819 -0.0005521848292847 -0.8650355788655067
v -0.0571870000000000 0.0002240000000000 0.3540100000000000
vn -0.0671161646688816 -0.6604226586838311 -0.7478885828364540
v 0.0124520000000000 -0.0536630000000000 0.3892150000000000
vn -0.2600703722784448 -0.6603865373961929 -0.7044522856012447
v 0.0467040000000000 -0.0536990000000000 0.3814100000000000
vn -0.1558361918564113 -0.8967575878214780 -0.4141749750918035
v 0.0553560000000000 -0.0704160000000000 0.4009870000000000
vn 0.1836725319358589 -0.8956422105728062 -0.4050795374399057
v -0.0642130000000000 -0.0703430000000000 0.3973920000000000
vn 0.0732077069756748 -0.8956393514762910 -0.4387149230724809
v -0.0251290000000000 -0.0703720000000000 0.4090250000000000
vn 0.3138763047089890 -0.6613335752209669 -0.6812632146444453
v -0.0564580000000000 -0.0535930000000000 0.3774210000000000
vn -0.0419984293929452 -0.8958714270310288 -0.4423239968144545
v 0.0156850000000000 -0.0703840000000000 0.4103820000000000
vn 0.1291500172118137 -0.6603476682887808 -0.7397710659655179
v -0.0227740000000000 -0.0536260000000000 0.3878070000000000
vn 0.4196892571385426 -0.3604695199956207 -0.8330201993929229
v -0.0539000000000000 -0.0287970000000000 0.3620410000000000
vn -0.0733946098138351 0.8955503132111489 -0.4388654324023346
v 0.0251060000000000 0.0706660000000000 0.4090170000000000
vn 0.0422988529232433 0.8958334350819930 -0.4423723133634999
v -0.0156930000000000 0.0707000000000000 0.4103780000000000
vn 0.1556587784784002 0.8965308289409802 -0.4147322237794058
v -0.0553890000000000 0.0707370000000000 0.4009950000000000
vn 0.0668032573738245 0.6605044754773440 -0.7478443438835686
v -0.0124660000000000 0.0539590000000000 0.3891860000000000
vn -0.1293079171312027 0.6607457487042988 -0.7393879348057998
v 0.0227480000000000 0.0539160000000000 0.3877700000000000
vn -0.1930583161452328 0.3568308899057085 -0.9140022989994432
v 0.0242150000000000 0.0291320000000000 0.3723230000000000
vn 0.5139931707697150 0.3589278411505024 -0.7790903832349199
v -0.0657520000000000 0.0292410000000000 0.3551220000000000
vn 0.2938986072618497 0.3584376135401168 -0.8860846945124438
v -0.0376550000000000 0.0292330000000000 0.3688460000000000
vn 0.4334336277074288 0.6611151578076145 -0.6124230878154341
v -0.0777330000000000 0.0540180000000000 0.3649910000000000
vn 0.0505716066067409 0.3560307329805684 -0.9331048332200046
v -0.0069820000000000 0.0291850000000000 0.3747100000000000
vn 0.2592749867022706 0.6602858017667493 -0.7048397982916247
v -0.0467390000000000 0.0540190000000000 0.3814400000000000
vn 0.2571510439694328 0.8968031244604922 -0.3600242999345041
v -0.0911430000000000 0.0707350000000000 0.3817070000000000
vn -0.7095136025511536 0.0029546937496452 0.7046855451758106
v -0.1730110000000000 0.0001370000000000 0.4284460000000000
vn -0.6853099107402943 0.3416887460181990 0.6431167289735515
v -0.1741090000000000 0.0291640000000000 0.4198900000000000
vn -0.8685730825451050 0.0047523737057012 0.4955383085314954
v -0.2112800000000000 0.0001950000000000 0.3782910000000000
vn -0.8300339878011147 0.3457200440143167 0.4376313862849853
v -0.2098730000000000 0.0291880000000000 0.3699610000000000
vn -0.9708915737467676 0.0184071653058765 0.2388110723834367
v -0.2342910000000000 0.0003480000000000 0.3210150000000000
vn -0.9145394755904592 0.3586415858434959 0.1870661928045527
v -0.2301690000000000 0.0292220000000000 0.3136750000000000
vn -0.9983112682218728 0.0413861286077892 -0.0407651824489396
v -0.2402510000000000 0.0005880000000000 0.2608740000000000
vn -0.6824803748435979 0.6517210372319298 0.3308779647886509
v -0.1997450000000000 0.0538850000000000 0.3581860000000000
vn -0.5694088705672651 0.6485419591204002 0.5051404412434077
v -0.1676170000000000 0.0539480000000000 0.4059000000000000
vn -0.3434488696858413 0.8940831366090339 0.2875034238802550
v -0.1549600000000000 0.0706610000000000 0.3885640000000000
vn -0.4433512344738081 0.8940361232268100 -0.0643357851908781
v -0.1970510000000000 0.0698500000000000 0.2456480000000000
vn 0.0041010477063573 0.9998883509389423 -0.0143689618383679
v -0.1739760000000000 0.0759690000000000 0.2882380000000000
vn 0.0092355217649249 0.9999219421606148 -0.0084151484522711
v -0.1732610000000000 0.0754890000000000 0.2433260000000000
vn -0.4409446632861787 0.8959626315514494 0.0530920595083709
v -0.1970510000000000 0.0702420000000000 0.2962300000000000
vn -0.0011712955581721 0.9999486279615246 -0.0100682423778876
v -0.1622530000000000 0.0764050000000000 0.3315310000000000
vn -0.7473792236961808 0.6592684887167301 -0.0823975471264323
v -0.2182620000000000 0.0535510000000000 0.2495750000000000
vn -0.4076680949625646 0.8952585577466320 0.1797744117804694
v -0.1828940000000000 0.0705360000000000 0.3448270000000000
vn -0.0030086326486249 0.9999866990239971 -0.0041892606359039
v -0.1383890000000000 0.0766110000000000 0.3705320000000000
vn -0.7436933076798684 0.6573325035993930 0.1217959105386161
v -0.2168620000000000 0.0537680000000000 0.3050320000000000
vn -0.9252276058729240 0.3727416178859460 -0.0708347628387688
v -0.2336390000000000 0.0292460000000000 0.2548560000000000
vn 0.0019820640369305 -0.9999974298536412 0.0011007762104794
v -0.1152840000000000 -0.0763290000000000 0.3940980000000000
vn -0.2901734758200248 -0.8942322695969892 0.3408049323908666
v -0.1332670000000000 -0.0703790000000000 0.4105940000000000
vn 0.0013183705183561 -0.9999981689694504 0.0013870677427148
v -0.1471720000000000 -0.0763030000000000 0.3594600000000000
vn -0.3694097492101228 -0.8940459128721912 0.2534133833581890
v -0.1688010000000000 -0.0703650000000000 0.3708630000000000
vn -0.0015832634970084 -0.9999985579968871 0.0006142319150483
v -0.1690900000000000 -0.0762510000000000 0.3179270000000000
vn -0.4274572610036576 -0.8917988222358620 0.1482401790135864
v -0.1927680000000000 -0.0702450000000000 0.3236200000000000
vn -0.0063635886034371 -0.9999753966678105 -0.0029514062988887
v -0.1793710000000000 -0.0760570000000000 0.2727110000000000
vn -0.6399482664392719 -0.6460630591606318 0.4160153120611988
v -0.1885870000000000 -0.0536200000000000 0.3787640000000000
vn -0.5074406143639412 -0.6493152928227250 0.5664747773736134
v -0.1504750000000000 -0.0536640000000000 0.4233840000000000
vn -0.6480859220410865 -0.3386433365233551 0.6821329256680727
v -0.1645370000000000 -0.0288890000000000 0.4297480000000000
vn -0.9525013507198028 -0.3044822613752740 -0.0056328842301781
v -0.2365330000000000 -0.0282720000000000 0.2664100000000000
vn -0.9088629875797871 -0.3270457068728629 0.2588613053810342
v -0.2283210000000000 -0.0286340000000000 0.3255710000000000
vn -0.7807263209748799 -0.6245482483715893 0.0201468904054305
v -0.2233810000000000 -0.0530840000000000 0.2704240000000000
vn -0.8030011221603354 -0.3371478966441563 0.4914473457021243
v -0.2036220000000000 -0.0288280000000000 0.3814470000000000
vn -0.7320324492805360 -0.6400242842076633 0.2334468008450911
v -0.2135710000000000 -0.0534530000000000 0.3264360000000000
vn -0.4625884819502358 -0.8862448143757099 0.0241252017429889
v -0.2032660000000000 -0.0699450000000000 0.2725050000000000
vn 0.7088952454686909 -0.0040611786448784 -0.7053020897316969
v -0.0808160000000000 0.0001790000000000 0.3358460000000000
vn 0.6235095193015150 -0.3606794619420907 -0.6936470320512860
v -0.0797230000000000 -0.0288120000000000 0.3445330000000000
vn 0.8733010104221650 -0.0034148009882493 -0.4871690510796393
v -0.0986010000000000 0.0000270000000000 0.3123300000000000
vn 0.7870079247926978 -0.3601244065781117 -0.5009280767737563
v -0.0998430000000000 -0.0288940000000000 0.3209540000000000
vn 0.9726146261357019 -0.0085867202371908 -0.2322650582039341
v -0.1092510000000000 -0.0002380000000000 0.2849370000000000
vn 0.8888170918070326 -0.3672704248519159 -0.2740741000911658
v -0.1129580000000000 -0.0290560000000000 0.2928350000000000
vn 0.9992814143545351 -0.0239436183704365 0.0293829553471216
v -0.1122360000000000 -0.0005840000000000 0.2555050000000000
vn 0.6171855997735290 -0.6613962125127884 -0.4261889082389731
v -0.1097700000000000 -0.0536130000000000 0.3329620000000000
vn 0.4830111171178212 -0.6606960705336663 -0.5746137512468414
v -0.0861200000000000 -0.0535710000000000 0.3587520000000000
vn 0.2837099720198490 -0.8957162270554987 -0.3423464507862741
v -0.0987260000000000 -0.0703400000000000 0.3760340000000000
vn 0.4322432441734815 -0.9007004695281040 -0.0436399135910810
v -0.1549970000000000 -0.0702690000000000 0.2711790000000000
vn 0.4110678041193740 -0.8985496026013911 -0.1537266147463028
v -0.1456990000000000 -0.0703450000000000 0.3104670000000000
vn 0.7353981361747656 -0.6748587093696581 -0.0612805327865260
v -0.1335240000000000 -0.0537650000000000 0.2676650000000000
vn 0.3616522815800562 -0.8966452084799379 -0.2554114275789330
v -0.1265050000000000 -0.0703450000000000 0.3463350000000000
vn 0.7017373851426433 -0.6669739166774442 -0.2504205198563311
v -0.1259200000000000 -0.0536920000000000 0.3018040000000000
vn 0.9238720153898027 -0.3811147601636309 -0.0348143471144056
v -0.1183350000000000 -0.0292700000000000 0.2621980000000000
vn 0.3417893959173844 0.8964195042931049 -0.2821561290515123
v -0.1204190000000000 0.0706470000000000 0.3538730000000000
vn 0.4070290163421087 0.8947718450362910 -0.1836048070882864
v -0.1408100000000000 0.0703740000000000 0.3198340000000000
vn 0.4489572041023984 0.8910917735869606 -0.0662788045320858
v -0.1507180000000000 0.0698940000000000 0.2820130000000000
vn 0.6879298510786506 0.6568747318082859 -0.3086553202306712
v -0.1212220000000000 0.0536550000000000 0.3117570000000000
vn 0.5779905916826222 0.6601070290720763 -0.4797766001963929
v -0.1032610000000000 0.0539270000000000 0.3411170000000000
vn 0.6988732931908492 0.3561700065421273 -0.6202572422022641
v -0.0892730000000000 0.0291640000000000 0.3346280000000000
vn 0.9387774419294022 0.3338636769137339 0.0850409299227716
v -0.1165240000000000 0.0281190000000000 0.2491580000000000
vn 0.9233276189612555 0.3475688837654993 -0.1632849628757752
v -0.1155120000000000 0.0285710000000000 0.2799030000000000
vn 0.7649701977252868 0.6370412554801802 0.0948632458245612
v -0.1299390000000000 0.0527030000000000 0.2446930000000000
vn 0.8409803838074460 0.3536748525990849 -0.4094705028327393
v -0.1063000000000000 0.0289440000000000 0.3090190000000000
vn 0.7523459741437253 0.6498203066717020 -0.1082086143836253
v -0.1302350000000000 0.0532050000000000 0.2789250000000000
vn 0.4627140203228724 0.8845653229305089 0.0586508726745741
v -0.1498970000000000 0.0694010000000000 0.2428380000000000
vn -0.9650108820067094 0.0478146465481718 -0.2578134154463387
v -0.2302010000000000 0.0008160000000000 0.2004200000000000
vn -0.8907537331436021 0.3780334565360363 -0.2522865288321064
v -0.2221580000000000 0.0291980000000000 0.1953180000000000
vn -0.9385827470142378 0.0185505063919121 -0.3445552288382963
v -0.2097770000000000 0.0008400000000000 0.1393290000000000
vn -0.8599904252354171 0.3965547933553955 -0.3211864946884690
v -0.2015630000000000 0.0292850000000000 0.1352660000000000
vn -0.9567975094375035 -0.0214116205243564 -0.2899656332062673
v -0.1871950000000000 0.0005780000000000 0.0759480000000000
vn -0.8305565263936162 0.4811784250451183 -0.2804339133130470
v -0.1788040000000000 0.0313340000000000 0.0768280000000000
vn -0.6736257870563175 0.6886540581392260 -0.2682981312292959
v -0.1853820000000000 0.0542450000000000 0.1394950000000000
vn -0.7153518936429059 0.6633438067242819 -0.2196512288653249
v -0.2060580000000000 0.0533870000000000 0.1936660000000000
vn -0.4272852867785279 0.8936121078391109 -0.1374215573552137
v -0.1848670000000000 0.0698010000000000 0.1954790000000000
vn 0.0131010148846492 0.9910364698522496 0.1329476544801879
v -0.1182420000000000 0.0796700000000000 0.1249800000000000
vn -0.3587819496162781 0.9273132887583543 -0.1066094607514159
v -0.1401260000000000 0.0755960000000000 0.1089020000000000
vn 0.0110655889255639 0.9980404932014906 0.0615851172918896
v -0.1425770000000000 0.0767800000000000 0.1591080000000000
vn -0.4020550946195202 0.9030033814931164 -0.1514483208968847
v -0.1646400000000000 0.0713150000000000 0.1487810000000000
vn 0.0103034672879337 0.9998305117887174 0.0152573345692375
v -0.1617500000000000 0.0755090000000000 0.1994150000000000
vn -0.6310653377839850 0.7390809586562496 -0.2356180723105596
v -0.1613190000000000 0.0587290000000000 0.0921830000000000
vn -0.0086314780318314 -0.9999431163440592 -0.0062659127920264
v -0.1769370000000000 -0.0757290000000000 0.2269430000000000
vn -0.4674163554465251 -0.8774915251618690 -0.1073805100108234
v -0.1991300000000000 -0.0695490000000000 0.2209950000000000
vn -0.0067338414539737 -0.9999767049480097 -0.0011157690593200
v -0.1619150000000000 -0.0755110000000000 0.1828270000000000
vn -0.4326035866328825 -0.8793613824913221 -0.1989414381553443
v -0.1815170000000000 -0.0693600000000000 0.1711300000000000
vn -0.0058232631733194 -0.9994411695742020 0.0329156219167318
v -0.1362080000000000 -0.0759540000000000 0.1414340000000000
vn -0.3802135253541588 -0.9056590438983465 -0.1876682480945972
v -0.1552360000000000 -0.0700290000000000 0.1232650000000000
vn -0.7132007259145604 -0.6304204676648095 -0.3064551492538949
v -0.1981710000000000 -0.0523520000000000 0.1597670000000000
vn -0.7706063013931758 -0.6088636949109806 -0.1882841715930430
v -0.2172740000000000 -0.0526230000000000 0.2142960000000000
vn -0.9264656490349329 -0.2921543166728710 -0.2372915009175174
v -0.2284070000000000 -0.0278440000000000 0.2072620000000000
vn -0.8575751596000458 -0.4068108471409800 -0.3147535230706626
v -0.1846490000000000 -0.0280680000000000 0.0899740000000000
vn -0.8779530039828632 -0.3308696722512094 -0.3460112466117883
v -0.2084400000000000 -0.0276040000000000 0.1488470000000000
vn -0.6681754043939975 -0.6862743049992692 -0.2873485814488873
v -0.1734670000000000 -0.0527720000000000 0.1063880000000000
vn 0.9583900564819831 -0.0370436396252955 0.2830481732846419
v -0.1075820000000000 -0.0009360000000000 0.2263230000000000
vn 0.8971694519672598 -0.3904758536431796 0.2064354189047918
v -0.1155960000000000 -0.0294620000000000 0.2314570000000000
vn 0.8512838054844414 -0.0345509709185764 0.5235667225182586
v -0.0957010000000000 -0.0011780000000000 0.1995920000000000
vn 0.8106244592616760 -0.3907863833645449 0.4360894273237710
v -0.1049350000000000 -0.0295230000000000 0.2028580000000000
vn 0.6849515856044772 -0.0260672085289165 0.7281221230105719
v -0.0773020000000000 -0.0012330000000000 0.1770900000000000
vn 0.6723064972625696 -0.3909921516021131 0.6285929614019590
v -0.0871120000000000 -0.0293770000000000 0.1781120000000000
vn 0.4795481138772150 -0.0245956173295738 0.8771708283367516
v -0.0537100000000000 -0.0010600000000000 0.1600370000000000
vn 0.6622134922122825 -0.6775499045930894 0.3199990898704376
v -0.1212000000000000 -0.0535490000000000 0.2006780000000000
vn 0.7218882039956824 -0.6789750597874097 0.1336798007126407
v -0.1319310000000000 -0.0537320000000000 0.2331920000000000
vn 0.4287527408120774 -0.9005058249382589 0.0725282462106814
v -0.1534940000000000 -0.0700490000000000 0.2314470000000000
vn 0.2507560265030655 -0.8901389933244264 0.3804917709172836
v -0.0892440000000000 -0.0701960000000000 0.1297690000000000
vn 0.3441795165343614 -0.8941398273787409 0.2864514435175513
v -0.1191780000000000 -0.0696340000000000 0.1589340000000000
vn 0.4212576207594629 -0.6811824282548333 0.5987758482010822
v -0.0763900000000000 -0.0529630000000000 0.1482830000000000
vn 0.4002661212564789 -0.8970716644289775 0.1872150128940459
v -0.1412070000000000 -0.0697590000000000 0.1934730000000000
vn 0.5606995429344810 -0.6780549380023595 0.4752446986592070
v -0.1021570000000000 -0.0532550000000000 0.1717970000000000
vn 0.4951505683868506 -0.3956664417677854 0.7734817266652124
v -0.0635450000000000 -0.0290080000000000 0.1585930000000000
vn 0.4477980563063361 0.8763726528029248 0.1773354848512609
v -0.1395210000000000 0.0692590000000000 0.2046080000000000
vn 0.4003634516501846 0.8701300321172954 0.2873722912709307
v -0.1217290000000000 0.0698720000000000 0.1698220000000000
vn 0.3164928339645692 0.8649048950925180 0.3895790144426109
v -0.0981890000000000 0.0713670000000000 0.1408920000000000
vn 0.6389977319418974 0.6268862412414746 0.4457527780230278
v -0.1050900000000000 0.0524310000000000 0.1810460000000000
vn 0.7281775737040532 0.6255668353665170 0.2800420604909178
v -0.1210970000000000 0.0523570000000000 0.2112640000000000
vn 0.8924319831940871 0.3217177172971415 0.3163271498771248
v -0.1096380000000000 0.0277110000000000 0.2189520000000000
vn 0.4048011900939544 0.3487664625888607 0.8452798063787937
v -0.0503310000000000 0.0276260000000000 0.1527580000000000
vn 0.6126869096625086 0.3412930688363023 0.7128350383451306
v -0.0756310000000000 0.0274810000000000 0.1691870000000000
vn 0.3195186456649787 0.6399586821978008 0.6988281048670494
v -0.0556830000000000 0.0536090000000000 0.1384490000000000
vn 0.7831007834091478 0.3257034942384427 0.5297833489879118
v -0.0957430000000000 0.0274830000000000 0.1916640000000000
vn 0.4958297669411561 0.6378555754585524 0.5893157957084791
v -0.0830170000000000 0.0529290000000000 0.1562940000000000
vn 0.2070743267146879 0.8522581309625447 0.4803918207295880
v -0.0696210000000000 0.0733860000000000 0.1196700000000000
vn 0.2468649422764044 -0.0209476635842910 0.9688234594936411
v -0.0266540000000000 -0.0006480000000000 0.1494110000000000
vn 0.2796301951167849 -0.3880533877535615 0.8781921898035376
v -0.0360120000000000 -0.0285020000000000 0.1457740000000000
vn -0.0069266343752600 -0.0025896608776736 0.9999726573225741
v 0.0020240000000000 -0.0000750000000000 0.1459210000000000
vn 0.0378343609500099 -0.3595812678148483 0.9323464339869438
v -0.0061850000000000 -0.0280310000000000 0.1406520000000000
vn -0.2618601579404754 0.0186129719025334 0.9649263261826496
v 0.0305440000000000 0.0005700000000000 0.1498070000000000
vn -0.1971213307415328 -0.3368677799550618 0.9206863091166477
v 0.0241470000000000 -0.0276610000000000 0.1433530000000000
vn -0.4950821715196836 0.0277475005808877 0.8684029707773161
v 0.0571740000000000 0.0011620000000000 0.1607790000000000
vn 0.0321997310108664 -0.6271652965416555 0.7782203210766506
v -0.0117780000000000 -0.0533260000000000 0.1261620000000000
vn 0.2355620152180890 -0.6621563624130721 0.7113785832468399
v -0.0456760000000000 -0.0529290000000000 0.1325940000000000
vn 0.1087778743405931 -0.8510000145059895 0.5137765558730252
v -0.0524680000000000 -0.0720820000000000 0.1107380000000000
vn -0.1880846213187602 -0.8408599131345942 0.5075221982402951
v 0.0639440000000000 -0.0745550000000000 0.1167100000000000
vn -0.1011166650610009 -0.8139796581509419 0.5720249436549224
v 0.0272110000000000 -0.0753540000000000 0.1060080000000000
vn -0.3161186693994191 -0.6231774362023700 0.7153452801727164
v 0.0554910000000000 -0.0535410000000000 0.1383020000000000
vn -0.0091707190864260 -0.8160209469446402 0.5779495757062294
v -0.0121510000000000 -0.0743860000000000 0.1036870000000000
vn -0.1452300731128970 -0.6151180734706907 0.7749438570330941
v 0.0229060000000000 -0.0537060000000000 0.1283400000000000
vn -0.4156253664527221 -0.3336670460608148 0.8461216562256816
v 0.0529610000000000 -0.0273420000000000 0.1533410000000000
vn 0.1006658580141247 0.8295295213489383 0.5493151720468691
v -0.0358200000000000 0.0751260000000000 0.1070080000000000
vn 0.0085356005203567 0.8123693631577938 0.5830807502622233
v 0.0034960000000000 0.0754320000000000 0.1029100000000000
vn -0.0983469240171238 0.8339503975852378 0.5430051720783090
v 0.0466390000000000 0.0740010000000000 0.1081690000000000
vn -0.0307325504704133 0.6267063665989081 0.7786492409332836
v 0.0117240000000000 0.0538950000000000 0.1257520000000000
vn 0.1441608942433236 0.6279076723009851 0.7648199733509343
v -0.0235850000000000 0.0540270000000000 0.1281860000000000
vn 0.1855412701087878 0.3474072691259876 0.9191749705278323
v -0.0212340000000000 0.0278190000000000 0.1431050000000000
vn -0.5092351091197955 0.3867336798744467 0.7688411178458906
v 0.0668270000000000 0.0289930000000000 0.1595510000000000
vn -0.2920676670916491 0.3813833710300761 0.8770651071279584
v 0.0394690000000000 0.0284980000000000 0.1463180000000000
vn -0.4324502763654682 0.6620476931144138 0.6121107828761988
v 0.0782800000000000 0.0533290000000000 0.1487000000000000
vn -0.0479631174161768 0.3602558486086129 0.9316196986490841
v 0.0094700000000000 0.0280900000000000 0.1407720000000000
vn -0.2386252483580000 0.6492899324955405 0.7221361190288292
v 0.0467250000000000 0.0535660000000000 0.1322710000000000
vn -0.2611023323919733 0.8679159101014244 0.4225488670110090
v 0.0871590000000000 0.0717810000000000 0.1277010000000000
vn 0.9542081699782325 0.0258449853258734 -0.2980248397035014
v 0.1877490000000000 -0.0003420000000000 0.0793250000000000
vn 0.8536001663782937 0.4106248628244792 -0.3205526134495345
v 0.1850020000000000 0.0282980000000000 0.0928430000000000
vn 0.9362143263856750 -0.0178321897678297 -0.3509768483508576
v 0.2105810000000000 -0.0007140000000000 0.1417570000000000
vn 0.8738231083618903 0.3351254253068775 -0.3523125382464393
v 0.2091500000000000 0.0277370000000000 0.1510870000000000
vn 0.9643318942665940 -0.0515191428057994 -0.2596339261821498
v 0.2309930000000000 -0.0007440000000000 0.2019170000000000
vn 0.9257152546670940 0.2918698369824020 -0.2405478445891861
v 0.2293210000000000 0.0278810000000000 0.2088480000000000
vn 0.7103632281554075 0.6305656705483618 -0.3126835768161212
v 0.1982720000000000 0.0527580000000000 0.1612270000000000
vn 0.6690568584122651 0.6843499484668925 -0.2898759532021790
v 0.1727190000000000 0.0534580000000000 0.1076010000000000
vn 0.3950592869446189 0.8992139153564642 -0.1879959952448639
v 0.1523650000000000 0.0716190000000000 0.1218410000000000
vn 0.0078293954364591 0.9999579734524765 -0.0047698947489289
v 0.1779030000000000 0.0757730000000000 0.2280800000000000
vn 0.4684029029742677 0.8770089377339039 -0.1070235657232936
v 0.2000510000000000 0.0696150000000000 0.2222630000000000
vn 0.0008154941713894 0.9998438283572791 0.0176537209991606
v 0.1623560000000000 0.0758860000000000 0.1836090000000000
vn 0.4378168875188967 0.8768280008520787 -0.1987184690083256
v 0.1812750000000000 0.0699510000000000 0.1718210000000000
vn 0.0036575702770019 0.9975228505282061 0.0702480238423186
v 0.1337910000000000 0.0775200000000000 0.1397500000000000
vn 0.7702661850887536 0.6081365252501855 -0.1919895069149572
v 0.2181580000000000 0.0526890000000000 0.2157760000000000
vn 0.0097588953308182 -0.9900200280107505 0.1405884351556514
v 0.1162690000000000 -0.0805710000000000 0.1231200000000000
vn 0.3727417421662085 -0.9216336036891229 -0.1079587615615364
v 0.1401800000000000 -0.0756210000000000 0.1099950000000000
vn 0.0022020113160414 -0.9976092256175961 0.0690723107245163
v 0.1433460000000000 -0.0765380000000000 0.1605510000000000
vn 0.4075333254012160 -0.9003902395671799 -0.1523614294353494
v 0.1657940000000000 -0.0708080000000000 0.1510840000000000
vn -0.0098172639441745 -0.9998038178642952 0.0172031134574496
v 0.1629540000000000 -0.0749080000000000 0.2011330000000000
vn 0.4275299708865155 -0.8934964211607197 -0.1374127700279738
v 0.1858210000000000 -0.0692520000000000 0.1970800000000000
vn 0.6741873667185205 -0.6867177991298348 -0.2718272593310375
v 0.1864230000000000 -0.0537260000000000 0.1419660000000000
vn 0.6344875092015891 -0.7348649849462114 -0.2395809979258954
v 0.1622360000000000 -0.0583000000000000 0.0950760000000000
vn 0.8308614416075579 -0.4765645122703386 -0.2873247822488423
v 0.1795760000000000 -0.0309390000000000 0.0802120000000000
vn 0.8892297202406875 -0.3811372516800935 -0.2529918971477426
v 0.2228170000000000 -0.0289780000000000 0.1966630000000000
vn 0.8585360645826478 -0.3954611640090157 -0.3263836600866749
v 0.2023740000000000 -0.0289690000000000 0.1376720000000000
vn 0.7145203939591441 -0.6641848981898341 -0.2198158948598332
v 0.2067630000000000 -0.0529820000000000 0.1950460000000000
vn -0.6987612882025879 0.0316485082124297 0.7146544857743409
v 0.0801770000000000 0.0015510000000000 0.1780750000000000
vn -0.6215636574580862 -0.3293460159686352 0.7107670655657271
v 0.0780990000000000 -0.0270840000000000 0.1700450000000000
vn -0.8615669384960123 0.0370800590267780 0.5062879415048115
v 0.0978900000000000 0.0016750000000000 0.2006680000000000
vn -0.7926448253243723 -0.3159428135338163 0.5214348659831175
v 0.0979140000000000 -0.0269720000000000 0.1927500000000000
vn -0.9637487743878498 0.0344182444663532 0.2645820937134097
v 0.1090990000000000 0.0015100000000000 0.2272790000000000
vn -0.8984641604449877 -0.3172976129382214 0.3034540776123965
v 0.1113490000000000 -0.0271040000000000 0.2201750000000000
vn -0.6492734782623546 -0.6099092542480914 0.4543728116950228
v 0.1065430000000000 -0.0521870000000000 0.1817270000000000
vn -0.4998667766868279 -0.6194526119500371 0.6053194752467475
v 0.0838110000000000 -0.0529360000000000 0.1561520000000000
vn -0.3156809184320102 -0.8536748694957847 0.4142279263029924
v 0.0963360000000000 -0.0722690000000000 0.1386790000000000
vn -0.4491103261452309 -0.8744948196253162 0.1831904074950707
v 0.1408860000000000 -0.0686790000000000 0.2061890000000000
vn -0.3990939042066280 -0.8644269255536233 0.3057615835958162
v 0.1223980000000000 -0.0698160000000000 0.1704150000000000
vn -0.7337180378627438 -0.6190100157573575 0.2801507474680753
v 0.1226850000000000 -0.0517990000000000 0.2126240000000000
vn -0.3603677552395777 0.8755560449563108 0.3217711813137571
v 0.1196760000000000 0.0702250000000000 0.1591840000000000
vn -0.4102040727716720 0.8904848810569440 0.1968992008377208
v 0.1425280000000000 0.0698530000000000 0.1946460000000000
vn -0.4271295886732160 0.9019133194651017 0.0641301695872597
v 0.1544450000000000 0.0701220000000000 0.2323690000000000
vn -0.6696254676989549 0.6752037036044558 0.3093569001134160
v 0.1228860000000000 0.0536240000000000 0.2018020000000000
vn -0.5732062624339068 0.6637515904022493 0.4804876761635365
v 0.1042980000000000 0.0533240000000000 0.1729290000000000
vn -0.6854828796555681 0.3864694911510257 0.6170531209779083
v 0.0898180000000000 0.0294690000000000 0.1792100000000000
vn -0.9021938691643416 0.3882321911033723 0.1879414489497978
v 0.1167670000000000 0.0298880000000000 0.2321730000000000
vn -0.8203630042873624 0.3908396770723331 0.4174312973683306
v 0.1068640000000000 0.0298050000000000 0.2038120000000000
vn -0.7225159384448132 0.6813248632559193 0.1173334965068103
v 0.1328630000000000 0.0539690000000000 0.2338830000000000
vn -0.7982730581322830 0.5443372041081683 0.2577928099925110
v 0.1200700000000000 0.0426240000000000 0.2180790000000000
vn -0.8685312900478223 0.3910419423441055 0.3045317676952847
v 0.1127620000000000 0.0298820000000000 0.2176140000000000
vn -0.8261230346524999 0.5431260551933106 0.1501160210860156
v 0.1239330000000000 0.0427060000000000 0.2334450000000000
vn -0.7586214523706282 0.3884537751497680 0.5230651551909878
v 0.0991810000000000 0.0296590000000000 0.1909710000000000
vn -0.6408930222844323 0.5357884060971102 0.5497153062077171
v 0.0967010000000000 0.0420930000000000 0.1770170000000000
vn -0.6266484285507381 0.6690347121382996 0.3996302052509458
v 0.1146250000000000 0.0534480000000000 0.1869020000000000
vn -0.7046760466429667 0.5386720721346659 0.4618052273305106
v 0.1063570000000000 0.0422910000000000 0.1897310000000000
vn -0.7014644336653534 0.6798910913622647 0.2137656478220340
v 0.1289910000000000 0.0538100000000000 0.2175060000000000
vn -0.7576395690368534 0.5423297900204371 0.3631262621816818
v 0.1141990000000000 0.0424720000000000 0.2034640000000000
vn -0.5777024836200740 0.7978135534319779 0.1724916646665527
v 0.1390820000000000 0.0630250000000000 0.2158840000000000
vn -0.5908972767747873 0.8017427318213612 0.0897162207839891
v 0.1432040000000000 0.0632110000000000 0.2335280000000000
vn -0.5557870269203782 0.7908788630357640 0.2561472324860530
v 0.1325050000000000 0.0628530000000000 0.1988370000000000
vn -0.4216777772280348 0.8975335125647020 0.1289241870840834
v 0.1498800000000000 0.0699450000000000 0.2132660000000000
vn -0.5241013339514216 0.7823338307663592 0.3365584183893993
v 0.1234570000000000 0.0627700000000000 0.1824570000000000
vn -0.3901798807425568 0.8825056464945499 0.2625708372400880
v 0.1323920000000000 0.0699260000000000 0.1765560000000000
vn -0.4818830500308734 0.7754711877144007 0.4079622079528441
v 0.1120910000000000 0.0628090000000000 0.1669100000000000
vn -0.5814975600432518 -0.7481335531033213 0.3196197340352204
v 0.1233150000000000 -0.0616770000000000 0.1921670000000000
vn -0.4273727180018481 -0.8698623480621110 0.2463575761603114
v 0.1326170000000000 -0.0690680000000000 0.1879470000000000
vn -0.6100084956619171 -0.7545965650847213 0.2418132733797405
v 0.1310930000000000 -0.0614170000000000 0.2092030000000000
vn -0.3626023515837279 -0.8585715635925973 0.3624560729469339
v 0.1103270000000000 -0.0708960000000000 0.1539030000000000
vn -0.4198301017222376 -0.7436017727061479 0.5203835982390009
v 0.0892460000000000 -0.0636480000000000 0.1477170000000000
vn -0.5825125805964718 -0.6133185220236265 0.5334036782677762
v 0.0959460000000000 -0.0525520000000000 0.1680670000000000
vn -0.4891833651080962 -0.7414798879508837 0.4592463511731625
v 0.1022350000000000 -0.0629070000000000 0.1608620000000000
vn -0.6985243369460898 -0.6123777335932733 0.3702124553458346
v 0.1155120000000000 -0.0519110000000000 0.1967300000000000
vn -0.5422393995916051 -0.7432041507453273 0.3919490066902229
v 0.1136450000000000 -0.0621870000000000 0.1759240000000000
vn -0.7870720362588716 -0.4686201624759889 0.4011393187663004
v 0.1094690000000000 -0.0401870000000000 0.2014050000000000
vn -0.8277918442527822 -0.4739477713403653 0.3002235377682407
v 0.1160020000000000 -0.0401950000000000 0.2163290000000000
vn -0.9452940390906271 -0.1474885229272330 0.2909747674016956
v 0.1090080000000000 -0.0130210000000000 0.2239020000000000
vn -0.9491050728783150 0.2171723449072053 0.2281134218851537
v 0.1117580000000000 0.0159900000000000 0.2300870000000000
vn -0.9004177525229294 -0.1446785135513675 0.4102633284344622
v 0.1037350000000000 -0.0128910000000000 0.2101200000000000
vn -0.7298405568810491 -0.4693363660998434 0.4970474192546963
v 0.1012350000000000 -0.0402590000000000 0.1874710000000000
vn -0.8543127484561612 -0.3134864068254936 0.4145793055145432
v 0.1054800000000000 -0.0270030000000000 0.2059930000000000
vn -0.6545840498397559 -0.4760089553499379 0.5873118389084668
v 0.0913880000000000 -0.0404080000000000 0.1748010000000000
vn -0.8381979006454656 -0.1467390449434130 0.5252541594719924
v 0.0967700000000000 -0.0128220000000000 0.1972240000000000
vn -0.9209339051134270 0.0372845629166251 0.3879311843364097
v 0.1043620000000000 0.0016260000000000 0.2135600000000000
vn -0.8558222916730122 0.2210088679700230 0.4676786133170542
v 0.1013430000000000 0.0160490000000000 0.2028760000000000
vn -0.9103485231311235 0.2205157575851225 0.3501976114847755
v 0.1074400000000000 0.0160550000000000 0.2160990000000000
vn -0.7600525993760511 -0.1509645122010718 0.6320836671182073
v 0.0881930000000000 -0.0128250000000000 0.1854230000000000
vn -0.7136452963817123 -0.3229487419465120 0.6216224746801096
v 0.0887510000000000 -0.0270080000000000 0.1806930000000000
vn -0.5643645938876820 -0.4843044928583669 0.6685370321554309
v 0.0800420000000000 -0.0405750000000000 0.1637050000000000
vn -0.6687490195182179 -0.1551380804998724 0.7271223589412152
v 0.0781350000000000 -0.0128900000000000 0.1748650000000000
vn -0.7866507359583900 0.0346635627289452 0.6164244130751637
v 0.0897910000000000 0.0016470000000000 0.1887750000000000
vn -0.7050612250018451 0.2166605177231586 0.6752383942422340
v 0.0841890000000000 0.0158170000000000 0.1795310000000000
vn -0.7865203913791287 0.2190209277467330 0.5774214294203001
v 0.0935400000000000 0.0159690000000000 0.1906320000000000
vn 0.7942890669120986 -0.5369510997824227 -0.2842329935569664
v 0.2060970000000000 -0.0417090000000000 0.1668370000000000
vn 0.8722032685400356 -0.3840787311130106 -0.3028943489976305
v 0.2133110000000000 -0.0289050000000000 0.1671360000000000
vn 0.8138410224762476 -0.5290129365815400 -0.2404331571647132
v 0.2156050000000000 -0.0417240000000000 0.1953080000000000
vn 0.8477468028028614 -0.4235416966260839 -0.3192769793715555
v 0.1908390000000000 -0.0294990000000000 0.1086790000000000
vn 0.7353211539676602 -0.6207259630167122 -0.2720332320960875
v 0.1717250000000000 -0.0457170000000000 0.0873390000000000
vn 0.6544486191468331 -0.7076282665387987 -0.2663817585573353
v 0.1745770000000000 -0.0553250000000000 0.1174860000000000
vn 0.7551940775558547 -0.5830550345229151 -0.2995475453780986
v 0.1835510000000000 -0.0430680000000000 0.1118790000000000
vn 0.6946707304725241 -0.6720360516487577 -0.2565153436134335
v 0.1973180000000000 -0.0530970000000000 0.1680820000000000
vn 0.7751462346284149 -0.5538912232966656 -0.3038960804227548
v 0.1952110000000000 -0.0420300000000000 0.1388310000000000
vn 0.5731886317613387 -0.7907378260783023 -0.2149150595666226
v 0.1873740000000000 -0.0625500000000000 0.1703860000000000
vn 0.5887374274184403 -0.7863656136059431 -0.1871292689422618
v 0.1967160000000000 -0.0622750000000000 0.1956850000000000
vn 0.2253192750556424 -0.9718971447557659 -0.0681701129820790
v 0.1744640000000000 -0.0735330000000000 0.1989640000000000
vn -0.2456017599158597 -0.9635550726860306 0.1060254565057406
v 0.1516290000000000 -0.0732440000000000 0.2035180000000000
vn 0.2234317637107667 -0.9724791637686838 -0.0660493981869457
v 0.1654360000000000 -0.0740570000000000 0.1769430000000000
vn 0.5567955296932110 -0.7998490780830113 -0.2240986175847889
v 0.1765080000000000 -0.0635150000000000 0.1463150000000000
vn 0.4183643353338208 -0.8953994127516198 -0.1524177632848117
v 0.1766350000000000 -0.0697000000000000 0.1735420000000000
vn 0.5391442972501991 -0.8142318444681813 -0.2152903393014475
v 0.1644660000000000 -0.0653830000000000 0.1236870000000000
vn 0.2202776389263004 -0.9739868517408117 -0.0531730610843174
v 0.1546190000000000 -0.0752090000000000 0.1558530000000000
vn -0.0036565409655489 -0.9991773160211953 0.0403896132297351
v 0.1540990000000000 -0.0754500000000000 0.1804530000000000
vn -0.2147724487198431 -0.9568832786164715 0.1955688788510960
v 0.1324270000000000 -0.0746800000000000 0.1653080000000000
vn -0.2316939875024464 -0.9610478436514515 0.1506815793921465
v 0.1430320000000000 -0.0737290000000000 0.1840990000000000
vn 0.2119515991068461 -0.9768230483140964 -0.0298873203617701
v 0.1421700000000000 -0.0770820000000000 0.1357780000000000
vn 0.3937922691639468 -0.9088317812333281 -0.1376678690434544
v 0.1535500000000000 -0.0727490000000000 0.1298720000000000
vn 0.5184067423499352 -0.8341568610588672 -0.1882465952800896
v 0.1516000000000000 -0.0683920000000000 0.1027830000000000
vn 0.1975414692324334 -0.9802891949074789 0.0032345449661562
v 0.1282900000000000 -0.0796740000000000 0.1166480000000000
vn 0.0058540945426115 -0.9947108638630692 0.1025476810555604
v 0.1307300000000000 -0.0782330000000000 0.1414340000000000
vn -0.1710617179348379 -0.9427645847019666 0.2862391071969561
v 0.1052390000000000 -0.0780870000000000 0.1301900000000000
vn -0.1945177367934163 -0.9508784723906886 0.2408173183488219
v 0.1199630000000000 -0.0761010000000000 0.1474180000000000
vn -0.2010778403347237 0.9564069065597386 0.2117865227325738
v 0.1268880000000000 0.0751900000000000 0.1500940000000000
vn 0.2259613480492329 0.9689630560013737 -0.1002599884911832
v 0.1584570000000000 0.0750620000000000 0.1540840000000000
vn 0.6212163438328311 0.7503915661066067 -0.2258378880326408
v 0.2015040000000000 0.0623680000000000 0.1925780000000000
vn 0.2366866645169295 0.9665616116144021 -0.0986816791163383
v 0.1718960000000000 0.0744300000000000 0.1776340000000000
vn -0.0005028815393151 0.9992705933011908 0.0381841390323717
v 0.1495860000000000 0.0764350000000000 0.1616760000000000
vn -0.2249660415042750 0.9669844515238932 0.1197136194462949
v 0.1525600000000000 0.0742630000000000 0.1894760000000000
vn -0.2167433929357408 0.9620652105538927 0.1656889623982153
v 0.1411460000000000 0.0745620000000000 0.1694840000000000
vn 0.2462567812649086 0.9657319065638768 -0.0819724485760109
v 0.1823900000000000 0.0741410000000000 0.2013810000000000
vn 0.4573383640847900 0.8743250289340472 -0.1624726577480833
v 0.1923240000000000 0.0696560000000000 0.1969260000000000
vn 0.6413804258014177 0.7515246604292132 -0.1544080119862564
v 0.2097480000000000 0.0623530000000000 0.2190740000000000
vn 0.2513379816935828 0.9663650342167606 -0.0544778817634784
v 0.1893050000000000 0.0741410000000000 0.2253040000000000
vn 0.0043959554090384 0.9999857637058851 0.0030245597364499
v 0.1718030000000000 0.0757190000000000 0.2057090000000000
vn -0.2267569744776113 0.9733407230820013 0.0344834933840354
v 0.1661660000000000 0.0743660000000000 0.2305230000000000
vn -0.2277030340976821 0.9708342192572091 0.0750482976619396
v 0.1609220000000000 0.0742390000000000 0.2098160000000000
vn 0.4155221429561920 0.8850854580810346 -0.2096785172748486
v 0.1676570000000000 0.0705490000000000 0.1469430000000000
vn 0.2198318274585910 0.9719041530166560 -0.0841206573036185
v 0.1418120000000000 0.0764390000000000 0.1299450000000000
vn 0.5425422162214204 0.8026943765784827 -0.2476483018856188
v 0.1633970000000000 0.0636910000000000 0.1146290000000000
vn 0.6827829476803984 0.6583449554769764 -0.3168428095363445
v 0.1855260000000000 0.0529980000000000 0.1344010000000000
vn 0.5627318511188943 0.7790736123115917 -0.2763641987234787
v 0.1768660000000000 0.0630450000000000 0.1404290000000000
vn 0.7432461050903805 0.6121421315372012 -0.2699393229321565
v 0.2095570000000000 0.0526460000000000 0.1883580000000000
vn 0.5926846028356360 0.7590334379818914 -0.2694312557721449
v 0.1901920000000000 0.0625990000000000 0.1663710000000000
vn 0.8335540995948522 0.4650852534602868 -0.2981329737925620
v 0.2159240000000000 0.0409360000000000 0.1841240000000000
vn 0.8631513366689447 0.4543297169987856 -0.2203503534338380
v 0.2247750000000000 0.0410280000000000 0.2123690000000000
vn 0.9596405383465931 0.1211744026751813 -0.2537849508898706
v 0.2314160000000000 0.0137740000000000 0.2053260000000000
vn 0.9399927581966517 -0.2217639834913910 -0.2592958737887688
v 0.2280490000000000 -0.0151580000000000 0.1989300000000000
vn 0.9362926967777414 0.1381012837943446 -0.3229303661395413
v 0.2221870000000000 0.0136760000000000 0.1758010000000000
vn 0.8032904841464176 0.4901058435888764 -0.3384090131185187
v 0.2047730000000000 0.0409400000000000 0.1561620000000000
vn 0.8981719670726742 0.3063514234061629 -0.3153346205887023
v 0.2202760000000000 0.0277560000000000 0.1799280000000000
vn 0.7804143444734709 0.5236986560033075 -0.3416038182461844
v 0.1923780000000000 0.0410850000000000 0.1282840000000000
vn 0.9195312711003335 0.1666164274713814 -0.3559511308666951
v 0.2110960000000000 0.0136950000000000 0.1461490000000000
vn 0.9457872674914176 -0.0382004366314203 -0.3225324344810716
v 0.2216240000000000 -0.0007720000000000 0.1719540000000000
vn 0.9153439761262505 -0.2136881592846237 -0.3412957309298423
v 0.2076160000000000 -0.0150400000000000 0.1386990000000000
vn 0.9241090247815890 -0.2159268655073305 -0.3152746407014044
v 0.2185750000000000 -0.0151280000000000 0.1689830000000000
vn 0.9128810684829199 0.2022975733845249 -0.3545755865936276
v 0.1991760000000000 0.0138390000000000 0.1161480000000000
vn 0.8580118793758560 0.3728408465992008 -0.3532779613238032
v 0.1969950000000000 0.0278740000000000 0.1221080000000000
vn 0.7694843454231626 0.5574126950106227 -0.3117449752436783
v 0.1800030000000000 0.0414700000000000 0.1003170000000000
vn 0.9175800525643351 0.2424527464206472 -0.3150611256393231
v 0.1875600000000000 0.0143170000000000 0.0856630000000000
vn 0.9376780428664572 0.0019432667509639 -0.3474998009214756
v 0.1989120000000000 -0.0005590000000000 0.1110020000000000
vn 0.9233676067382508 -0.2511578487172649 -0.2903652834864912
v 0.1851830000000000 -0.0154430000000000 0.0766830000000000
vn 0.9165694573161719 -0.2201349315237294 -0.3338278625851671
v 0.1960450000000000 -0.0151360000000000 0.1083700000000000
vn -0.1758550953744354 0.9499893749112472 0.2580604056932910
v 0.1095280000000000 0.0765480000000000 0.1305240000000000
vn -0.3199430343721751 0.8699532044968337 0.3752570808691232
v 0.1045970000000000 0.0707980000000000 0.1428500000000000
vn -0.2736498006613522 0.7665777449950200 0.5809254233344865
v 0.0663480000000000 0.0638580000000000 0.1291120000000000
vn -0.1605493387121312 0.5181395099525179 0.8400924699491491
v 0.0278550000000000 0.0414610000000000 0.1363710000000000
vn -0.3598062865734478 0.7703745418685175 0.5263672685331962
v 0.0832920000000000 0.0633970000000000 0.1395070000000000
vn -0.3409957315878777 0.6589770666364156 0.6704260859230590
v 0.0630980000000000 0.0534190000000000 0.1392970000000000
vn -0.4284922714394577 0.7718315264694894 0.4697557536256813
v 0.0986170000000000 0.0630250000000000 0.1524520000000000
vn -0.5092017569147176 0.6615063194840536 0.5505660360371188
v 0.0921180000000000 0.0532790000000000 0.1600930000000000
vn -0.1709676444311060 0.3724525518993720 0.9121672879145165
v 0.0246900000000000 0.0282790000000000 0.1425220000000000
vn -0.3846107775069785 0.5353251853208665 0.7519983349626896
v 0.0586090000000000 0.0416350000000000 0.1469770000000000
vn -0.2763998527544402 0.5296228424773988 0.8019368841271015
v 0.0436150000000000 0.0415350000000000 0.1405710000000000
vn -0.4818622581410595 0.5358666340615136 0.6932933828321045
v 0.0726020000000000 0.0417670000000000 0.1553340000000000
vn -0.4053475795539969 0.3858038975145487 0.8287633512724244
v 0.0535910000000000 0.0287410000000000 0.1520260000000000
vn -0.5670289265793353 0.5349819140233938 0.6263166516149423
v 0.0853850000000000 0.0419120000000000 0.1654890000000000
vn -0.6024299388264540 0.3860135270470607 0.6986213035273423
v 0.0789840000000000 0.0292350000000000 0.1686850000000000
vn 0.0709016027602470 0.3513888676615748 0.9335410148512727
v -0.0059370000000000 0.0279420000000000 0.1409730000000000
vn 0.1623294379992457 0.4989766546217358 0.8512763662297633
v -0.0212390000000000 0.0413760000000000 0.1365820000000000
vn 0.0591138071708977 0.6233914883805995 0.7796721169930234
v -0.0061720000000000 0.0540280000000000 0.1259460000000000
vn 0.0604701898904086 0.4993923820290807 0.8642630415017982
v -0.0048960000000000 0.0413970000000000 0.1344890000000000
vn -0.1320571342090009 0.6376112869870184 0.7589550447893894
v 0.0294740000000000 0.0537420000000000 0.1277450000000000
vn -0.0467853077093501 0.5065765298290387 0.8609247089083404
v 0.0115630000000000 0.0414240000000000 0.1343960000000000
vn -0.0874032141098739 0.7353214809621125 0.6720587755538566
v 0.0288590000000000 0.0648870000000000 0.1169280000000000
vn -0.1799689213122829 0.8588656972376640 0.4795423875635547
v 0.0678280000000000 0.0729010000000000 0.1156580000000000
vn -0.1786647957470568 0.7534503186446964 0.6327649706604088
v 0.0480200000000000 0.0644020000000000 0.1215200000000000
vn -0.0088285606489904 0.7266759736759892 0.6869236389868382
v 0.0092290000000000 0.0652890000000000 0.1151780000000000
vn -0.0393338797377321 0.8146721706250940 0.5785862946128049
v 0.0246580000000000 0.0749550000000000 0.1041800000000000
vn 0.0592691559895919 0.7293436029676371 0.6815754367335042
v -0.0100290000000000 0.0654760000000000 0.1156480000000000
vn 0.0545393042707571 0.8186300520893877 0.5717257227952827
v -0.0167760000000000 0.0754990000000000 0.1038950000000000
vn 0.1259868945384014 0.7375443151549308 0.6634423001190185
v -0.0284350000000000 0.0653870000000000 0.1182120000000000
vn -0.5679628783001279 -0.1578554941060784 0.8077746046104446
v 0.0667550000000000 -0.0130150000000000 0.1657150000000000
vn -0.5212030036617863 -0.3328154241932124 0.7858634247711394
v 0.0661130000000000 -0.0272060000000000 0.1608870000000000
vn -0.2676990199529146 -0.4865206579025736 0.8316458886751597
v 0.0384610000000000 -0.0410300000000000 0.1408600000000000
vn -0.0572399870083069 -0.7237976873457015 0.6876339808941259
v 0.0060360000000000 -0.0649410000000000 0.1158980000000000
vn -0.3669517145710979 -0.4887390890245362 0.7915052381587869
v 0.0533980000000000 -0.0409060000000000 0.1466880000000000
vn -0.2290611910378137 -0.6182394886574203 0.7518716016880475
v 0.0396090000000000 -0.0537030000000000 0.1323670000000000
vn -0.4669604680016299 -0.4888014683878480 0.7368996171973375
v 0.0673280000000000 -0.0407510000000000 0.1543340000000000
vn -0.4085233684927489 -0.6238914863736754 0.6662342460619867
v 0.0702740000000000 -0.0532900000000000 0.1461980000000000
vn -0.0567992414518948 -0.8113028170260436 0.5818604517030657
v 0.0077670000000000 -0.0750920000000000 0.1037970000000000
vn -0.1895510729862154 -0.7298974634105714 0.6567496354293528
v 0.0422090000000000 -0.0651620000000000 0.1221330000000000
vn -0.1237623018116814 -0.7242044179248045 0.6783884239198582
v 0.0244390000000000 -0.0651960000000000 0.1180160000000000
vn -0.2608639849353150 -0.7383777031704269 0.6218909460865567
v 0.0590630000000000 -0.0648630000000000 0.1282690000000000
vn -0.1417895558724785 -0.8244515572360560 0.5478826075141715
v 0.0459230000000000 -0.0751750000000000 0.1102970000000000
vn -0.3398407635230009 -0.7442974100365141 0.5749170556358902
v 0.0747930000000000 -0.0643480000000000 0.1367970000000000
vn -0.2525232830667845 -0.8507252624226546 0.4609756169094827
v 0.0808170000000000 -0.0735920000000000 0.1259460000000000
vn 0.0459012024656708 -0.8286124408326726 0.5579377227877015
v -0.0322590000000000 -0.0733470000000000 0.1058510000000000
vn 0.1818983612032183 -0.7688421447941852 0.6130209968507284
v -0.0496230000000000 -0.0632210000000000 0.1227750000000000
vn 0.1322221132073225 -0.6444596711677006 0.7531195423154342
v -0.0289910000000000 -0.0530910000000000 0.1282060000000000
vn 0.0936910561420097 -0.7466397366800658 0.6585978208355361
v -0.0314720000000000 -0.0637990000000000 0.1180550000000000
vn -0.0590454714968945 -0.6172253522113806 0.7845677133831384
v 0.0056700000000000 -0.0535710000000000 0.1262350000000000
vn 0.0135794606977358 -0.7306788109949138 0.6825863120589347
v -0.0127290000000000 -0.0644510000000000 0.1158790000000000
vn -0.5130498156557980 0.2144317433404984 0.8311431369526590
v 0.0615210000000000 0.0153450000000000 0.1612990000000000
vn -0.4602236826101691 -0.1594277523797428 0.8733710286790362
v 0.0542590000000000 -0.0131900000000000 0.1580640000000000
vn -0.6137386008259688 0.2153738383135616 0.7595650331777170
v 0.0734450000000000 0.0156080000000000 0.1697090000000000
vn -0.6010961660510385 0.0294676229633340 0.7986332439584726
v 0.0692490000000000 0.0013820000000000 0.1687000000000000
vn -0.3471864582463504 -0.1618136349037122 0.9237304318737168
v 0.0408590000000000 -0.0134090000000000 0.1520450000000000
vn -0.0660584930945056 -0.4919149811687467 0.8681335881025655
v 0.0066860000000000 -0.0411090000000000 0.1346700000000000
vn -0.3076546432252143 -0.3337453916924294 0.8910458091624880
v 0.0388920000000000 -0.0275050000000000 0.1474720000000000
vn -0.1687915707156134 -0.4863072382043447 0.8573299689882647
v 0.0227970000000000 -0.0410990000000000 0.1368310000000000
vn -0.2294243934085524 -0.1675361893992037 0.9587992871037774
v 0.0268320000000000 -0.0136700000000000 0.1477270000000000
vn -0.3816580410213973 0.0245550280473260 0.9239773754380053
v 0.0442090000000000 0.0008790000000000 0.1544460000000000
vn -0.2854335717951543 0.2073054304869153 0.9357094284995183
v 0.0349330000000000 0.0147370000000000 0.1493590000000000
vn -0.4034684112619447 0.2124378675954717 0.8899906704709051
v 0.0486140000000000 0.0150470000000000 0.1544860000000000
vn -0.1063092712648274 -0.1777581574444143 0.9783150700592873
v 0.0123910000000000 -0.0139480000000000 0.1451980000000000
vn 0.0418005191727608 -0.5045812669353291 0.8623517041525608
v -0.0094890000000000 -0.0411340000000000 0.1344740000000000
vn -0.0816910976702720 -0.3456848872879167 0.9347879563099679
v 0.0090390000000000 -0.0278370000000000 0.1410460000000000
vn 0.1547208677248307 -0.5216772455099662 0.8389960098877766
v -0.0254810000000000 -0.0411780000000000 0.1363120000000000
vn 0.0204868792645642 -0.1913657949482443 0.9813049578504256
v -0.0022180000000000 -0.0142460000000000 0.1445260000000000
vn -0.1355212325360552 0.0086873586332523 0.9907363551075966
v 0.0164140000000000 0.0002460000000000 0.1469330000000000
vn -0.0335064179824583 0.1882440061602231 0.9815505662464541
v 0.0060990000000000 0.0141480000000000 0.1446490000000000
vn -0.1606805123173553 0.1987675262267762 0.9667850037516719
v 0.0206910000000000 0.0144310000000000 0.1460700000000000
vn 0.1470986900966408 -0.2039210050092986 0.9678730283915604
v -0.0167840000000000 -0.0145450000000000 0.1457420000000000
vn 0.1601342083787119 -0.3758571820152821 0.9127367714924465
v -0.0212800000000000 -0.0282510000000000 0.1422080000000000
vn 0.2680964707729097 -0.5377904414817125 0.7993157845370096
v -0.0410100000000000 -0.0412920000000000 0.1402970000000000
vn 0.2709865882617984 -0.2133718668361399 0.9386366258702519
v -0.0310860000000000 -0.0148360000000000 0.1488300000000000
vn 0.1213194160148240 -0.0130558596319692 0.9925276539356939
v -0.0124070000000000 -0.0003750000000000 0.1467320000000000
vn 0.2151989221669884 0.1719313998752276 0.9613162942731757
v -0.0232080000000000 0.0136910000000000 0.1474430000000000
vn 0.0928017450929815 0.1780898072530210 0.9796284278542958
v -0.0086060000000000 0.0138980000000000 0.1451140000000000
vn 0.1513961209233788 0.8415908712253177 0.5184631327679571
v -0.0534180000000000 0.0743710000000000 0.1122660000000000
vn 0.3459131417347677 0.7597943242898216 0.5505058429773074
v -0.0763710000000000 0.0638480000000000 0.1381210000000000
vn 0.6456430112196786 0.4911758363632762 0.5847148021352135
v -0.0894960000000000 0.0407280000000000 0.1741350000000000
vn 0.2699324357665566 0.7555771943215064 0.5968580933039064
v -0.0616650000000000 0.0644710000000000 0.1294450000000000
vn 0.4099702143523533 0.6410081131898938 0.6488705742816651
v -0.0699840000000000 0.0532710000000000 0.1464530000000000
vn 0.1956219792424145 0.7474294243114809 0.6348868378779707
v -0.0457110000000000 0.0650390000000000 0.1228140000000000
vn 0.2300223156701778 0.6347646238473011 0.7376744584203274
v -0.0401840000000000 0.0538870000000000 0.1323570000000000
vn 0.7042851457298950 0.3333188088371553 0.6268022057871211
v -0.0864090000000000 0.0274580000000000 0.1797320000000000
vn 0.4635032079907176 0.5041496636819374 0.7286960222148211
v -0.0656620000000000 0.0410110000000000 0.1539080000000000
vn 0.5591548123447263 0.4988133053988071 0.6622168694535426
v -0.0782240000000000 0.0408470000000000 0.1632050000000000
vn 0.3625641393064414 0.5054350598997459 0.7829959419518849
v -0.0518590000000000 0.0411650000000000 0.1463250000000000
vn 0.5115036437321068 0.3470702181739174 0.7860701534249264
v -0.0635690000000000 0.0275460000000000 0.1601620000000000
vn 0.2617698891162662 0.5025736837861104 0.8239515868773579
v -0.0369870000000000 0.0413000000000000 0.1405470000000000
vn 0.2958268835202611 0.3478228597797924 0.8896660683657081
v -0.0361540000000000 0.0277250000000000 0.1470510000000000
vn 0.8460686475744734 0.3213032477524248 0.4253611013894493
v -0.1035190000000000 0.0275680000000000 0.2048110000000000
vn 0.8216187122976180 0.4804019150042577 0.3068496238593850
v -0.1143260000000000 0.0407760000000000 0.2150410000000000
vn 0.6907178293653019 0.6242169693762217 0.3650507572100770
v -0.1139050000000000 0.0523340000000000 0.1956020000000000
vn 0.7785121610464798 0.4798521189116310 0.4045500699280100
v -0.1076510000000000 0.0406820000000000 0.2002580000000000
vn 0.5731291403836730 0.6323367022763030 0.5212228730566246
v -0.0947560000000000 0.0526360000000000 0.1678810000000000
vn 0.7195724667505550 0.4840311602283336 0.4979249953783547
v -0.0993430000000000 0.0406640000000000 0.1865450000000000
vn 0.4819206372732378 0.7582961080733086 0.4390210836065047
v -0.1019210000000000 0.0626970000000000 0.1612450000000000
vn 0.2637765683926150 0.8600629195698113 0.4367077928639109
v -0.0845270000000000 0.0723520000000000 0.1292490000000000
vn 0.4175552215346327 0.7602352226324904 0.4976846825431656
v -0.0897810000000000 0.0632260000000000 0.1487560000000000
vn 0.5357152219150551 0.7563346010590501 0.3754559524755874
v -0.1126790000000000 0.0622900000000000 0.1754090000000000
vn 0.3628884146187875 0.8677589766122071 0.3395678975468645
v -0.1106060000000000 0.0705190000000000 0.1544950000000000
vn 0.5770423400687664 0.7564006459824726 0.3080262984312548
v -0.1219620000000000 0.0620500000000000 0.1910100000000000
vn 0.4285565676928446 0.8728755340820080 0.2332971716253277
v -0.1314220000000000 0.0694500000000000 0.1866280000000000
vn 0.6064797954004963 0.7589931976685860 0.2368788375178061
v -0.1296320000000000 0.0619760000000000 0.2077520000000000
vn 0.3883145621991473 -0.2180268874910373 0.8953636563514599
v -0.0449040000000000 -0.0151080000000000 0.1537650000000000
vn 0.3918073049194812 -0.3945078669972983 0.8311742168095535
v -0.0501730000000000 -0.0287590000000000 0.1512610000000000
vn 0.5541306790745854 -0.5473472822180451 0.6271763254116491
v -0.0826640000000000 -0.0418800000000000 0.1644110000000000
vn 0.5119419783986862 -0.7945225863285306 0.3265719990554332
v -0.1218050000000000 -0.0626720000000000 0.1813100000000000
vn 0.4695366537050998 -0.5493877922275505 0.6911645133965972
v -0.0698070000000000 -0.0416730000000000 0.1544910000000000
vn 0.4965112142785185 -0.6801420065021745 0.5393361336744156
v -0.0900010000000000 -0.0530910000000000 0.1592400000000000
vn 0.3737635876493514 -0.5469799758407777 0.7490752209068913
v -0.0558550000000000 -0.0414690000000000 0.1464130000000000
vn 0.3334867124708886 -0.6757758414381937 0.6573535005869067
v -0.0615630000000000 -0.0528840000000000 0.1393260000000000
vn 0.3758338413513895 -0.8953317008309363 0.2390189724315656
v -0.1312940000000000 -0.0696560000000000 0.1756690000000000
vn 0.4146491963650633 -0.7949450434717603 0.4428638863279423
v -0.0975690000000000 -0.0624960000000000 0.1522020000000000
vn 0.4676358760814982 -0.7944475750011496 0.3875174034495512
v -0.1105960000000000 -0.0625500000000000 0.1660770000000000
vn 0.3493179005604676 -0.7937701903025773 0.4979014855722338
v -0.0829540000000000 -0.0625400000000000 0.1400170000000000
vn 0.3045608962138555 -0.8926334257798280 0.3323375207194960
v -0.1051020000000000 -0.0697590000000000 0.1435810000000000
vn 0.2698289496449404 -0.7863606724115572 0.5557240599595740
v -0.0669020000000000 -0.0627700000000000 0.1301510000000000
vn 0.1810513719149265 -0.8772453917996953 0.4445907368512328
v -0.0717300000000000 -0.0709550000000000 0.1185940000000000
vn 0.4176906510696895 -0.8991195278254359 0.1308380475700560
v -0.1486590000000000 -0.0699020000000000 0.2121290000000000
vn 0.5927445513095303 -0.7987558650313014 0.1031647467450049
v -0.1422780000000000 -0.0630690000000000 0.2327340000000000
vn 0.6977669269850056 -0.6786125746037681 0.2293606095116315
v -0.1276770000000000 -0.0536580000000000 0.2165790000000000
vn 0.5750344700752497 -0.7975244354999752 0.1824558385081788
v -0.1378130000000000 -0.0629520000000000 0.2148440000000000
vn 0.6160789700820583 -0.6770824079492026 0.4024998328798904
v -0.1126350000000000 -0.0534090000000000 0.1856870000000000
vn 0.5479078737874125 -0.7958627139468544 0.2576810089837906
v -0.1309460000000000 -0.0628090000000000 0.1976360000000000
vn 0.4455627332746867 0.1701826135064693 0.8789264638050774
v -0.0510280000000000 0.0134000000000000 0.1573970000000000
vn 0.4979165642331462 -0.2185472127542983 0.8392354918969924
v -0.0580390000000000 -0.0153370000000000 0.1604310000000000
vn 0.3324085640806541 0.1700641378041945 0.9276759863005798
v -0.0374240000000000 0.0135210000000000 0.1515650000000000
vn 0.3662336299359008 -0.0242743223672493 0.9302062596959798
v -0.0405060000000000 -0.0008780000000000 0.1538630000000000
vn 0.5989166135100872 -0.2170249235439750 0.7708430920896552
v -0.0702640000000000 -0.0155090000000000 0.1687430000000000
vn 0.6938238100626726 -0.5431887566180796 0.4728154981320102
v -0.1041760000000000 -0.0422070000000000 0.1885890000000000
vn 0.5884263960701368 -0.3932747816368551 0.7064625414955802
v -0.0759440000000000 -0.0292150000000000 0.1676110000000000
vn 0.6285036624307474 -0.5445427361416200 0.5553884719964353
v -0.0941970000000000 -0.0420610000000000 0.1758400000000000
vn 0.6913118217514030 -0.2162475229970028 0.6894381581435836
v -0.0813510000000000 -0.0156160000000000 0.1785120000000000
vn 0.5861046373992285 -0.0243111708835346 0.8098705581692611
v -0.0660690000000000 -0.0011730000000000 0.1678170000000000
vn 0.6562557947327039 0.1647910637596939 0.7363234596185944
v -0.0753420000000000 0.0132880000000000 0.1738950000000000
vn 0.5544198724638151 0.1687689377744618 0.8149451826102703
v -0.0637410000000000 0.0133240000000000 0.1648810000000000
vn 0.7741125461117355 -0.2171750429671167 0.5946299409419584
v -0.0910800000000000 -0.0156610000000000 0.1896130000000000
vn 0.7490535607041117 -0.5433990299347208 0.3789937433025725
v -0.1123950000000000 -0.0423070000000000 0.2024440000000000
vn 0.7469063593989462 -0.3902461989472851 0.5383667843548747
v -0.0968480000000000 -0.0294760000000000 0.1899170000000000
vn 0.7924184650748438 -0.5438249812173892 0.2762740777060613
v -0.1186730000000000 -0.0423640000000000 0.2172410000000000
vn 0.8454113818673314 -0.2193865644767529 0.4869795999179601
v -0.0992700000000000 -0.0156470000000000 0.2018810000000000
vn 0.7740640861970817 -0.0296632493908433 0.6324119560029314
v -0.0872520000000000 -0.0012310000000000 0.1877260000000000
vn 0.8287151082182653 0.1514150443617754 0.5387993631693623
v -0.0945150000000000 0.0133620000000000 0.1960970000000000
vn 0.7488135873502791 0.1581585146940948 0.6436335103374931
v -0.0856590000000000 0.0133030000000000 0.1843490000000000
vn 0.9024799939967175 -0.2212708385507983 0.3695525354299591
v -0.1057440000000000 -0.0155810000000000 0.2151680000000000
vn 0.8612300078327687 -0.3914046480671373 0.3241685905201329
v -0.1112290000000000 -0.0295140000000000 0.2167700000000000
vn 0.8226263921621930 -0.5432578632583713 0.1677996213528583
v -0.1229080000000000 -0.0423740000000000 0.2327780000000000
vn 0.9436361659270354 -0.2204896176292911 0.2468503896537614
v -0.1104100000000000 -0.0154770000000000 0.2292640000000000
vn 0.9131976676756545 -0.0377326961261237 0.4057662669503202
v -0.1025140000000000 -0.0010770000000000 0.2125260000000000
vn 0.9398178729092811 0.1480332533101340 0.3079423999300709
v -0.1073510000000000 0.0136300000000000 0.2227940000000000
vn 0.8927789874654400 0.1474062262466442 0.4256959995159772
v -0.1017740000000000 0.0134750000000000 0.2089880000000000
vn -0.7852803915187516 -0.5197656196405621 -0.3364199865284741
v -0.1922160000000000 -0.0407480000000000 0.1262060000000000
vn -0.8626742650384414 -0.3679054523459487 -0.3470427791706779
v -0.1964710000000000 -0.0276840000000000 0.1195450000000000
vn -0.7727777051781910 -0.5548453950902998 -0.3081577614252447
v -0.1800570000000000 -0.0410830000000000 0.0980970000000000
vn -0.9008213771040828 -0.3039237221524555 -0.3100825981336280
v -0.2194380000000000 -0.0276760000000000 0.1780210000000000
vn -0.8642335781115039 -0.4541015969916953 -0.2165457505336434
v -0.2238730000000000 -0.0409770000000000 0.2108160000000000
vn -0.7451539531206415 -0.6123508967275313 -0.2641438347296204
v -0.2089790000000000 -0.0524360000000000 0.1868290000000000
vn -0.8368674033548119 -0.4627522985557789 -0.2924265025327184
v -0.2152180000000000 -0.0407890000000000 0.1823890000000000
vn -0.6847057219269763 -0.6586182116990049 -0.3120899318767955
v -0.1859330000000000 -0.0524160000000000 0.1330380000000000
vn -0.8081651907368167 -0.4862532158552824 -0.3323053333182016
v -0.2043180000000000 -0.0406940000000000 0.1542460000000000
vn -0.5587252528236792 -0.7834505713051556 -0.2720869239392827
v -0.1779390000000000 -0.0621670000000000 0.1399390000000000
vn -0.5356431260342062 -0.8078553192077975 -0.2458784755930684
v -0.1650930000000000 -0.0625840000000000 0.1147170000000000
vn -0.2054081795554542 -0.9737939385975177 -0.0976362889629057
v -0.1452040000000000 -0.0746020000000000 0.1321360000000000
vn 0.1862444970869517 -0.9681989983728952 0.1670439668307449
v -0.1277120000000000 -0.0741510000000000 0.1506830000000000
vn 0.1629047473410951 -0.9648683947496843 0.2061335103929033
v -0.1124590000000000 -0.0747090000000000 0.1330820000000000
vn -0.2190787066492815 -0.9690684160379543 -0.1136262528228766
v -0.1596820000000000 -0.0740230000000000 0.1543930000000000
vn -0.5908208983646077 -0.7622376610613191 -0.2644322486297908
v -0.1903880000000000 -0.0620540000000000 0.1653860000000000
vn -0.4056653085686438 -0.8896262726687458 -0.2097635630928817
v -0.1690380000000000 -0.0695040000000000 0.1470510000000000
vn -0.6201667176379732 -0.7525326876124545 -0.2215576593325502
v -0.2010190000000000 -0.0621080000000000 0.1912890000000000
vn -0.2345735468144770 -0.9659924919477706 -0.1087830714560535
v -0.1719100000000000 -0.0739010000000000 0.1770120000000000
vn -0.0051709305633714 -0.9999438378501603 0.0092510876442302
v -0.1502080000000000 -0.0755820000000000 0.1617790000000000
vn 0.2146343867596847 -0.9713761826277607 0.1017860100594055
v -0.1516240000000000 -0.0740530000000000 0.1884560000000000
vn 0.2027972152906152 -0.9701017478727418 0.1333262473957140
v -0.1408370000000000 -0.0740280000000000 0.1690470000000000
vn -0.2459927928014052 -0.9652961948974328 -0.0876972177797125
v -0.1816790000000000 -0.0739450000000000 0.2002730000000000
vn -0.4547682571370815 -0.8756646994763830 -0.1624720480311522
v -0.1917900000000000 -0.0694010000000000 0.1957880000000000
vn -0.6404435128918305 -0.7528098296172148 -0.1520179832337997
v -0.2088710000000000 -0.0622750000000000 0.2177170000000000
vn -0.2513102597033289 -0.9662399871598570 -0.0567753518805878
v -0.1883590000000000 -0.0740870000000000 0.2241080000000000
vn -0.0080232336922569 -0.9999534660247759 -0.0053566319788386
v -0.1709060000000000 -0.0755870000000000 0.2045810000000000
vn 0.2266560695119374 -0.9732670485051890 0.0371251726918265
v -0.1651910000000000 -0.0743220000000000 0.2294740000000000
vn 0.2223656603144885 -0.9724777646399846 0.0695737766239565
v -0.1598240000000000 -0.0741700000000000 0.2086450000000000
vn 0.2455985399153149 0.9640134539475002 0.1017812251826260
v -0.1503500000000000 0.0738370000000000 0.2018460000000000
vn -0.2190421510675507 0.9733912986883605 -0.0673046483794934
v -0.1642300000000000 0.0746110000000000 0.1749340000000000
vn -0.5345484518939209 0.8179832368463471 -0.2125120627545301
v -0.1634220000000000 0.0658430000000000 0.1210890000000000
vn -0.2100240424116216 0.9761393794970700 -0.0551526373272991
v -0.1536090000000000 0.0756060000000000 0.1539030000000000
vn 0.0100164665860724 0.9993249283350558 0.0353462587166690
v -0.1529280000000000 0.0759450000000000 0.1786340000000000
vn 0.2242320476745694 0.9575630579313448 0.1810883179027334
v -0.1318180000000000 0.0747880000000000 0.1643910000000000
vn 0.2371082863104683 0.9612392809660564 0.1407078721705788
v -0.1418710000000000 0.0741650000000000 0.1825160000000000
vn -0.1956758237070828 0.9801512818504889 -0.0318502229724989
v -0.1418220000000000 0.0771500000000000 0.1345030000000000
vn -0.3841257926501380 0.9131096206736542 -0.1366681969373944
v -0.1527470000000000 0.0730580000000000 0.1278030000000000
vn -0.5110834258973476 0.8392393437105339 -0.1856638245360220
v -0.1509530000000000 0.0686660000000000 0.1005870000000000
vn -0.1768628860370688 0.9842318401511332 0.0026840967480984
v -0.1291130000000000 0.0792430000000000 0.1169910000000000
vn 0.0123581029215663 0.9954845172732278 0.0941161684380989
v -0.1309410000000000 0.0780180000000000 0.1411300000000000
vn 0.1829209137894438 0.9463087696276236 0.2665326468264034
v -0.1077930000000000 0.0769390000000000 0.1329400000000000
vn 0.2061431421729229 0.9527433161482050 0.2231259251409295
v -0.1204090000000000 0.0757240000000000 0.1477810000000000
vn -0.4162041642412924 0.8965301216659510 -0.1516833366386777
v -0.1754840000000000 0.0702690000000000 0.1714740000000000
vn -0.2250351341841124 0.9719299010046176 -0.0686400460073608
v -0.1733660000000000 0.0741210000000000 0.1972690000000000
vn -0.5889366873712316 0.7862343895743056 -0.1870536364760632
v -0.1958970000000000 0.0627650000000000 0.1942000000000000
vn -0.6949920477395182 0.6725423495734748 -0.2543085559099842
v -0.1964170000000000 0.0535670000000000 0.1661410000000000
vn -0.5724405450614387 0.7917385496518227 -0.2132179433466884
v -0.1863450000000000 0.0630890000000000 0.1683660000000000
vn -0.6525348198981125 0.7109197555753498 -0.2622811658377759
v -0.1735040000000000 0.0558350000000000 0.1146240000000000
vn -0.5543778804590920 0.8022291356909257 -0.2215707099466783
v -0.1753560000000000 0.0640640000000000 0.1438550000000000
vn -0.7548665416915682 0.5861735356607730 -0.2942398516951102
v -0.1825960000000000 0.0435290000000000 0.1089390000000000
vn -0.7337613680353060 0.6249468174838801 -0.2665252897864029
v -0.1708130000000000 0.0461650000000000 0.0840840000000000
vn -0.9244226007482016 0.2561592644813582 -0.2825336908163352
v -0.1845510000000000 0.0157550000000000 0.0732590000000000
vn -0.9210784721833249 -0.2389496405921150 -0.3074370136163361
v -0.1870560000000000 -0.0141210000000000 0.0824300000000000
vn -0.9184839813796196 0.2230531631115300 -0.3265493260978861
v -0.1953040000000000 0.0153990000000000 0.1054200000000000
vn -0.7757195589363212 0.5554707684271932 -0.2995185992664611
v -0.1942990000000000 0.0424590000000000 0.1363900000000000
vn -0.8485182909273065 0.4267520274987918 -0.3128888252837952
v -0.1900110000000000 0.0298670000000000 0.1057230000000000
vn -0.7953443984037962 0.5367967661897883 -0.2815608632887198
v -0.2053030000000000 0.0420750000000000 0.1649650000000000
vn -0.9174503056865667 0.2141486447196670 -0.3352988138367850
v -0.2068270000000000 0.0152480000000000 0.1362780000000000
vn -0.9405316143465063 0.0005324963324878 -0.3397057533548858
v -0.1982060000000000 0.0007390000000000 0.1080810000000000
vn -0.9224310782480298 -0.1642777221595532 -0.3494763738570114
v -0.2102870000000000 -0.0136000000000000 0.1437520000000000
vn -0.9164416883489757 -0.1990529670727827 -0.3471491727710158
v -0.1984950000000000 -0.0136970000000000 0.1133250000000000
vn -0.9257469575409668 0.2143487666266846 -0.3115239587082549
v -0.2177960000000000 0.0152890000000000 0.1670870000000000
vn -0.8738263203463686 0.3829221723796536 -0.2996634308185974
v -0.2125570000000000 0.0291650000000000 0.1652790000000000
vn -0.8152025741065559 0.5270869041711066 -0.2400503251848739
v -0.2149530000000000 0.0420350000000000 0.1939750000000000
vn -0.9411584441954856 0.2181310656495232 -0.2581465109548003
v -0.2273340000000000 0.0152920000000000 0.1975140000000000
vn -0.9472694038721866 0.0370548666619591 -0.3182885692956893
v -0.2208000000000000 0.0008630000000000 0.1700080000000000
vn -0.9600000818889625 -0.1236128991881095 -0.2512363308271632
v -0.2305390000000000 -0.0137350000000000 0.2037580000000000
vn -0.9379759507377853 -0.1378574905389935 -0.3181138603390918
v -0.2213200000000000 -0.0136170000000000 0.1738310000000000
vn 0.2502526734409521 0.9660511877878579 0.0641771143736213
v -0.1569370000000000 0.0737590000000000 0.2220540000000000
vn 0.4588648120263623 0.8804496450860714 0.1193796747852097
v -0.1457580000000000 0.0692550000000000 0.2234510000000000
vn 0.6314204088386259 0.7754389023446140 -0.0016661430438713
v -0.1408270000000000 0.0624660000000000 0.2617490000000000
vn 0.8234668011742510 0.5097356089178380 -0.2491426024689628
v -0.1185850000000000 0.0418800000000000 0.2945730000000000
vn 0.6329780155215471 0.7698107784277879 0.0820377796067609
v -0.1393030000000000 0.0622310000000000 0.2434330000000000
vn 0.7649137789522042 0.6441117985299402 -0.0051866910052945
v -0.1312160000000000 0.0529460000000000 0.2618520000000000
vn 0.6248456423925529 0.7637975177830089 0.1618062885414289
v -0.1354750000000000 0.0620490000000000 0.2253280000000000
vn 0.7527653685371890 0.6301891623218946 0.1902785316926182
v -0.1264960000000000 0.0524890000000000 0.2277300000000000
vn 0.8905427418031482 0.3517787815751006 -0.2884186433905912
v -0.1119290000000000 0.0287720000000000 0.2947880000000000
vn 0.8663091372573271 0.4992183848498512 -0.0170141979643964
v -0.1231680000000000 0.0414120000000000 0.2628030000000000
vn 0.8524082721157158 0.5057331400113813 -0.1327935567824300
v -0.1219820000000000 0.0416570000000000 0.2788790000000000
vn 0.8654394472756475 0.4917096463598041 0.0961050819464719
v -0.1222420000000000 0.0411690000000000 0.2466190000000000
vn 0.9392520306767413 0.3411006854268976 -0.0381568509041069
v -0.1170370000000000 0.0283470000000000 0.2646060000000000
vn 0.8503196202810448 0.4849057220202232 0.2045066847737404
v -0.1192320000000000 0.0409440000000000 0.2305970000000000
vn 0.9229515481379575 0.3267094937229706 0.2035223488981678
v -0.1140120000000000 0.0278960000000000 0.2338370000000000
vn 0.7761196359154686 0.3546993831863789 -0.5213699821754632
v -0.0987010000000000 0.0290740000000000 0.3223680000000000
vn 0.6523393584838999 0.5157455773879761 -0.5553916282926462
v -0.0957310000000000 0.0423240000000000 0.3369780000000000
vn 0.6377541641926160 0.6589135960795841 -0.3988765460094745
v -0.1132970000000000 0.0538150000000000 0.3269940000000000
vn 0.7214829522102284 0.5140911586366895 -0.4638670394429845
v -0.1053470000000000 0.0422200000000000 0.3238480000000000
vn 0.7266195373316767 0.6538889730310279 -0.2108394149971196
v -0.1268930000000000 0.0534450000000000 0.2956460000000000
vn 0.7793475549878579 0.5122391827315746 -0.3608717337350439
v -0.1130220000000000 0.0420730000000000 0.3096490000000000
vn 0.5970586986780082 0.7837467293058368 -0.1710613183490847
v -0.1365290000000000 0.0629810000000000 0.2979110000000000
vn 0.4595187610428152 0.8881599507579689 -0.0037960662900296
v -0.1515950000000000 0.0696270000000000 0.2624500000000000
vn 0.6194954627548893 0.7801612800413310 -0.0870272873895158
v -0.1399500000000000 0.0627310000000000 0.2800010000000000
vn 0.5646696770467012 0.7863193610124820 -0.2506990592740549
v -0.1306180000000000 0.0632010000000000 0.3152170000000000
vn 0.4312460217103333 0.8932928298840119 -0.1267074932149813
v -0.1471150000000000 0.0701510000000000 0.3012430000000000
vn 0.5236023888843666 0.7878177213331972 -0.3243204839475196
v -0.1222520000000000 0.0633680000000000 0.3316110000000000
vn 0.3769930899527578 0.8957460555940480 -0.2356166675249798
v -0.1318480000000000 0.0705380000000000 0.3374730000000000
vn 0.4749750795042339 0.7887748533315461 -0.3901703533096084
v -0.1116060000000000 0.0634810000000000 0.3468440000000000
vn 0.9687392270749542 -0.2162335884007642 0.1216032284668030
v -0.1131840000000000 -0.0153420000000000 0.2439430000000000
vn 0.9180731433255042 -0.3868843159297143 0.0863841975828058
v -0.1179820000000000 -0.0293770000000000 0.2466930000000000
vn 0.8315938874680786 -0.5306108729733154 -0.1640234977319550
v -0.1227320000000000 -0.0422190000000000 0.2814130000000000
vn 0.5423306150745630 -0.7906995229716002 -0.2840277597794444
v -0.1273830000000000 -0.0631920000000000 0.3234900000000000
vn 0.8424170977128758 -0.5361151261651557 -0.0539815244128405
v -0.1249570000000000 -0.0422910000000000 0.2651510000000000
vn 0.7246169540677747 -0.6709904037801576 -0.1571691697263861
v -0.1308430000000000 -0.0537350000000000 0.2849470000000000
vn 0.8393404810420736 -0.5405948208673783 0.0571383980824429
v -0.1250060000000000 -0.0423480000000000 0.2488440000000000
vn 0.7343940499408207 -0.6777633411156014 0.0360864635471043
v -0.1338920000000000 -0.0537660000000000 0.2503150000000000
vn 0.3900779974084883 -0.8974671868650148 -0.2058927012751549
v -0.1372640000000000 -0.0703470000000000 0.3290090000000000
vn 0.5908347803518142 -0.7953631720680285 -0.1353206815106513
v -0.1406210000000000 -0.0632210000000000 0.2882010000000000
vn 0.5716107731709587 -0.7929231164647442 -0.2110309346298220
v -0.1351560000000000 -0.0632110000000000 0.3062470000000000
vn 0.6004809001686785 -0.7975884326262163 -0.0572309415741957
v -0.1436890000000000 -0.0632060000000000 0.2696890000000000
vn 0.4248564451196757 -0.8997565977267303 -0.0996748006644136
v -0.1516540000000000 -0.0703230000000000 0.2910640000000000
vn 0.6011716398078129 -0.7987981612798194 0.0226750309099018
v -0.1442380000000000 -0.0631570000000000 0.2511040000000000
vn 0.4335642138669798 -0.9010146479302925 0.0139526581323661
v -0.1556140000000000 -0.0701760000000000 0.2512170000000000
vn 0.3258097680520118 -0.8961467532337535 -0.3012789267613926
v -0.1135810000000000 -0.0703420000000000 0.3621210000000000
vn 0.3932859431082408 -0.7879100792486494 -0.4738395023337000
v -0.0917760000000000 -0.0631480000000000 0.3671750000000000
vn 0.5556799038227197 -0.6604803170674596 -0.5049609838928559
v -0.0987990000000000 -0.0535860000000000 0.3466530000000000
vn 0.4523956431126508 -0.7881998074664148 -0.4172280498751227
v -0.1055090000000000 -0.0631570000000000 0.3542450000000000
vn 0.6660437850924309 -0.6636259935319206 -0.3405674926479609
v -0.1188600000000000 -0.0536490000000000 0.3179170000000000
vn 0.5024243689596906 -0.7891306488135318 -0.3533306844566305
v -0.1174580000000000 -0.0631720000000000 0.3395910000000000
vn 0.9849208977651024 0.1615327600595641 0.0619515340659457
v -0.1131300000000000 0.0140260000000000 0.2521770000000000
vn 0.9778226215923717 -0.2093626151500704 -0.0054969154755274
v -0.1140370000000000 -0.0151940000000000 0.2589210000000000
vn 0.9703203035448360 0.1533934842980338 0.1869463760107858
v -0.1111550000000000 0.0138190000000000 0.2372820000000000
vn 0.9869978288351511 -0.0321423696453611 0.1574869961243749
v -0.1108460000000000 -0.0007680000000000 0.2407380000000000
vn 0.9705646960152065 -0.2008991636459621 -0.1328295783899909
v -0.1129150000000000 -0.0150470000000000 0.2739240000000000
vn 0.7665370445630494 -0.5207760727272847 -0.3757835033463968
v -0.1120720000000000 -0.0420790000000000 0.3124820000000000
vn 0.9142167375444583 -0.3742009370226638 -0.1555037476234166
v -0.1166490000000000 -0.0291610000000000 0.2776830000000000
vn 0.8065184345459074 -0.5251763758109718 -0.2715102005959845
v -0.1184190000000000 -0.0421450000000000 0.2972930000000000
vn 0.9461215981259515 -0.1934974312990523 -0.2596394916807994
v -0.1098710000000000 -0.0149110000000000 0.2886420000000000
vn 0.9947814758543632 -0.0152260568575660 -0.1008859875779849
v -0.1117140000000000 -0.0004060000000000 0.2703410000000000
vn 0.9644087549225936 0.1752536813758533 -0.1979946983958507
v -0.1112090000000000 0.0144300000000000 0.2819670000000000
vn 0.9832923298517030 0.1691599239397315 -0.0672392310151904
v -0.1131500000000000 0.0142330000000000 0.2671700000000000
vn 0.9034895856785596 -0.1890021636833731 -0.3846878613803513
v -0.1049010000000000 -0.0147940000000000 0.3027820000000000
vn 0.7110399331393829 -0.5183472339393944 -0.4751193098038858
v -0.1038180000000000 -0.0420250000000000 0.3266760000000000
vn 0.8464266071568499 -0.3624374482226310 -0.3901295872179028
v -0.1073370000000000 -0.0289660000000000 0.3073500000000000
vn 0.6411666192711174 -0.5176111806952520 -0.5665545269007326
v -0.0937460000000000 -0.0419860000000000 0.3396250000000000
vn 0.8429265283837286 -0.1872976165239678 -0.5043753271041276
v -0.0980930000000000 -0.0146990000000000 0.3160940000000000
vn 0.9320673616609334 -0.0047356902136686 -0.3622540635584738
v -0.1048670000000000 -0.0000930000000000 0.2990130000000000
vn 0.8728533477742784 0.1807391481295322 -0.4532773914642617
v -0.1014210000000000 0.0147510000000000 0.3099380000000000
vn 0.9275757874530255 0.1791339907161571 -0.3278935374492816
v -0.1072780000000000 0.0146040000000000 0.2962980000000000
vn 0.7658053384767881 -0.1877024293853859 -0.6150690868213720
v -0.0895110000000000 -0.0146290000000000 0.3283520000000000
vn 0.7118150372216318 -0.3599162886621401 -0.6031414576538723
v -0.0905940000000000 -0.0288420000000000 0.3334200000000000
vn 0.5587994208710636 -0.5181095534139620 -0.6475381825771735
v -0.0820420000000000 -0.0419680000000000 0.3511140000000000
vn 0.6752543347706477 -0.1886379074997490 -0.7130549230091370
v -0.0793160000000000 -0.0145830000000000 0.3393650000000000
vn 0.7977510261147961 -0.0038435043180850 -0.6029747323125131
v -0.0905410000000000 0.0001170000000000 0.3246760000000000
vn 0.7176836589592647 0.1815836634482441 -0.6722778732276978
v -0.0842270000000000 0.0149380000000000 0.3342580000000000
vn 0.8017782804617969 0.1809465413701394 -0.5695699589566752
v -0.0936820000000000 0.0148620000000000 0.3226520000000000
vn -0.2512329933683624 -0.9676812779475266 -0.0217928280178180
v -0.1917070000000000 -0.0742680000000000 0.2483790000000000
vn -0.4695232950996612 -0.8818808058032075 -0.0428266238996467
v -0.2030090000000000 -0.0697450000000000 0.2466440000000000
vn -0.6240947502409012 -0.7727626651506092 0.1155145275325772
v -0.2107480000000000 -0.0628970000000000 0.2988270000000000
vn -0.7901365393968955 -0.4941297375566031 0.3626569337157923
v -0.2112380000000000 -0.0419340000000000 0.3543580000000000
vn -0.6415936272381988 -0.7666133522979535 0.0257213056788532
v -0.2139880000000000 -0.0627070000000000 0.2717180000000000
vn -0.7626093796564920 -0.6336321128481608 0.1301433041977804
v -0.2204570000000000 -0.0532890000000000 0.2986460000000000
vn -0.6478138077433633 -0.7589035998174107 -0.0663520661413040
v -0.2133160000000000 -0.0624860000000000 0.2446000000000000
vn -0.7835660966773794 -0.6147930669931642 -0.0897421691007881
v -0.2222170000000000 -0.0528490000000000 0.2422330000000000
vn -0.8624617172200183 -0.3339172170501960 0.3803407399784428
v -0.2179140000000000 -0.0287520000000000 0.3541860000000000
vn -0.8669259734186650 -0.4801462433999389 0.1337869259719607
v -0.2285050000000000 -0.0416470000000000 0.2977590000000000
vn -0.8349108553292290 -0.4889488164436493 0.2526913503699127
v -0.2218790000000000 -0.0418170000000000 0.3264850000000000
vn -0.8831327827242575 -0.4690341294856190 0.0091363808686560
v -0.2309900000000000 -0.0414400000000000 0.2686500000000000
vn -0.9398145600000387 -0.3165736685117578 0.1285679011920977
v -0.2345340000000000 -0.0284690000000000 0.2961610000000000
vn -0.8816262496636950 -0.4584525909915025 -0.1120552440410822
v -0.2293230000000000 -0.0412050000000000 0.2395960000000000
vn -0.9465339236623180 -0.2941781834040761 -0.1324112070993040
v -0.2343180000000000 -0.0280520000000000 0.2367380000000000
vn -0.7316095040681435 -0.3380520427729919 0.5920036739194890
v -0.1856930000000000 -0.0288700000000000 0.4067940000000000
vn -0.5875366204405971 -0.4992256480566540 0.6368472909290386
v -0.1580450000000000 -0.0420570000000000 0.4274770000000000
vn -0.5791896901094191 -0.6474430359169397 0.4953350564149598
v -0.1709990000000000 -0.0536530000000000 0.4022930000000000
vn -0.6665838892648986 -0.4979204898425393 0.5547441792100631
v -0.1790070000000000 -0.0420420000000000 0.4053670000000000
vn -0.6908683943087824 -0.6438977927499714 0.3287803130312392
v -0.2028520000000000 -0.0535580000000000 0.3533140000000000
vn -0.7338417928398282 -0.4967649034157250 0.4633582348636875
v -0.1968630000000000 -0.0420030000000000 0.3808200000000000
vn 0.2278964455889824 -0.9733858290271917 -0.0241503196035714
v -0.1670390000000000 -0.0746070000000000 0.2721890000000000
vn -0.2461491119126091 -0.9691260381110652 0.0143295833778989
v -0.1915840000000000 -0.0744500000000000 0.2728410000000000
vn 0.2285800486797766 -0.9735073847283593 0.0058764976730596
v -0.1675970000000000 -0.0744790000000000 0.2507460000000000
vn -0.0080747659921787 -0.9999537882826658 -0.0052172265924679
v -0.1797620000000000 -0.0759010000000000 0.2497370000000000
vn -0.2372748204001310 -0.9702192399062768 0.0487369071625607
v -0.1879870000000000 -0.0745970000000000 0.2972240000000000
vn -0.5620803557857308 -0.7795604464019499 0.2763171801487901
v -0.1930890000000000 -0.0631370000000000 0.3511430000000000
vn -0.4480804694396440 -0.8896002719171608 0.0885169425119371
v -0.1997890000000000 -0.0701170000000000 0.2983170000000000
vn -0.5970965139716108 -0.7770307425310647 0.1992460242127112
v -0.2037250000000000 -0.0630450000000000 0.3254550000000000
vn -0.2251353455291169 -0.9709898602300399 0.0805777110864585
v -0.1810860000000000 -0.0747000000000000 0.3210690000000000
vn -0.0040492385179862 -0.9999914080099517 -0.0008874534910854
v -0.1757630000000000 -0.0761750000000000 0.2955780000000000
vn 0.2178640585591560 -0.9725895757694371 -0.0812697304828749
v -0.1571530000000000 -0.0747440000000000 0.3143940000000000
vn 0.2244847440306109 -0.9730245597354216 -0.0531959194788471
v -0.1635100000000000 -0.0746950000000000 0.2935390000000000
vn -0.2102584234407253 -0.9714776573774696 0.1096474194343150
v -0.1710240000000000 -0.0747580000000000 0.3439720000000000
vn -0.5191271166125397 -0.7811571596103135 0.3468436662058251
v -0.1790960000000000 -0.0631920000000000 0.3753840000000000
vn -0.4012396928730653 -0.8931532497954572 0.2031845989314686
v -0.1823550000000000 -0.0703230000000000 0.3479520000000000
vn -0.4678975475327951 -0.7824503110176271 0.4109055801534148
v -0.1619810000000000 -0.0632160000000000 0.3977250000000000
vn -0.1929526272687976 -0.9717188873082386 0.1361311414721381
v -0.1580350000000000 -0.0747830000000000 0.3654790000000000
vn 0.0004012821244534 -0.9999990623118755 0.0013093311369971
v -0.1594860000000000 -0.0762880000000000 0.3393650000000000
vn 0.1926181132221036 -0.9719834216402781 -0.1347089103037153
v -0.1365340000000000 -0.0747730000000000 0.3530400000000000
vn 0.2073977066350775 -0.9722140109583421 -0.1085638437915811
v -0.1480900000000000 -0.0747630000000000 0.3343610000000000
vn -0.1737711222007663 -0.9716404980266339 0.1603693851196087
v -0.1423320000000000 -0.0747930000000000 0.3851870000000000
vn -0.3322496920449875 -0.8944776342712291 0.2991987699248722
v -0.1523260000000000 -0.0703770000000000 0.3918910000000000
vn -0.4083282340675422 -0.7834260088121401 0.4685208020781609
v -0.1421020000000000 -0.0632210000000000 0.4176240000000000
vn -0.1514141287154504 -0.9714888045968513 0.1824370142496361
v -0.1242270000000000 -0.0748030000000000 0.4026810000000000
vn 0.0015202572728680 -0.9999980711811520 0.0012435641518212
v -0.1323480000000000 -0.0763170000000000 0.3778400000000000
vn 0.1517366990667132 -0.9717102142630865 -0.1809840701639910
v -0.1066660000000000 -0.0747880000000000 0.3851180000000000
vn 0.1739489222906531 -0.9718268866438960 -0.1590417392697663
v -0.1226390000000000 -0.0747830000000000 0.3700910000000000
vn -0.9605780058865179 0.2177470672029057 -0.1728470692016910
v -0.2343870000000000 0.0152680000000000 0.2277540000000000
vn -0.9096400488311761 0.3761943814116386 -0.1761612016214981
v -0.2294460000000000 0.0292310000000000 0.2251620000000000
vn -0.8542550344597056 0.5187659935822613 0.0336181499023454
v -0.2276670000000000 0.0422440000000000 0.2809080000000000
vn 0.1795957454513715 0.9718760843365869 -0.1523228312182701
v -0.1294460000000000 0.0750770000000000 0.3618720000000000
vn -0.2027373694664465 0.9718538023005542 0.1199906078648698
v -0.1614560000000000 0.0750230000000000 0.3595390000000000
vn -0.5929532047743452 0.7856759302505123 0.1764081335223119
v -0.2016560000000000 0.0633240000000000 0.3265190000000000
vn -0.8494755870065577 0.5215967839947351 -0.0795488655243673
v -0.2268730000000000 0.0421810000000000 0.2520550000000000
vn -0.7519474356095456 0.6590416914421856 0.0154629564201478
v -0.2194430000000000 0.0536690000000000 0.2774580000000000
vn -0.8344334320248282 0.5232287278310501 -0.1730680383304997
v -0.2223740000000000 0.0421080000000000 0.2230880000000000
vn -0.7337143511608984 0.6597254759047680 -0.1625593655953703
v -0.2135520000000000 0.0534320000000000 0.2215930000000000
vn -0.2171806423140576 0.9721800303608542 0.0877414222110746
v -0.1728570000000000 0.0749200000000000 0.3380710000000000
vn -0.0024732823861055 0.9999750204994465 -0.0066212726397681
v -0.1517470000000000 0.0765330000000000 0.3517360000000000
vn 0.2153725649403741 0.9710544781964675 -0.1032853263808094
v -0.1514720000000000 0.0748320000000000 0.3253530000000000
vn 0.1986488976883802 0.9715382105893435 -0.1290430967237230
v -0.1417870000000000 0.0749840000000000 0.3442710000000000
vn -0.2271100715138266 0.9724130257214300 0.0532346017574874
v -0.1809630000000000 0.0747580000000000 0.3154570000000000
vn -0.4284294701389194 0.8959277866902591 0.1173098041630721
v -0.1917510000000000 0.0704110000000000 0.3209420000000000
vn -0.6177364341399650 0.7863844018203352 0.0011271688933783
v -0.2096600000000000 0.0630490000000000 0.2741300000000000
vn -0.6111376473285157 0.7866522140485240 0.0876873431592144
v -0.2075670000000000 0.0632010000000000 0.3005770000000000
vn 0.2478100666570179 0.9687699175885065 -0.0086612723662739
v -0.1631420000000000 0.0740920000000000 0.2638320000000000
vn -0.2291098217344876 0.9715716882343951 -0.0596417991525988
v -0.1805270000000000 0.0739840000000000 0.2204860000000000
vn 0.0100399143698025 0.9999490958373008 0.0010029225353043
v -0.1686510000000000 0.0753860000000000 0.2210890000000000
vn 0.2509425212180261 0.9676199442454434 0.0271936489494467
v -0.1613440000000000 0.0738760000000000 0.2428210000000000
vn 0.0072271780187119 0.9998882114371361 -0.0130894051404494
v -0.1750960000000000 0.0757090000000000 0.2658270000000000
vn -0.2324384696979213 0.9724339686503993 0.0185616383792637
v -0.1857220000000000 0.0745480000000000 0.2920680000000000
vn 0.0011592781129425 0.9999145461596174 -0.0130213844372766
v -0.1696810000000000 0.0762090000000000 0.3102470000000000
vn 0.2404527561333954 0.9697188135972257 -0.0427538843082457
v -0.1621920000000000 0.0743620000000000 0.2848100000000000
vn 0.2294573152077249 0.9704692697871522 -0.0744226907364565
v -0.1582900000000000 0.0746160000000000 0.3054190000000000
vn -0.2337081628287776 0.9722133867483558 -0.0134768414136809
v -0.1870850000000000 0.0743120000000000 0.2682440000000000
vn -0.6142997832691912 0.7852135760943928 -0.0779449561708770
v -0.2081800000000000 0.0628830000000000 0.2473980000000000
vn -0.4454162728977519 0.8952804628513464 -0.0087884398248101
v -0.1987350000000000 0.0700430000000000 0.2710470000000000
vn -0.2319979509510172 0.9718633434730907 -0.0407258194249655
v -0.1852860000000000 0.0741020000000000 0.2442710000000000
vn -0.6038072089327257 0.7843793225098717 -0.1420068056813700
v -0.2033620000000000 0.0627500000000000 0.2206720000000000
vn -0.4364734370902454 0.8931805202549364 -0.1082566254404253
v -0.1922220000000000 0.0697250000000000 0.2203580000000000
vn -0.3789481904834563 0.8945256592767922 0.2371120280051909
v -0.1705290000000000 0.0706120000000000 0.3674980000000000
vn -0.1845907863960298 0.9715820234400818 0.1481708922351880
v -0.1470080000000000 0.0750870000000000 0.3795060000000000
vn -0.4713667410821341 0.7827597868024602 0.4063256225819082
v -0.1619320000000000 0.0635000000000000 0.3974620000000000
vn -0.6314904345146657 0.6499044534659508 0.4228995536550046
v -0.1853940000000000 0.0539220000000000 0.3829810000000000
vn -0.5217214969328308 0.7831872826319172 0.3382666994573951
v -0.1786350000000000 0.0634610000000000 0.3753790000000000
vn -0.7204469566738002 0.6545098978826557 0.2292879765558915
v -0.2102630000000000 0.0538380000000000 0.3320670000000000
vn -0.5628514149620842 0.7841917535988863 0.2612308907129539
v -0.1919810000000000 0.0634070000000000 0.3515840000000000
vn -0.9908098683605937 -0.1333298201791626 -0.0227807772091996
v -0.2396550000000000 -0.0140820000000000 0.2637880000000000
vn -0.9754387770100212 0.2126282101363348 -0.0575190104175374
v -0.2381700000000000 0.0152080000000000 0.2578430000000000
vn -0.9808618714823440 -0.1239221253208821 -0.1501775480160379
v -0.2369010000000000 -0.0138990000000000 0.2337140000000000
vn -0.9852013026101515 0.0492226878064782 -0.1641813641689172
v -0.2369450000000000 0.0007160000000000 0.2306560000000000
vn -0.9761550897386255 0.2029965114271203 0.0769003064089797
v -0.2379350000000000 0.0151370000000000 0.2878680000000000
vn -0.8153447168964395 0.5087587360375175 0.2763648695738529
v -0.2171880000000000 0.0423040000000000 0.3373850000000000
vn -0.9286951107945581 0.3668266279338299 0.0544391056592535
v -0.2339510000000000 0.0292400000000000 0.2844220000000000
vn -0.8435385102287045 0.5141942266382326 0.1550712063957964
v -0.2245100000000000 0.0422810000000000 0.3094280000000000
vn -0.9572794583734499 0.1924087535298931 0.2158585419697530
v -0.2334650000000000 0.0150670000000000 0.3175990000000000
vn -0.9947064729973688 0.0297463243203674 0.0983574540467689
v -0.2394010000000000 0.0004620000000000 0.2910930000000000
vn -0.9544704111665190 -0.1569101574539675 0.2537034424192686
v -0.2325100000000000 -0.0143980000000000 0.3237150000000000
vn -0.9824962303152477 -0.1456084567735127 0.1161866374948672
v -0.2382240000000000 -0.0142530000000000 0.2939010000000000
vn -0.9185530086169493 0.1840951476246620 0.3498133030372125
v -0.2246630000000000 0.0150100000000000 0.3466970000000000
vn -0.7705861449290756 0.5042879172895559 0.3897315611021356
v -0.2057930000000000 0.0423220000000000 0.3643860000000000
vn -0.8810197734927664 0.3510708362123849 0.3171016030799773
v -0.2220750000000000 0.0292030000000000 0.3423400000000000
vn -0.7114724352459524 0.5011546018164648 0.4925962230502532
v -0.1905160000000000 0.0423350000000000 0.3899310000000000
vn -0.8625287778763909 0.1787307017228374 0.4733914274643357
v -0.2117190000000000 0.0149660000000000 0.3746640000000000
vn -0.9279671265829847 0.0099767615550681 0.3725284904677656
v -0.2248290000000000 0.0002590000000000 0.3502610000000000
vn -0.8481598836379005 -0.1694145252218012 0.5019198446278196
v -0.2084980000000000 -0.0145810000000000 0.3805750000000000
vn -0.9088160181479619 -0.1649752127342779 0.3831926726086544
v -0.2225210000000000 -0.0145070000000000 0.3527940000000000
vn -0.7917019990779728 0.1759209180286432 0.5850297216859166
v -0.1948730000000000 0.0149350000000000 0.4009360000000000
vn -0.7640803974748318 0.3425245363515700 0.5466791455614938
v -0.1937410000000000 0.0291750000000000 0.3959920000000000
vn -0.6398413236982602 0.4995020013504951 0.5840383815597294
v -0.1717440000000000 0.0423390000000000 0.4134360000000000
vn -0.7082999584627970 0.1754596502469527 0.6837580566083423
v -0.1745230000000000 0.0149190000000000 0.4249760000000000
vn -0.7951148958556836 0.0025521394907921 0.6064534516122609
v -0.1938580000000000 0.0001560000000000 0.4045160000000000
vn -0.6891221756706196 -0.1702001923421260 0.7043738506827856
v -0.1695970000000000 -0.0146450000000000 0.4300570000000000
vn -0.7746887069951943 -0.1704703154598380 0.6089312595040076
v -0.1907210000000000 -0.0146250000000000 0.4064960000000000
vn 0.1583763232336089 0.9719972799301135 -0.1736036521720206
v -0.1146930000000000 0.0751310000000000 0.3778010000000000
vn 0.3018634590467703 0.8967602662653332 -0.3235729854917556
v -0.1067540000000000 0.0707050000000000 0.3687140000000000
vn 0.2891408429327610 0.7891175975184312 -0.5419326436328334
v -0.0683960000000000 0.0635840000000000 0.3826920000000000
vn 0.1761685211573004 0.5156246353634900 -0.8385081320771539
v -0.0263160000000000 0.0423850000000000 0.3785900000000000
vn 0.3574350337894443 0.7894428752995359 -0.4990191812533262
v -0.0843840000000000 0.0635740000000000 0.3726640000000000
vn 0.3496298520397615 0.6609440667985184 -0.6640119781498601
v -0.0627880000000000 0.0540270000000000 0.3742420000000000
vn 0.4195276447348162 0.7892757513685505 -0.4483752263505063
v -0.0988920000000000 0.0635440000000000 0.3606120000000000
vn 0.5097359712513684 0.6608219615710861 -0.5508934331772039
v -0.0913240000000000 0.0539900000000000 0.3538680000000000
vn 0.1739040581090766 0.3572241295569950 -0.9176863842486943
v -0.0225160000000000 0.0292130000000000 0.3728060000000000
vn 0.3891882611460926 0.5171374913396842 -0.7623000147166330
v -0.0573140000000000 0.0424160000000000 0.3675470000000000
vn 0.2855121458344175 0.5165892352700712 -0.8072288254169999
v -0.0421790000000000 0.0424080000000000 0.3741100000000000
vn 0.4855159917028112 0.5172263366312934 -0.7048057452204883
v -0.0714530000000000 0.0424100000000000 0.3590630000000000
vn 0.4078541607458386 0.3591000966973403 -0.8394653680255479
v -0.0521540000000000 0.0292440000000000 0.3629150000000000
vn 0.5734385209030737 0.5167041318061335 -0.6357555370729890
v -0.0843500000000000 0.0423840000000000 0.3487900000000000
vn 0.6112708403249355 0.3579428265982553 -0.7058504747149345
v -0.0782190000000000 0.0292180000000000 0.3456240000000000
vn -0.0727550883937197 0.3557409972402226 -0.9317483780481478
v 0.0086790000000000 0.0291560000000000 0.3745460000000000
vn -0.1587515850648624 0.5168162393239228 -0.8412484228873607
v 0.0229770000000000 0.0423040000000000 0.3791340000000000
vn -0.0318170236516420 0.6609718902487735 -0.7497358450193737
v 0.0051750000000000 0.0539360000000000 0.3896370000000000
vn -0.0484337060586841 0.5157928623131646 -0.8553431471077638
v 0.0065360000000000 0.0423240000000000 0.3811040000000000
vn 0.1643455476539166 0.6599574779538157 -0.7331075420831334
v -0.0298740000000000 0.0539910000000000 0.3864410000000000
vn 0.0639952885121222 0.5152679606827874 -0.8546364909960561
v -0.0099810000000000 0.0423520000000000 0.3809370000000000
vn 0.1389506637362060 0.7890122318837707 -0.5984583619476451
v -0.0330950000000000 0.0635500000000000 0.3960430000000000
vn 0.2080856062763489 0.8966555890928003 -0.3907801619955235
v -0.0739250000000000 0.0707450000000000 0.3925240000000000
vn 0.2158113821278018 0.7888119065997778 -0.5755008456557741
v -0.0511970000000000 0.0635740000000000 0.3905340000000000
vn 0.0591127064812440 0.7892334108355790 -0.6112416143828074
v -0.0143810000000000 0.0635250000000000 0.3991720000000000
vn 0.1004479822968001 0.8963825229533545 -0.4317505939732806
v -0.0358640000000000 0.0707200000000000 0.4069940000000000
vn -0.0224857369027880 0.7885586753523888 -0.6145482952237560
v 0.0045820000000000 0.0635050000000000 0.3997800000000000
vn -0.0164592276473567 0.8953970138868558 -0.4449643596376617
v 0.0047420000000000 0.0706810000000000 0.4110210000000000
vn -0.1020995958007625 0.7882045742737386 -0.6068848503886675
v 0.0234840000000000 0.0634860000000000 0.3978860000000000
vn 0.5745869964040192 -0.1884590741186075 -0.7964502250271293
v -0.0676760000000000 -0.0145590000000000 0.3489520000000000
vn 0.5252547941484501 -0.3611233291602669 -0.7705175808249120
v -0.0674210000000000 -0.0287980000000000 0.3541280000000000
vn 0.2655501610303254 -0.5174428844759289 -0.8134715565291751
v -0.0390770000000000 -0.0419880000000000 0.3750900000000000
vn 0.0227241398241531 -0.7883492671990227 -0.6148081378576703
v -0.0045960000000000 -0.0632060000000000 0.3997990000000000
vn 0.3685978915947789 -0.5183403975877537 -0.7716597867845991
v -0.0544680000000000 -0.0419750000000000 0.3689880000000000
vn 0.2229753759586677 -0.6606532197205320 -0.7168119034928098
v -0.0399670000000000 -0.0536100000000000 0.3836970000000000
vn 0.4670923279894063 -0.5185235650129142 -0.7162109114358248
v -0.0688670000000000 -0.0419670000000000 0.3609500000000000
vn 0.4013297130078133 -0.6613603085468570 -0.6336694751492075
v -0.0719300000000000 -0.0535770000000000 0.3690670000000000
vn 0.0168598970148850 -0.8953682658677885 -0.4450072048288169
v -0.0047550000000000 -0.0703770000000000 0.4110250000000000
vn 0.1783059211942570 -0.7884584100389215 -0.5886767653865432
v -0.0420020000000000 -0.0631820000000000 0.3936280000000000
vn 0.1020589101512714 -0.7879004090687927 -0.6072865256598106
v -0.0235050000000000 -0.0631960000000000 0.3979090000000000
vn 0.2533137640484811 -0.7888392808109959 -0.5599685044653685
v -0.0597710000000000 -0.0631620000000000 0.3870290000000000
vn 0.1283638464739967 -0.8959305742302456 -0.4252424356503742
v -0.0450670000000000 -0.0703570000000000 0.4044730000000000
vn 0.3262149880158214 -0.7883045612469068 -0.5216892756336466
v -0.0764450000000000 -0.0631480000000000 0.3781630000000000
vn 0.2362694863271992 -0.8954041359063869 -0.3773965596457101
v -0.0821840000000000 -0.0703380000000000 0.3878480000000000
vn -0.1004471275300549 -0.8965350817001918 -0.4314339136551403
v 0.0358460000000000 -0.0704010000000000 0.4069980000000000
vn -0.2163232851831095 -0.7891418657816531 -0.5748559401782662
v 0.0511610000000000 -0.0632550000000000 0.3905140000000000
vn -0.1652001088249172 -0.6601424793025987 -0.7327488185350104
v 0.0298490000000000 -0.0536840000000000 0.3864460000000000
vn -0.1392678270082117 -0.7892580478581964 -0.5980603700726873
v 0.0330720000000000 -0.0632410000000000 0.3960550000000000
vn 0.0317939163479948 -0.6606710059746128 -0.7500019791625551
v -0.0051910000000000 -0.0536430000000000 0.3896710000000000
vn -0.0590565871855162 -0.7892504203669198 -0.6112250759422748
v 0.0143690000000000 -0.0632210000000000 0.3991910000000000
vn 0.5192325115972862 0.1856688097625840 -0.8342210090747653
v -0.0609230000000000 0.0150000000000000 0.3534170000000000
vn 0.4658347864210852 -0.1869770574822765 -0.8648916300527433
v -0.0548230000000000 -0.0145530000000000 0.3569750000000000
vn 0.6231020966881129 0.1834153437372648 -0.7603305786199965
v -0.0732290000000000 0.0149820000000000 0.3445650000000000
vn 0.6095541423898421 -0.0030683015750132 -0.7927385022949427
v -0.0696320000000000 0.0002130000000000 0.3456830000000000
vn 0.3508316756832671 -0.1842601793118309 -0.9181314294028077
v -0.0409920000000000 -0.0145590000000000 0.3632780000000000
vn 0.0482807369889245 -0.5154666305527508 -0.8555484341768153
v -0.0065550000000000 -0.0420260000000000 0.3811430000000000
vn 0.3085549712772031 -0.3588543626730574 -0.8809184843619972
v -0.0394140000000000 -0.0288070000000000 0.3681600000000000
vn 0.1585569491009664 -0.5165180654976742 -0.8414682298853200
v -0.0230080000000000 -0.0420050000000000 0.3791730000000000
vn 0.2294337979541252 -0.1823536373743135 -0.9560895791152120
v -0.0264780000000000 -0.0145760000000000 0.3677680000000000
vn 0.3859542395611962 0.0018620317201070 -0.9225160474499140
v -0.0437540000000000 0.0002210000000000 0.3606910000000000
vn 0.2854089149570484 0.1861669711702470 -0.9401508443374056
v -0.0333850000000000 0.0149880000000000 0.3659640000000000
vn 0.4062497941778750 0.1865487765135478 -0.8945169974414865
v -0.0475580000000000 0.0150010000000000 0.3605920000000000
vn 0.1018621521124525 -0.1825709578443459 -0.9779018086284622
v -0.0115340000000000 -0.0145980000000000 0.3703170000000000
vn -0.0647404073578987 -0.5151705655553054 -0.8546390864221926
v 0.0099650000000000 -0.0420480000000000 0.3809670000000000
vn 0.0724181773428852 -0.3557362934593249 -0.9317764201277877
v -0.0087000000000000 -0.0288460000000000 0.3745850000000000
vn -0.1775081902798116 -0.5158021954037992 -0.8381163031466499
v 0.0262930000000000 -0.0420710000000000 0.3785900000000000
vn -0.0294643499998870 -0.1842304168375523 -0.9824413496952099
v 0.0035840000000000 -0.0146230000000000 0.3708700000000000
vn 0.1324572086240337 0.0011543386073360 -0.9911880524834370
v -0.0149150000000000 0.0001860000000000 0.3685330000000000
vn 0.0277957788017511 0.1830737130074347 -0.9827061668100366
v -0.0036010000000000 0.0149410000000000 0.3708560000000000
vn 0.1582897102923397 0.1847076640702618 -0.9699626005415232
v -0.0186520000000000 0.0149670000000000 0.3694000000000000
vn -0.1600081654464216 -0.1857407043217859 -0.9694832529489705
v 0.0186310000000000 -0.0146490000000000 0.3693850000000000
vn -0.1756020420550411 -0.3579762404201393 -0.9170697542285223
v 0.0224950000000000 -0.0288950000000000 0.3728010000000000
vn -0.2865368320367927 -0.5168202994951924 -0.8067176841473221
v 0.0421480000000000 -0.0420880000000000 0.3740810000000000
vn -0.2866336812824922 -0.1867089049457222 -0.9396706431342930
v 0.0333580000000000 -0.0146730000000000 0.3659250000000000
vn -0.1338450826974090 -0.0020872673353746 -0.9910000691991875
v 0.0148940000000000 0.0001320000000000 0.3685080000000000
vn -0.2296957146519069 0.1822874148110968 -0.9560393177438034
v 0.0264500000000000 0.0148870000000000 0.3677290000000000
vn -0.1026789063602168 0.1819811639441607 -0.9779263255267231
v 0.0115130000000000 0.0149120000000000 0.3702820000000000
vn -0.1255862687119532 -0.9715214663383085 0.2009331469789688
v -0.1039800000000000 -0.0748070000000000 0.4175570000000000
vn -0.2430548517213676 -0.8939153717573030 0.3766160474418300
v -0.1119150000000000 -0.0703810000000000 0.4265760000000000
vn -0.1975046721464277 -0.7834726823024803 0.5892049393598875
v -0.0692830000000000 -0.0632210000000000 0.4594650000000000
vn -0.0733394347133942 -0.4997650695860975 0.8630505214282204
v -0.0206910000000000 -0.0420410000000000 0.4878410000000000
vn -0.2731648162037096 -0.7827963220236546 0.5591161788167396
v -0.0953830000000000 -0.0632210000000000 0.4486820000000000
vn -0.2509484364999129 -0.6492348484868045 0.7179965137300912
v -0.0748810000000000 -0.0536640000000000 0.4679460000000000
vn -0.3430451138571838 -0.7832306949978172 0.5185264971743953
v -0.1197710000000000 -0.0632210000000000 0.4346650000000000
vn -0.4263361195172853 -0.6511902258268580 0.6278445691271913
v -0.1273440000000000 -0.0536660000000000 0.4414790000000000
vn -0.0927824752788150 -0.3416594467193109 0.9352327168938170
v -0.0244850000000000 -0.0288680000000000 0.4936240000000000
vn -0.2945710284013064 -0.5026756295034663 0.8127392698337460
v -0.0803460000000000 -0.0420540000000000 0.4746590000000000
vn -0.1861032664700699 -0.5000046327850698 0.8457901284613327
v -0.0509770000000000 -0.0420500000000000 0.4832380000000000
vn -0.3971509359833170 -0.5044593081691187 0.7666759031358098
v -0.1083030000000000 -0.0420570000000000 0.4624060000000000
vn -0.3309111995604552 -0.3450040845412637 0.8783336266221993
v -0.0855020000000000 -0.0288820000000000 0.4793640000000000
vn -0.4964386212082837 -0.5021107017083767 0.7081197205294736
v -0.1343330000000000 -0.0420610000000000 0.4466240000000000
vn -0.5520012276419149 -0.3403470015200825 0.7612217569395318
v -0.1404890000000000 -0.0288930000000000 0.4497600000000000
vn 0.1474843698055340 -0.3427090463697275 0.9277924715147330
v 0.0382520000000000 -0.0288470000000000 0.4918130000000000
vn 0.2585222643412296 -0.4998503983107928 0.8266291902349112
v 0.0701020000000000 -0.0420120000000000 0.4781370000000000
vn 0.1393775989463996 -0.6472849904444191 0.7493971083860045
v 0.0417560000000000 -0.0536310000000000 0.4767640000000000
vn 0.1474879157783824 -0.4997301358758029 0.8535321353041726
v 0.0403960000000000 -0.0420170000000000 0.4852450000000000
vn -0.0542842080793878 -0.6492637159474345 0.7586236563061572
v -0.0171340000000000 -0.0536480000000000 0.4799520000000000
vn 0.0376414945858086 -0.5001924530401568 0.8650957333191611
v 0.0099460000000000 -0.0420260000000000 0.4884800000000000
vn 0.0997861857450590 -0.9714088969139251 -0.2154239358356543
v -0.0695270000000000 -0.0747880000000000 0.4081430000000000
vn -0.0977881147632799 -0.9716445185581688 0.2152775282441432
v -0.0819380000000000 -0.0748070000000000 0.4296140000000000
vn 0.1269862690134223 -0.9715165768441197 -0.2000750569139848
v -0.0888550000000000 -0.0747880000000000 0.3978430000000000
vn 0.0024372212083433 -0.9999967867445718 0.0006974620514708
v -0.0962310000000000 -0.0763320000000000 0.4078490000000000
vn -0.0690797249857483 -0.9716384195025052 0.2261565239885134
v -0.0584220000000000 -0.0748070000000000 0.4387350000000000
vn -0.0378513137433029 -0.7825071281204430 0.6214900421475817
v -0.0139100000000000 -0.0632060000000000 0.4702950000000000
vn -0.1363211670504688 -0.8947772214277696 0.4251943831096530
v -0.0637570000000000 -0.0703810000000000 0.4495640000000000
vn -0.1174570548148185 -0.7839570989277286 0.6096024174124053
v -0.0419670000000000 -0.0632160000000000 0.4667190000000000
vn -0.0392838260942682 -0.9715746140148684 0.2334513876790082
v -0.0339080000000000 -0.0748070000000000 0.4447610000000000
vn 0.0024991572147981 -0.9999968731443113 -0.0000889652532739
v -0.0534640000000000 -0.0763320000000000 0.4273640000000000
vn 0.0402263992446773 -0.9716645403188118 -0.2329159889119684
v -0.0274900000000000 -0.0748030000000000 0.4207960000000000
vn 0.0702252716481830 -0.9715438367246334 -0.2262100451887977
v -0.0489370000000000 -0.0747930000000000 0.4158440000000000
vn -0.0087837818004483 -0.9715814813174712 0.2365423225095888
v -0.0087970000000000 -0.0748070000000000 0.4475530000000000
vn 0.0414599089862542 -0.7813459256261581 0.6227195359503778
v 0.0143510000000000 -0.0632010000000000 0.4702950000000000
vn -0.0227578616995858 -0.8938192857246077 0.4478494883301918
v -0.0111350000000000 -0.0703770000000000 0.4593670000000000
vn 0.1221059818543911 -0.7822394616757862 0.6108940610224912
v 0.0423560000000000 -0.0632010000000000 0.4666720000000000
vn 0.0220270005754680 -0.9716226870303249 0.2355083125785997
v 0.0164510000000000 -0.0748070000000000 0.4470670000000000
vn 0.0023374043844623 -0.9999972440764052 -0.0002199553090886
v -0.0069500000000000 -0.0763370000000000 0.4352530000000000
vn -0.0204688562903009 -0.9715279949400427 -0.2360389395204681
v 0.0164580000000000 -0.0748130000000000 0.4223140000000000
vn 0.0103909556447398 -0.9715650471328554 -0.2365446833698049
v -0.0055540000000000 -0.0748070000000000 0.4229530000000000
vn 0.0524261287709450 -0.9714528795115737 0.2313672490020230
v 0.0414230000000000 -0.0748130000000000 0.4432910000000000
vn 0.0934746272166810 -0.8944501477365231 0.4372887230204028
v 0.0422110000000000 -0.0703770000000000 0.4553480000000000
vn 0.2021341041799239 -0.7832572069175819 0.5879200215497409
v 0.0696110000000000 -0.0632010000000000 0.4593670000000000
vn 0.0826787637201642 -0.9712104406425670 0.2234155366499297
v 0.0656490000000000 -0.0748220000000000 0.4363310000000000
vn 0.0019476241534643 -0.9999980941451015 -0.0001358908444918
v 0.0400330000000000 -0.0763520000000000 0.4309870000000000
vn -0.0811676850582120 -0.9719385888885809 -0.2207876498619551
v 0.0592270000000000 -0.0748420000000000 0.4124130000000000
vn -0.0516194049842782 -0.9717136193218292 -0.2304519018223553
v 0.0381880000000000 -0.0748270000000000 0.4187850000000000
vn -0.6133547528116170 0.1765901697537984 0.7698128728137279
v -0.1510760000000000 0.0149140000000000 0.4462790000000000
vn -0.5955512340797948 0.3427524379756257 0.7265256319275998
v -0.1513400000000000 0.0291610000000000 0.4411340000000000
vn -0.3662672754710716 0.5011745448304560 0.7840104326684585
v -0.0986030000000000 0.0423390000000000 0.4671110000000000
vn -0.0406315219051579 0.9714672060707401 -0.2336675992874942
v 0.0274660000000000 0.0751110000000000 0.4207960000000000
vn 0.0087578114451665 0.9716196893744818 0.2363862939311973
v 0.0087870000000000 0.0751310000000000 0.4475530000000000
vn -0.1220656239456777 0.7823119582502542 0.6108092856443859
v -0.0423740000000000 0.0635250000000000 0.4666720000000000
vn -0.4663628399675701 0.5017085724058074 0.7285562503142152
v -0.1253440000000000 0.0423370000000000 0.4524070000000000
vn -0.3313155440685004 0.6499144105949344 0.6839892317570744
v -0.0977060000000000 0.0539540000000000 0.4584850000000000
vn -0.5575161873008185 0.5001644882763137 0.6625791919196166
v -0.1498750000000000 0.0423360000000000 0.4343710000000000
vn -0.4975903480967674 0.6479064555310758 0.5767331014967807
v -0.1467820000000000 0.0539540000000000 0.4263330000000000
vn -0.0220139029314467 0.9716562910434129 0.2353708566358278
v -0.0164560000000000 0.0751310000000000 0.4470670000000000
vn -0.0023622742037317 0.9999968691570809 -0.0008254311736114
v 0.0069400000000000 0.0766550000000000 0.4352530000000000
vn 0.0208045870158485 0.9714944299794572 -0.2361477115662769
v -0.0164640000000000 0.0751310000000000 0.4223140000000000
vn -0.0101860888819558 0.9714461133667865 -0.2370415415446276
v 0.0055420000000000 0.0751160000000000 0.4229530000000000
vn -0.0523906554034596 0.9714652163315113 0.2313234806161403
v -0.0414250000000000 0.0751360000000000 0.4432910000000000
vn -0.0934495427217361 0.8944803463121301 0.4372323101355046
v -0.0422180000000000 0.0707000000000000 0.4553480000000000
vn -0.2778251820298685 0.7827485067374176 0.5568823425378231
v -0.0956720000000000 0.0635250000000000 0.4484860000000000
vn -0.2020481747533767 0.7833648336956811 0.5878061520669609
v -0.0696310000000000 0.0635250000000000 0.4593670000000000
vn 0.1087954312184094 0.9719642637577466 -0.2084442950139487
v -0.0792580000000000 0.0751700000000000 0.4033360000000000
vn -0.1631597551287144 0.9713428277228050 0.1728351970456335
v -0.1298240000000000 0.0751260000000000 0.3975330000000000
vn -0.0030867419003476 0.9999920042100733 -0.0025423493782760
v -0.1224430000000000 0.0766600000000000 0.3875440000000000
vn 0.1346728907013965 0.9720216591542697 -0.1924502705768700
v -0.0978430000000000 0.0751600000000000 0.3917490000000000
vn -0.0025515714728210 0.9999966297102456 -0.0004796364967768
v -0.0842180000000000 0.0766950000000000 0.4147150000000000
vn -0.0826004871106554 0.9712133194661595 0.2234319753764130
v -0.0656590000000000 0.0751460000000000 0.4363310000000000
vn -0.0018510447912906 0.9999982768648702 -0.0001410690296951
v -0.0400350000000000 0.0766750000000000 0.4309870000000000
vn 0.0811458996807254 0.9718717732063633 -0.2210895732722941
v -0.0592470000000000 0.0751650000000000 0.4124130000000000
vn 0.0517281151865071 0.9716844490668799 -0.2305505010639657
v -0.0381950000000000 0.0751510000000000 0.4187850000000000
vn -0.1116421019750880 0.9710991402797586 0.2109561585128469
v -0.0887510000000000 0.0751510000000000 0.4262350000000000
vn -0.3483284146193411 0.7819579338805408 0.5169227265366189
v -0.1200260000000000 0.0635250000000000 0.4343710000000000
vn -0.2047944884246426 0.8935032543094563 0.3996387769590184
v -0.0926180000000000 0.0707050000000000 0.4376050000000000
vn -0.1387066116853792 0.9711608981709575 0.1939252065579425
v -0.1102680000000000 0.0751460000000000 0.4132360000000000
vn -0.4131246423306379 0.7821422974919409 0.4664562748781612
v -0.1422580000000000 0.0635200000000000 0.4172550000000000
vn -0.3020469184448279 0.8937178533376662 0.3317168335847570
v -0.1365090000000000 0.0706900000000000 0.4075310000000000
vn 0.0227594618493625 0.8938206055152844 0.4478467729621569
v 0.0111250000000000 0.0707000000000000 0.4593670000000000
vn 0.0392802416700260 0.9715935160686698 0.2333733107012530
v 0.0338860000000000 0.0751310000000000 0.4447610000000000
vn 0.1175506519754029 0.7839460459605614 0.6095985902567027
v 0.0419350000000000 0.0635390000000000 0.4667190000000000
vn 0.0543071603850918 0.6493312564288012 0.7585642041089879
v 0.0171130000000000 0.0539730000000000 0.4799520000000000
vn 0.0378741322693175 0.7825165696849031 0.6214767640655749
v 0.0138960000000000 0.0635300000000000 0.4702950000000000
vn -0.1393139895926013 0.6473329386119557 0.7493675192399271
v -0.0417740000000000 0.0539560000000000 0.4767640000000000
vn -0.0414440293865964 0.7813749641706962 0.6226841557286055
v -0.0143620000000000 0.0635250000000000 0.4702950000000000
vn -0.4804488292961063 -0.1723815189654802 0.8599148413343932
v -0.1188550000000000 -0.0146460000000000 0.4680910000000000
vn -0.5066811861214303 0.1775027370233972 0.8436628200767076
v -0.1249810000000000 0.0149160000000000 0.4644130000000000
vn -0.5908628913859053 -0.1707406479957364 0.7884977328471429
v -0.1454980000000000 -0.0146510000000000 0.4507410000000000
vn -0.6117972349550465 0.0039464185687904 0.7910047844873251
v -0.1491050000000000 0.0001310000000000 0.4495640000000000
vn -0.3898190894756486 0.1772593878185328 0.9036703972746783
v -0.0966720000000000 0.0149220000000000 0.4789250000000000
vn -0.1474391219773877 0.4998080281596811 0.8534949562227467
v -0.0404050000000000 0.0423460000000000 0.4852450000000000
vn -0.3849821501138784 0.3430876964836857 0.8567844399936390
v -0.0982600000000000 0.0291670000000000 0.4740200000000000
vn -0.2584041767062262 0.4998606334204467 0.8266599231953170
v -0.0701220000000000 0.0423420000000000 0.4781370000000000
vn -0.2663899350600061 0.1767425652765489 0.9475222784284234
v -0.0666490000000000 0.0149290000000000 0.4895580000000000
vn -0.3816834275201567 0.0025600977705466 0.9242895688342861
v -0.0939080000000000 0.0001400000000000 0.4815710000000000
vn -0.2372000113466036 -0.1755040331436382 0.9554760535814008
v -0.0597570000000000 -0.0146310000000000 0.4914210000000000
vn -0.3612171273127300 -0.1744954207800000 0.9160095714907950
v -0.0900990000000000 -0.0146390000000000 0.4817160000000000
vn -0.1404075414452756 0.1763665540248860 0.9742589804188001
v -0.0354390000000000 0.0149370000000000 0.4961260000000000
vn -0.0376387062630576 0.5002977991241574 0.8650349357004996
v -0.0099590000000000 0.0423540000000000 0.4884800000000000
vn -0.1474675916189617 0.3428146216055222 0.9277561342484165
v -0.0382620000000000 0.0291790000000000 0.4918130000000000
vn 0.0733582835686127 0.4998597442619310 0.8629940893762041
v 0.0206660000000000 0.0423690000000000 0.4878410000000000
vn -0.0146913108353172 0.1756961124411989 0.9843348218258813
v -0.0035930000000000 0.0149450000000000 0.4986280000000000
vn -0.1277556694541546 0.0007270946878274 0.9918054044295361
v -0.0320690000000000 0.0001550000000000 0.4979410000000000
vn 0.0147035311769182 -0.1757018823994306 0.9843336094496754
v 0.0035730000000000 -0.0146150000000000 0.4986280000000000
vn -0.1111986542450690 -0.1753357726843006 0.9782086822919152
v -0.0283400000000000 -0.0146240000000000 0.4970590000000000
vn 0.1112189764024953 0.1753353543138625 0.9782064469301015
v 0.0283140000000000 0.0149540000000000 0.4970590000000000
vn 0.0928002212439942 0.3416972174432610 0.9352171568831479
v 0.0244590000000000 0.0291990000000000 0.4936240000000000
vn 0.1861176103506093 0.5001386011503216 0.8457077596645181
v 0.0509410000000000 0.0423790000000000 0.4832380000000000
vn 0.2372207620169751 0.1755315346326607 0.9554658499483845
v 0.0597210000000000 0.0149650000000000 0.4914210000000000
vn 0.1277839343881398 -0.0007065589290899 0.9918017780215800
v 0.0320430000000000 0.0001750000000000 0.4979410000000000
vn 0.2664318443206243 -0.1765363056471367 0.9475489460288430
v 0.0666290000000000 -0.0145940000000000 0.4895580000000000
vn 0.1404259543960925 -0.1762852014640504 0.9742710501070664
v 0.0354180000000000 -0.0146050000000000 0.4961260000000000
vn -0.0708215565242870 0.9714096068107348 -0.2266002712427566
v 0.0488900000000000 0.0751110000000000 0.4158440000000000
vn -0.1291932348783167 0.8957267321471876 -0.4254206499202837
v 0.0450230000000000 0.0706610000000000 0.4044610000000000
vn -0.3274382121512678 0.7880067275757556 -0.5213728172033235
v 0.0763660000000000 0.0634660000000000 0.3781140000000000
vn -0.6416167328218890 0.5153949882894010 -0.5680633540452444
v 0.0936920000000000 0.0423280000000000 0.3395950000000000
vn -0.2543029754505850 0.7887719928152156 -0.5596148139812712
v 0.0597150000000000 0.0634660000000000 0.3869910000000000
vn -0.4022440167595136 0.6610298699170001 -0.6334344970544989
v 0.0718670000000000 0.0538850000000000 0.3690030000000000
vn -0.1789422494445471 0.7885972090425486 -0.5882976400207878
v 0.0419670000000000 0.0634710000000000 0.3935920000000000
vn -0.2235401020876142 0.6609336055500826 -0.7163774087820098
v 0.0399310000000000 0.0538970000000000 0.3836480000000000
vn -0.7104146134769725 0.3581882796717059 -0.6058153458473855
v 0.0905650000000000 0.0291830000000000 0.3334250000000000
vn -0.4674551623322861 0.5181275705605636 -0.7162607708327353
v 0.0688030000000000 0.0422730000000000 0.3608910000000000
vn -0.5589771461022572 0.5170700697254901 -0.6482153138652716
v 0.0819780000000000 0.0422890000000000 0.3510640000000000
vn -0.3692036048310403 0.5182346782407214 -0.7714411944202234
v 0.0544110000000000 0.0422740000000000 0.3689340000000000
vn -0.5250791888749148 0.3606933891364408 -0.7708385852068704
v 0.0673530000000000 0.0291100000000000 0.3540840000000000
vn -0.2660620840884817 0.5175458791969549 -0.8132387289945953
v 0.0390290000000000 0.0422860000000000 0.3750460000000000
vn -0.3089507944085464 0.3587219780950568 -0.8808336670824393
v 0.0393650000000000 0.0291150000000000 0.3681210000000000
vn -0.9719510235166936 0.2110941282318310 0.1036845066096911
v 0.1142180000000000 0.0158660000000000 0.2446340000000000
vn -0.9211811141131169 0.3828409132245021 0.0697007185238872
v 0.1188400000000000 0.0298310000000000 0.2472610000000000
vn -0.9141049603988732 0.3690219755610891 -0.1680324460548182
v 0.1170270000000000 0.0296060000000000 0.2779820000000000
vn -0.8452981071795715 0.3580337328475954 -0.3965891528292852
v 0.1074250000000000 0.0293610000000000 0.3074580000000000
vn -0.8059590782613166 0.5220306866355215 -0.2791306618396027
v 0.1185310000000000 0.0425410000000000 0.2974050000000000
vn -0.8315378775687750 0.5274897627776979 -0.1740669650828240
v 0.1229910000000000 0.0426220000000000 0.2816290000000000
vn -0.6653856629977917 0.6623976170463899 -0.3442256765673553
v 0.1188160000000000 0.0540140000000000 0.3179130000000000
vn -0.7663790638581239 0.5174361874430571 -0.3806874339984695
v 0.1120860000000000 0.0424620000000000 0.3125210000000000
vn -0.5570293777468383 0.6588431042778866 -0.5056125357152926
v 0.0987110000000000 0.0539280000000000 0.3465900000000000
vn -0.7115825007568394 0.5150971275631829 -0.4778339604850210
v 0.1037830000000000 0.0423880000000000 0.3266710000000000
vn -0.4533954811077562 0.7875185830982909 -0.4174290586266444
v 0.1053910000000000 0.0634950000000000 0.3541670000000000
vn -0.2375043672869923 0.8951404823900954 -0.3772468585767585
v 0.0820910000000000 0.0706610000000000 0.3878090000000000
vn -0.3947123558655594 0.7873104990059577 -0.4736500124375062
v 0.0916770000000000 0.0634760000000000 0.3671060000000000
vn -0.5020616474551393 0.7888437707095408 -0.3544849891989572
v 0.1173400000000000 0.0635150000000000 0.3395270000000000
vn -0.3265049607183019 0.8957249083942115 -0.3017803822459659
v 0.1134490000000000 0.0706710000000000 0.3620040000000000
vn -0.5407758154290309 0.7908444337471994 -0.2865773875555052
v 0.1273050000000000 0.0635300000000000 0.3234660000000000
vn -0.8431811160052877 0.5334833299164694 -0.0666418960813166
v 0.1254080000000000 0.0426870000000000 0.2654940000000000
vn -0.7232930561616474 0.6704672176040666 -0.1652902448016982
v 0.1310100000000000 0.0540860000000000 0.2851130000000000
vn -0.8411951888639781 0.5391189482055601 0.0417302518303802
v 0.1257110000000000 0.0427220000000000 0.2493440000000000
vn -0.7334964890683896 0.6793355923473948 0.0220466209283839
v 0.1345000000000000 0.0540600000000000 0.2508000000000000
vn -0.3878120534429542 0.8980124650710455 -0.2077869673039758
v 0.1371760000000000 0.0706610000000000 0.3289750000000000
vn -0.5872217755688968 0.7968612853446390 -0.1420657531448104
v 0.1407480000000000 0.0635200000000000 0.2883530000000000
vn -0.5690916631379467 0.7935662223493156 -0.2153771800658610
v 0.1351560000000000 0.0635350000000000 0.3062870000000000
vn -0.5961813952781820 0.8000630448830204 -0.0668346327637880
v 0.1440130000000000 0.0634710000000000 0.2700080000000000
vn -0.4198614536967518 0.9014745612790854 -0.1051664160572698
v 0.1517960000000000 0.0705780000000000 0.2912500000000000
vn -0.5970717196506352 0.8021230407977473 0.0101975004196398
v 0.1448310000000000 0.0633730000000000 0.2516380000000000
vn -0.4285209187646833 0.9035222800214555 0.0041607314143471
v 0.1562560000000000 0.0703180000000000 0.2518640000000000
vn -0.4068478784828556 -0.1864657926833847 -0.8942624401890960
v 0.0475240000000000 -0.0146910000000000 0.3605380000000000
vn -0.4086711753750363 -0.3596390365389460 -0.8388370722702503
v 0.0521210000000000 -0.0289310000000000 0.3628620000000000
vn -0.5730905892403804 -0.5164640542025293 -0.6362641410929901
v 0.0843110000000000 -0.0420670000000000 0.3487220000000000
vn -0.5230313913971405 -0.7864902742652190 -0.3284375315024030
v 0.1222370000000000 -0.0630200000000000 0.3315720000000000
vn -0.4858954812954085 -0.5176516427351853 -0.7042317502287633
v 0.0714150000000000 -0.0420940000000000 0.3590050000000000
vn -0.5098628532914716 -0.6605471233401047 -0.5511055875969610
v 0.0912810000000000 -0.0536680000000000 0.3537990000000000
vn -0.3897993108654040 -0.5175421698634023 -0.7617129378328408
v 0.0572790000000000 -0.0420980000000000 0.3675030000000000
vn -0.3501132488228538 -0.6608960210084671 -0.6638050635645092
v 0.0627500000000000 -0.0537050000000000 0.3741980000000000
vn -0.3767302543277324 -0.8951477260480967 -0.2382957490705275
v 0.1318090000000000 -0.0701950000000000 0.3374050000000000
vn -0.4200390830366963 -0.7888482147501467 -0.4486487075733062
v 0.0988380000000000 -0.0632210000000000 0.3605340000000000
vn -0.4748845522749486 -0.7880047427142826 -0.3918331117585894
v 0.1115570000000000 -0.0631520000000000 0.3467660000000000
vn -0.3580468147654861 -0.7892366066057225 -0.4989068622796983
v 0.0843400000000000 -0.0632500000000000 0.3726010000000000
vn -0.3023586849685386 -0.8965779715511631 -0.3236157699391330
v 0.1066950000000000 -0.0703810000000000 0.3686160000000000
vn -0.2896257821914637 -0.7892209104170783 -0.5415230935522704
v 0.0683570000000000 -0.0632600000000000 0.3826430000000000
vn -0.2083811753910784 -0.8968835893731829 -0.3900988501081594
v 0.0738860000000000 -0.0704210000000000 0.3924900000000000
vn -0.2540317003860180 -0.9651583195936018 0.0627480144565822
v 0.1580600000000000 -0.0731310000000000 0.2234800000000000
vn -0.4633092337137213 -0.8783874270414523 0.1173885938713881
v 0.1469980000000000 -0.0686120000000000 0.2249020000000000
vn -0.4639633649949414 -0.8857401639028283 -0.0142252589418218
v 0.1522220000000000 -0.0690730000000000 0.2631850000000000
vn -0.4322046969092985 -0.8917034662273328 -0.1344024861663703
v 0.1472620000000000 -0.0697300000000000 0.3014000000000000
vn -0.6215180811194676 -0.7768938778944681 -0.1007530512275940
v 0.1403760000000000 -0.0622260000000000 0.2804860000000000
vn -0.6353975289624005 -0.7720229559890162 -0.0158283168548253
v 0.1415620000000000 -0.0618880000000000 0.2625780000000000
vn -0.7255256560928692 -0.6505646611322220 -0.2244507608294716
v 0.1271530000000000 -0.0529920000000000 0.2959250000000000
vn -0.5974949094032687 -0.7809598197727367 -0.1819384322723337
v 0.1367350000000000 -0.0625400000000000 0.2981260000000000
vn -0.6362359177578867 -0.6571504409756747 -0.4041746588793710
v 0.1133070000000000 -0.0534580000000000 0.3269750000000000
vn -0.5642053385627925 -0.7842590350121570 -0.2580893293785023
v 0.1306820000000000 -0.0628140000000000 0.3152660000000000
vn -0.4661478596388619 0.1865571654795659 -0.8648136197830940
v 0.0547700000000000 0.0148640000000000 0.3569360000000000
vn -0.5191446447302843 -0.1850355964494568 -0.8344163624321258
v 0.0608850000000000 -0.0146910000000000 0.3533630000000000
vn -0.3510580820037892 0.1841845543680969 -0.9180600595778288
v 0.0409530000000000 0.0148690000000000 0.3632390000000000
vn -0.3861730881979857 -0.0015494369791740 -0.9224250350010447
v 0.0437200000000000 0.0000880000000000 0.3606460000000000
vn -0.6221874381690845 -0.1827027221808326 -0.7612506204216226
v 0.0731900000000000 -0.0146690000000000 0.3445210000000000
vn -0.7188693290828702 -0.5120233954514365 -0.4701690442961191
v 0.1053710000000000 -0.0418610000000000 0.3238530000000000
vn -0.6105351092015256 -0.3571622709759482 -0.7068818802484504
v 0.0781800000000000 -0.0289040000000000 0.3455650000000000
vn -0.6508597912022998 -0.5146050861908763 -0.5581784100648998
v 0.0957070000000000 -0.0419940000000000 0.3369290000000000
vn -0.7152399995930698 -0.1806231203118369 -0.6751348246024058
v 0.0842080000000000 -0.0146120000000000 0.3342380000000000
vn -0.6088234550899893 0.0030107219598396 -0.7933000290467461
v 0.0695880000000000 0.0001020000000000 0.3456430000000000
vn -0.6733235942406208 0.1882945357731602 -0.7149688841039602
v 0.0792730000000000 0.0149090000000000 0.3393460000000000
vn -0.5740849144993579 0.1880518757839240 -0.7969084031169533
v 0.0676170000000000 0.0148740000000000 0.3489130000000000
vn -0.7975825101068024 -0.1795788217986982 -0.5758589986560286
v 0.0937160000000000 -0.0145120000000000 0.3226910000000000
vn -0.7760764674549673 -0.5093917449432049 -0.3717867222566398
v 0.1131500000000000 -0.0416740000000000 0.3097710000000000
vn -0.7725145404318817 -0.3526061126010410 -0.5281005720293255
v 0.0987350000000000 -0.0287200000000000 0.3223970000000000
vn -0.8205345545670755 -0.5067345557196249 -0.2644676441477205
v 0.1188790000000000 -0.0414290000000000 0.2948910000000000
vn -0.6381857784465453 -0.7665501905336257 0.0715522017930907
v 0.1403710000000000 -0.0615940000000000 0.2446000000000000
vn -0.7673141093243419 -0.6408767724501213 -0.0224948919914616
v 0.1320340000000000 -0.0523560000000000 0.2627200000000000
vn -0.6293544673019614 -0.7607665646174533 0.1585786512971482
v 0.1368270000000000 -0.0614020000000000 0.2267590000000000
vn -0.7568151989834382 -0.6271621246472100 0.1841152465051614
v 0.1279270000000000 -0.0518540000000000 0.2290870000000000
vn -0.8676434228640630 -0.1796749135348883 -0.4635858239926703
v 0.1015530000000000 -0.0143650000000000 0.3100850000000000
vn -0.7937376677138754 0.0040872394342905 -0.6082465037515169
v 0.0905600000000000 0.0002310000000000 0.3247150000000000
vn -0.8396646034117493 0.1851919661759554 -0.5105558631935134
v 0.0981570000000000 0.0150720000000000 0.3161920000000000
vn -0.7628031109377962 0.1868501000617306 -0.6190464070249835
v 0.0895060000000000 0.0149750000000000 0.3283820000000000
vn -0.9224781588594578 -0.1794436534928466 -0.3418099203481432
v 0.1075570000000000 -0.0141700000000000 0.2965920000000000
vn -0.8861067068662406 -0.3499260199199012 -0.3039188783700074
v 0.1122330000000000 -0.0283290000000000 0.2951070000000000
vn -0.8664477639517332 -0.4979724114497347 -0.0359409206612463
v 0.1240160000000000 -0.0408270000000000 0.2636460000000000
vn -0.8507816375705494 -0.5031654669600060 -0.1516414126539759
v 0.1225160000000000 -0.0411420000000000 0.2794430000000000
vn -0.9694532174829482 0.1953692667547393 -0.1482946685477085
v 0.1134240000000000 0.0155290000000000 0.2743400000000000
vn -0.9899337976405632 0.0278739687344208 0.1387592092652767
v 0.1120520000000000 0.0013410000000000 0.2415860000000000
vn -0.9734173775401328 -0.1549328859871524 0.1686843500227055
v 0.1125030000000000 -0.0132130000000000 0.2382970000000000
vn -0.9788371264714476 0.2034103091047420 -0.0224081679535058
v 0.1147920000000000 0.0157040000000000 0.2594750000000000
vn -0.9928264576268575 0.0109744653599253 -0.1190595907357722
v 0.1123460000000000 0.0009200000000000 0.2708850000000000
vn -0.9603517627555340 -0.1770968812228811 -0.2153164797071217
v 0.1116840000000000 -0.0139420000000000 0.2824320000000000
vn -0.9275435524333411 0.0025012368603182 -0.3737067060590515
v 0.1050920000000000 0.0005160000000000 0.2992580000000000
vn -0.9435722576889735 0.1887840613272553 -0.2720881708353389
v 0.1101750000000000 0.0153580000000000 0.2889270000000000
vn -0.9004654602189383 0.1853383161657128 -0.3934611334217830
v 0.1050630000000000 0.0152030000000000 0.3029630000000000
vn -0.9813060155998271 -0.1717612258189371 -0.0868135073175130
v 0.1138850000000000 -0.0136910000000000 0.2678370000000000
vn -0.8673369239882462 -0.4911291282120082 0.0807393318545553
v 0.1234030000000000 -0.0405440000000000 0.2477070000000000
vn -0.9379135670695328 -0.3420386550967431 -0.0576862126206621
v 0.1178500000000000 -0.0277820000000000 0.2653760000000000
vn -0.9855480131930796 -0.1640284484007063 0.0423058129153678
v 0.1141640000000000 -0.0134430000000000 0.2530350000000000
vn -0.8542943711726450 -0.4823835756398333 0.1936161494701937
v 0.1206830000000000 -0.0403200000000000 0.2318570000000000
vn -0.9266680276415753 -0.3254696306266660 0.1880316092751809
v 0.1154440000000000 -0.0272740000000000 0.2349940000000000
vn 0.1118770117875811 -0.9710720427287303 0.2109564458937733
v 0.0887170000000000 -0.0748270000000000 0.4262350000000000
vn 0.2052490272833325 -0.8934678973115060 0.3994846095571170
v 0.0925840000000000 -0.0703810000000000 0.4376050000000000
vn 0.4145547109705234 -0.7816490579175545 0.4660141005042074
v 0.1422000000000000 -0.0631960000000000 0.4170950000000000
vn 0.7089078677139105 -0.5048871976154351 0.4924820329487659
v 0.1905060000000000 -0.0420280000000000 0.3897550000000000
vn 0.3495627356658624 -0.7821042044115787 0.5158671411085705
v 0.1199770000000000 -0.0632010000000000 0.4343240000000000
vn 0.4982229470174597 -0.6497180205270225 0.5741431780206789
v 0.1467380000000000 -0.0536300000000000 0.4261870000000000
vn 0.2782596593692978 -0.7827960792898161 0.5565984730631001
v 0.0956430000000000 -0.0632010000000000 0.4484860000000000
vn 0.3315360893626037 -0.6498756005355688 0.6839192388569614
v 0.0976720000000000 -0.0536290000000000 0.4584850000000000
vn 0.7619192579970828 -0.3474588225954766 0.5465815683809141
v 0.1937510000000000 -0.0288680000000000 0.3959410000000000
vn 0.5575720896299691 -0.5028734464421618 0.6604783582594149
v 0.1498360000000000 -0.0420090000000000 0.4343240000000000
vn 0.6385602519844268 -0.5038095389117500 0.5817359822867372
v 0.1717140000000000 -0.0420180000000000 0.4132870000000000
vn 0.4665773061880952 -0.5022100100044121 0.7280732952125278
v 0.1253050000000000 -0.0420070000000000 0.4524070000000000
vn 0.5953323688541008 -0.3438936476063773 0.7261656351897587
v 0.1513060000000000 -0.0288300000000000 0.4411340000000000
vn 0.3663761457864034 -0.5011104340121887 0.7840005438281380
v 0.0985690000000000 -0.0420080000000000 0.4671110000000000
vn 0.3851048949021091 -0.3431134912702393 0.8567189457638851
v 0.0982360000000000 -0.0288310000000000 0.4740200000000000
vn 0.9594473684823717 -0.2236463373289441 -0.1715898100459350
v 0.2350040000000000 -0.0151410000000000 0.2287590000000000
vn 0.9078795871492040 -0.3811448089803177 -0.1745946443197730
v 0.2299800000000000 -0.0290340000000000 0.2260730000000000
vn 0.9257446366409516 -0.3736920404199605 0.0578889165322614
v 0.2342590000000000 -0.0290340000000000 0.2847460000000000
vn 0.8777777145606379 -0.3567192774424924 0.3197774865771654
v 0.2222020000000000 -0.0289480000000000 0.3423940000000000
vn 0.8400178021066289 -0.5191569739142939 0.1576265478277735
v 0.2246580000000000 -0.0420280000000000 0.3095070000000000
vn 0.8510133700110082 -0.5238725939084330 0.0365205341439184
v 0.2279020000000000 -0.0419970000000000 0.2811480000000000
vn 0.7173629001936663 -0.6574558795358886 0.2305259982939518
v 0.2102920000000000 -0.0535550000000000 0.3320030000000000
vn 0.8120067763984541 -0.5130279731626841 0.2782935389756279
v 0.2172620000000000 -0.0420380000000000 0.3373750000000000
vn 0.6299238309969940 -0.6508091207934169 0.4238436686257919
v 0.1853590000000000 -0.0536170000000000 0.3827700000000000
vn 0.7676108437872853 -0.5077200976151397 0.3911443403372277
v 0.2058120000000000 -0.0420360000000000 0.3642930000000000
vn -0.1348851955934489 -0.9720856473674756 -0.1919778065086506
v 0.0977990000000000 -0.0748370000000000 0.3917000000000000
vn 0.1391780729458780 -0.9710765905728896 0.1940095854652666
v 0.1102140000000000 -0.0748220000000000 0.4132210000000000
vn -0.1088841957207011 -0.9720443092021868 -0.2080242602916777
v 0.0792230000000000 -0.0748470000000000 0.4033240000000000
vn 0.0025909056807691 -0.9999965707953288 -0.0003815826729817
v 0.0841890000000000 -0.0763710000000000 0.4147150000000000
vn 0.1635766785061092 -0.9712903591183261 0.1727359503192724
v 0.1297600000000000 -0.0748030000000000 0.3974700000000000
vn 0.5209512273576614 -0.7834417853065446 0.3388639664382156
v 0.1785760000000000 -0.0631520000000000 0.3752230000000000
vn 0.3032462169659073 -0.8931346464665587 0.3321930691283624
v 0.1364400000000000 -0.0703670000000000 0.4074370000000000
vn 0.4719346595223675 -0.7819718086483347 0.4071827201893016
v 0.1618730000000000 -0.0631820000000000 0.3972580000000000
vn 0.1845864592963328 -0.9716457650155110 0.1477577286366629
v 0.1469340000000000 -0.0747630000000000 0.3793830000000000
vn 0.0031021986769021 -0.9999918331761926 -0.0025903560154529
v 0.1223840000000000 -0.0763370000000000 0.3874610000000000
vn -0.1796436583931635 -0.9717818207042355 -0.1528667686185630
v 0.1293780000000000 -0.0747490000000000 0.3617440000000000
vn -0.1586104795685592 -0.9719945503720347 -0.1734050455381790
v 0.1146350000000000 -0.0748070000000000 0.3776970000000000
vn 0.2022932088055410 -0.9720154076568520 0.1194299164733936
v 0.1613830000000000 -0.0746950000000000 0.3593920000000000
vn 0.5609312042079539 -0.7854967549475753 0.2614403031528297
v 0.1919370000000000 -0.0631030000000000 0.3514610000000000
vn 0.3782385422699749 -0.8949097719908777 0.2367954922221275
v 0.1704550000000000 -0.0702940000000000 0.3673610000000000
vn 0.5905243405544973 -0.7872987386236184 0.1773180740204879
v 0.2016610000000000 -0.0630150000000000 0.3264310000000000
vn 0.8468370712014437 -0.5262733667490114 -0.0768330546680375
v 0.2272160000000000 -0.0419260000000000 0.2525500000000000
vn 0.7490356464112339 -0.6622882657029063 0.0178844490421602
v 0.2196340000000000 -0.0533730000000000 0.2776540000000000
vn 0.8325819153530483 -0.5267392589178054 -0.1713274856576456
v 0.2228640000000000 -0.0418320000000000 0.2239510000000000
vn 0.7322253476911773 -0.6618045046015431 -0.1608130526034534
v 0.2140520000000000 -0.0530730000000000 0.2224710000000000
vn 0.2163228101264260 -0.9724192240516499 0.0872083397032277
v 0.1728120000000000 -0.0745770000000000 0.3379480000000000
vn 0.0023442563731275 -0.9999689388306482 -0.0075250140175622
v 0.1516830000000000 -0.0761950000000000 0.3515990000000000
vn -0.2153295696774669 -0.9707587773230996 -0.1061158455306161
v 0.1514680000000000 -0.0744640000000000 0.3253130000000000
vn -0.1984942406005012 -0.9713611075933408 -0.1306048816218922
v 0.1417340000000000 -0.0746410000000000 0.3441630000000000
vn 0.2257895084678895 -0.9727511864213363 0.0526709329869106
v 0.1809880000000000 -0.0743910000000000 0.3154130000000000
vn 0.4266993485245015 -0.8966893613135818 0.1177958202815654
v 0.1917560000000000 -0.0700730000000000 0.3208630000000000
vn 0.6154256552526601 -0.7881893509764734 0.0029681415261932
v 0.2098510000000000 -0.0626970000000000 0.2743410000000000
vn 0.6086612412905550 -0.7883921877033578 0.0892706655007916
v 0.2076510000000000 -0.0628780000000000 0.3005920000000000
vn -0.2514818616127243 -0.9677436672795020 -0.0151349833240451
v 0.1636520000000000 -0.0735670000000000 0.2644500000000000
vn -0.0128067374350459 -0.9999179727780809 0.0001875943574706
v 0.1696320000000000 -0.0747880000000000 0.2224320000000000
vn 0.2279276471599996 -0.9718596772884588 -0.0594790326155320
v 0.1813550000000000 -0.0734250000000000 0.2217060000000000
vn -0.2557530764535277 -0.9664904419817210 0.0220587724620774
v 0.1621620000000000 -0.0732880000000000 0.2438400000000000
vn -0.0094555908131138 -0.9998269379032377 -0.0160214245749294
v 0.1754930000000000 -0.0752140000000000 0.2663220000000000
vn 0.2307747997780840 -0.9728428489423464 0.0178824788305271
v 0.1858550000000000 -0.0741410000000000 0.2921810000000000
vn -0.0019873395324799 -0.9998833276673864 -0.0151453469546438
v 0.1697340000000000 -0.0758170000000000 0.3102620000000000
vn -0.2424781714085631 -0.9689313094495046 -0.0487488867444979
v 0.1624510000000000 -0.0739010000000000 0.2851080000000000
vn -0.2301621932286763 -0.9699451225472869 -0.0789419030356765
v 0.1583830000000000 -0.0742100000000000 0.3055070000000000
vn 0.2320840205126380 -0.9725953763935026 -0.0139728751755052
v 0.1873840000000000 -0.0738520000000000 0.2686160000000000
vn 0.6124802268287766 -0.7868340551914175 -0.0758955949630798
v 0.2085280000000000 -0.0624860000000000 0.2479180000000000
vn 0.4434645436723942 -0.8962572747461590 -0.0078800996201235
v 0.1989650000000000 -0.0696320000000000 0.2713210000000000
vn 0.2305946087222097 -0.9721942415515071 -0.0407980774343678
v 0.1858250000000000 -0.0735870000000000 0.2450220000000000
vn 0.6028265226943577 -0.7854146643998310 -0.1404421179060260
v 0.2039300000000000 -0.0623090000000000 0.2216280000000000
vn 0.4358807319492690 -0.8935986614203365 -0.1071887112673359
v 0.1929070000000000 -0.0692150000000000 0.2214420000000000
vn 0.3612790600866090 0.1748145691996568 0.9159242911608332
v 0.0900600000000000 0.0149760000000000 0.4817160000000000
vn 0.3312498405762391 0.3454502467581760 0.8780305633250652
v 0.0854630000000000 0.0292170000000000 0.4793640000000000
vn 0.4962662091909543 0.5049515711514138 0.7062179269934731
v 0.1342980000000000 0.0423900000000000 0.4464750000000000
vn -0.2141108558148362 0.9732119290203782 -0.0837560901348238
v 0.1571780000000000 0.0750090000000000 0.3144860000000000
vn -0.2196745968227024 0.9738957741385080 -0.0571847237113143
v 0.1637010000000000 0.0749150000000000 0.2938080000000000
vn 0.2107441146413263 0.9713922787310260 0.1094712700473896
v 0.1710530000000000 0.0750180000000000 0.3440550000000000
vn 0.4670913093746611 0.7822562008888422 0.4121904230784846
v 0.1619660000000000 0.0635200000000000 0.3975880000000000
vn 0.3985519760818263 0.5051150506474177 0.7655162362554618
v 0.1082630000000000 0.0423880000000000 0.4623550000000000
vn 0.4286307444048438 0.6501858850257893 0.6273228832620252
v 0.1273000000000000 0.0539920000000000 0.4413300000000000
vn 0.2950706023281757 0.5027946440409238 0.8124843909672654
v 0.0803060000000000 0.0423830000000000 0.4746590000000000
vn 0.2511668807566220 0.6493061621098809 0.7178556302329360
v 0.0748370000000000 0.0539890000000000 0.4679460000000000
vn 0.1932076994353242 0.9716873609315975 0.1359943288696139
v 0.1579860000000000 0.0750820000000000 0.3654690000000000
vn 0.0015187841444092 0.9999987171015121 0.0005090088927166
v 0.1594520000000000 0.0765720000000000 0.3393950000000000
vn -0.1913629747467286 0.9721264660524542 -0.1354634485625157
v 0.1364110000000000 0.0750920000000000 0.3529320000000000
vn -0.2048710476179036 0.9725940257148313 -0.1099486925422979
v 0.1480170000000000 0.0750620000000000 0.3343420000000000
vn 0.1732998903406621 0.9717850429464545 0.1600030572003927
v 0.1422440000000000 0.0751110000000000 0.3851080000000000
vn 0.3325583157661833 0.8941721966314000 0.2997683261889698
v 0.1522760000000000 0.0706850000000000 0.3918330000000000
vn 0.3448034556160466 0.7823449132558125 0.5186974201767233
v 0.1197130000000000 0.0635440000000000 0.4346180000000000
vn 0.4101615401969328 0.7819128248798675 0.4694463177315011
v 0.1420520000000000 0.0635390000000000 0.4174750000000000
vn -0.1282057945229595 0.9713111257148754 -0.2002947111464462
v 0.0887560000000000 0.0751110000000000 0.3977640000000000
vn 0.0692924495466418 0.9716468979111715 0.2260549982093372
v 0.0583750000000000 0.0751310000000000 0.4387350000000000
vn -0.0026387640058127 0.9999964796834205 -0.0002784695453066
v 0.0534170000000000 0.0766550000000000 0.4273640000000000
vn -0.1004357683390304 0.9713289426381904 -0.2154825784872726
v 0.0694510000000000 0.0751110000000000 0.4081350000000000
vn -0.0026612080998281 0.9999963728139842 0.0004151268774768
v 0.0961330000000000 0.0766550000000000 0.4076920000000000
vn 0.1504036616661230 0.9718476331492704 0.1813585302641800
v 0.1241290000000000 0.0751260000000000 0.4025240000000000
vn -0.0014445342708914 0.9999984781869766 0.0009782353864466
v 0.1322300000000000 0.0766410000000000 0.3776540000000000
vn -0.1529090821832286 0.9714455509908871 -0.1814176233057152
v 0.1065480000000000 0.0751110000000000 0.3849320000000000
vn -0.1739914073143351 0.9717315685952477 -0.1595767801912199
v 0.1225060000000000 0.0751060000000000 0.3698950000000000
vn 0.1253726611388651 0.9717955415491948 0.1997376310665235
v 0.1038860000000000 0.0751310000000000 0.4174120000000000
vn 0.2735030814655551 0.7829841147739190 0.5586876949070461
v 0.0953240000000000 0.0635440000000000 0.4486820000000000
vn 0.2425482873397272 0.8946356902820346 0.3752296763079284
v 0.1118360000000000 0.0707050000000000 0.4265290000000000
vn 0.0982593931922170 0.9717082455669036 0.2147747125403438
v 0.0818620000000000 0.0751310000000000 0.4295670000000000
vn 0.1975891480684037 0.7836369194704267 0.5889581538687638
v 0.0692320000000000 0.0635440000000000 0.4594650000000000
vn 0.1366194378148002 0.8948214276889519 0.4250055785044165
v 0.0637070000000000 0.0707050000000000 0.4495640000000000
vn 0.0071303498233808 0.9999706921096460 -0.0027880159884143
v 0.1760380000000000 0.0763610000000000 0.2959500000000000
vn -0.2228870408936011 0.9743907805939932 -0.0297316951269646
v 0.1674700000000000 0.0747680000000000 0.2726940000000000
vn 0.0096205637241890 0.9999277744032256 -0.0072035220996960
v 0.1805520000000000 0.0759640000000000 0.2506580000000000
vn -0.2250616347314391 0.9743445283666622 -0.0000247781951693
v 0.1683080000000000 0.0745720000000000 0.2515300000000000
vn 0.2462637657467938 0.9690901452241091 0.0147799901800864
v 0.1922260000000000 0.0745380000000000 0.2736000000000000
vn 0.2513054162797149 0.9676773896396472 -0.0211200693341071
v 0.1925790000000000 0.0743080000000000 0.2494220000000000
vn 0.4691159904489617 0.8821688781620155 -0.0413310767759643
v 0.2039450000000000 0.0697690000000000 0.2477850000000000
vn 0.4456540169920807 0.8905423691019274 0.0912512245021878
v 0.2002890000000000 0.0702300000000000 0.2988910000000000
vn 0.2375384114414353 0.9701302678275333 0.0492216063813240
v 0.1883690000000000 0.0747440000000000 0.2976950000000000
vn 0.3996683078586952 0.8937144393524353 0.2038130137805960
v 0.1824580000000000 0.0705580000000000 0.3480840000000000
vn 0.2256371495192407 0.9708653348934360 0.0806745205073326
v 0.1812530000000000 0.0749060000000000 0.3213090000000000
vn 0.5934006344968481 0.7789560962571636 0.2027389629117669
v 0.2040820000000000 0.0631970000000000 0.3258430000000000
vn 0.6210066582840601 0.7745514626371048 0.1200864775634062
v 0.2113510000000000 0.0629860000000000 0.2994990000000000
vn 0.6874141304555893 0.6458454474249009 0.3321828883168360
v 0.2030920000000000 0.0537660000000000 0.3535490000000000
vn 0.5588064891231244 0.7812603182087348 0.2781503602483264
v 0.1932600000000000 0.0633580000000000 0.3513290000000000
vn 0.5755971902953352 0.6497887752522599 0.4964498182901104
v 0.1710140000000000 0.0539560000000000 0.4021750000000000
vn 0.5164693616246034 0.7823342993453823 0.3481557734274190
v 0.1791500000000000 0.0634660000000000 0.3753990000000000
vn 0.5066515023311534 -0.1775638291326845 0.8436677911176437
v 0.1249520000000000 -0.0145790000000000 0.4644130000000000
vn 0.4803473853939609 0.1733963128934269 0.8597674732275875
v 0.1188200000000000 0.0149830000000000 0.4680910000000000
vn 0.3898845848143385 -0.1770915955506199 0.9036750396627578
v 0.0966470000000000 -0.0145840000000000 0.4789250000000000
vn 0.3816749582699220 -0.0023796152281398 0.9242935484255093
v 0.0938730000000000 0.0001970000000000 0.4815710000000000
vn 0.5902496380115738 0.1717850937059433 0.7887301480276042
v 0.1454780000000000 0.0149820000000000 0.4507410000000000
vn 0.6630418174305750 0.5010296227677180 0.5561877969243827
v 0.1790520000000000 0.0423430000000000 0.4053550000000000
vn 0.5508415979149075 0.3441111331198102 0.7603690301883367
v 0.1404650000000000 0.0292240000000000 0.4497090000000000
vn 0.5843251644992087 0.5037086397293319 0.6362717252833092
v 0.1580350000000000 0.0423780000000000 0.4273400000000000
vn 0.6880831017045780 0.1703315218341441 0.7053572270972148
v 0.1696120000000000 0.0149650000000000 0.4300650000000000
vn 0.6113767685430480 -0.0041242344504211 0.7913289060662819
v 0.1490860000000000 0.0002020000000000 0.4495640000000000
vn 0.7074330257760826 -0.1770247995572606 0.6842519524144657
v 0.1745180000000000 -0.0145970000000000 0.4249840000000000
vn 0.6129772191123680 -0.1770557512591645 0.7700066167217792
v 0.1510510000000000 -0.0145810000000000 0.4462790000000000
vn 0.7731604064572325 0.1696609865488795 0.6110958480714364
v 0.1907950000000000 0.0149220000000000 0.4065350000000000
vn 0.7310016346867498 0.4981283704579145 0.4663740308274486
v 0.1970050000000000 0.0422660000000000 0.3809330000000000
vn 0.7296187498931487 0.3388892058806292 0.5939786073100237
v 0.1857620000000000 0.0291670000000000 0.4068330000000000
vn 0.7873694338623970 0.4949687950193989 0.3674986620060717
v 0.2115270000000000 0.0421340000000000 0.3546180000000000
vn 0.6400651872766384 0.7677616953610057 0.0293007708587341
v 0.2148210000000000 0.0627460000000000 0.2726940000000000
vn 0.7605710785051171 0.6348621168891400 0.1359475159044956
v 0.2211290000000000 0.0533650000000000 0.2993910000000000
vn 0.6479464656038619 0.7588626023344659 -0.0655204432953996
v 0.2142920000000000 0.0625000000000000 0.2458400000000000
vn 0.7842098993995410 0.6139602604888513 -0.0898199990215073
v 0.2231920000000000 0.0528600000000000 0.2435460000000000
vn 0.8462521344164737 0.1673458682478469 0.5058188266325570
v 0.2086600000000000 0.0148420000000000 0.3806920000000000
vn 0.7936353156871304 -0.0045510927262729 0.6083767527192224
v 0.1939170000000000 0.0001430000000000 0.4045550000000000
vn 0.8601977695899611 -0.1837970845177816 0.4756873226345428
v 0.2118170000000000 -0.0146900000000000 0.3747180000000000
vn 0.7901264673522829 -0.1793226209185657 0.5861258936579226
v 0.1949070000000000 -0.0146320000000000 0.4009600000000000
vn 0.9072089488501125 0.1610494375577398 0.3886322191849380
v 0.2228050000000000 0.0147210000000000 0.3530490000000000
vn 0.8604381757103369 0.3326820463834899 0.3859647675557460
v 0.2182180000000000 0.0289560000000000 0.3544560000000000
vn 0.8665564650428303 0.4790373058416227 0.1400112584918568
v 0.2291960000000000 0.0417250000000000 0.2985280000000000
vn 0.8328279840657654 0.4891065483234454 0.2591762592215541
v 0.2223540000000000 0.0419540000000000 0.3269700000000000
vn 0.9741130829147855 -0.2110534831320935 0.0809946229824133
v 0.2383370000000000 -0.0149690000000000 0.2882940000000000
vn 0.9850146229656886 -0.0553990020289693 -0.1633313904855909
v 0.2376660000000000 -0.0006400000000000 0.2317640000000000
vn 0.9815539999057807 0.1188732217741849 -0.1497361092522037
v 0.2377290000000000 0.0139420000000000 0.2349250000000000
vn 0.9739394562650898 -0.2201698632889928 -0.0544717066867493
v 0.2386800000000000 -0.0150670000000000 0.2585140000000000
vn 0.9939356428558896 -0.0379450548395000 0.1032090629444752
v 0.2399010000000000 -0.0003270000000000 0.2916320000000000
vn 0.9537225935290971 0.1511509711642104 0.2599357584255172
v 0.2329410000000000 0.0145590000000000 0.3241470000000000
vn 0.9260432037091829 -0.0157969288903034 0.3770867829845903
v 0.2250700000000000 -0.0000340000000000 0.3504610000000000
vn 0.9547744401861810 -0.1998819651704481 0.2201203497334236
v 0.2337550000000000 -0.0148630000000000 0.3178490000000000
vn 0.9159006532392518 -0.1904570957238840 0.3533441496393212
v 0.2248490000000000 -0.0147690000000000 0.3468250000000000
vn 0.9828126038323174 0.1387406472825565 0.1217802058626833
v 0.2388170000000000 0.0143590000000000 0.2945530000000000
vn 0.8841231141295113 0.4670816359368177 0.0126911162834929
v 0.2318530000000000 0.0414710000000000 0.2697040000000000
vn 0.9403588344141157 0.3124055986642113 0.1346402780098940
v 0.2351960000000000 0.0285560000000000 0.2968960000000000
vn 0.9917579198762231 0.1266550813232494 -0.0193576532097246
v 0.2403860000000000 0.0141470000000000 0.2646950000000000
vn 0.8823409396470875 0.4570172478097730 -0.1122929268791009
v 0.2302740000000000 0.0412170000000000 0.2409240000000000
vn 0.9474251857617428 0.2913172837823459 -0.1323622210224789
v 0.2352300000000000 0.0280720000000000 0.2380320000000000
vn -0.8234678142787368 0.5097337109278430 0.2491431371535850
v 0.1185850000000000 0.0418800000000000 -0.2927610000000000
vn -0.8905444231632720 0.3517779388067203 0.2884144797711971
v 0.1119290000000000 0.0287720000000000 -0.2929770000000000
vn -0.8524100217232015 0.5057298755587769 0.1327947583045174
v 0.1219820000000000 0.0416570000000000 -0.2770670000000000
vn -0.7761260263940516 0.3546957236548421 0.5213629587674479
v 0.0987010000000000 0.0290740000000000 -0.3205560000000000
vn -0.6523362271310215 0.5157571298053792 0.5553845783125254
v 0.0957310000000000 0.0423240000000000 -0.3351670000000000
vn -0.6377554826822179 0.6589222963696060 0.3988600652556936
v 0.1132970000000000 0.0538150000000000 -0.3251830000000000
vn -0.7214883836452195 0.5141018751762227 0.4638467141257982
v 0.1053470000000000 0.0422200000000000 -0.3220360000000000
vn -0.7266174233435967 0.6538894016865254 0.2108453709606883
v 0.1268930000000000 0.0534450000000000 -0.2938350000000000
vn -0.7793472363984522 0.5122337288836762 0.3608801630902139
v 0.1130220000000000 0.0420730000000000 -0.3078370000000000
vn -0.5970582081158542 0.7837460689859531 0.1710660558689279
v 0.1365290000000000 0.0629810000000000 -0.2960990000000000
vn -0.6194967911840382 0.7801599767704919 0.0870295142934048
v 0.1399500000000000 0.0627310000000000 -0.2781900000000000
vn -0.5646706826894879 0.7863208064731430 0.2506922603879379
v 0.1306180000000000 0.0632010000000000 -0.3134050000000000
vn -0.4312429618506588 0.8932941480694686 0.1267086140683170
v 0.1471150000000000 0.0701510000000000 -0.2994320000000000
vn -0.5236059492727897 0.7878179812501866 0.3243141043880473
v 0.1222520000000000 0.0633680000000000 -0.3298000000000000
vn -0.3769959366265424 0.8957445052929270 0.2356180065372876
v 0.1318480000000000 0.0705380000000000 -0.3356620000000000
vn -0.4749711118488012 0.7887695282823275 0.3901859481867437
v 0.1116060000000000 0.0634810000000000 -0.3450330000000000
vn -0.5423338603664412 -0.7906948707423433 0.2840345142439251
v 0.1273830000000000 -0.0631920000000000 -0.3216780000000000
vn -0.3900718893079966 -0.8974689543313170 0.2058965691388330
v 0.1372640000000000 -0.0703470000000000 -0.3271970000000000
vn -0.5716100655054309 -0.7929233352172247 0.2110320295141705
v 0.1351560000000000 -0.0632110000000000 -0.3044360000000000
vn -0.3258149751074121 -0.8961442701027243 0.3012806816870468
v 0.1135810000000000 -0.0703420000000000 -0.3603100000000000
vn -0.3932962361285187 -0.7879016660993293 0.4738449484853052
v 0.0917760000000000 -0.0631480000000000 -0.3653630000000000
vn -0.5556895111119672 -0.6604751801821390 0.5049571304611057
v 0.0987990000000000 -0.0535860000000000 -0.3448420000000000
vn -0.4523952030376415 -0.7882001829688594 0.4172278176684623
v 0.1055090000000000 -0.0631570000000000 -0.3524340000000000
vn -0.6660436899902479 -0.6636236058071237 0.3405723312891492
v 0.1188600000000000 -0.0536490000000000 -0.3161060000000000
vn -0.5024311365464267 -0.7891277051150679 0.3533276355572721
v 0.1174580000000000 -0.0631720000000000 -0.3377790000000000
vn -0.7665356562865032 -0.5207739357502077 0.3757892966605867
v 0.1120720000000000 -0.0420790000000000 -0.3106710000000000
vn -0.8065225569522552 -0.5251729808009207 0.2715045218110965
v 0.1184190000000000 -0.0421450000000000 -0.2954810000000000
vn -0.9390369298266046 -0.2279612447487759 0.2573777677158872
v 0.1098710000000000 -0.0149110000000000 -0.2868310000000000
vn -0.9576078729661047 0.2101788412959055 0.1970076554473023
v 0.1112090000000000 0.0144300000000000 -0.2801550000000000
vn -0.8967032590851306 -0.2240263380337947 0.3817531466972774
v 0.1049010000000000 -0.0147940000000000 -0.3009710000000000
vn -0.7110413420127266 -0.5183465377029538 0.4751179609319155
v 0.1038180000000000 -0.0420250000000000 -0.3248640000000000
vn -0.8464197290673797 -0.3624402245339370 0.3901419304372357
v 0.1073370000000000 -0.0289660000000000 -0.3055390000000000
vn -0.6411575192703631 -0.5176293500952167 0.5665482251345224
v 0.0937460000000000 -0.0419860000000000 -0.3378140000000000
vn -0.8366201046774702 -0.2226824910168869 0.5004790791271629
v 0.0980930000000000 -0.0146990000000000 -0.3142830000000000
vn -0.9319737648125836 -0.0047752842693503 0.3624942735564326
v 0.1038860000000000 -0.0000770000000000 -0.2967360000000000
vn -0.8662606575695398 0.2165144749627235 0.4502376653266634
v 0.1014210000000000 0.0147510000000000 -0.3081270000000000
vn -0.9207968751406342 0.2145566483756776 0.3257277381019905
v 0.1072780000000000 0.0146040000000000 -0.2944860000000000
vn -0.7598234512424473 -0.2236628836168657 0.6104451141865294
v 0.0895110000000000 -0.0146290000000000 -0.3265410000000000
vn -0.7118242617787770 -0.3599012681173467 0.6031395340637398
v 0.0905940000000000 -0.0288420000000000 -0.3316080000000000
vn -0.5588015983509813 -0.5181071028029292 0.6475382642790645
v 0.0820420000000000 -0.0419680000000000 -0.3493020000000000
vn -0.6700713939100509 -0.2246046988395791 0.7075005698390803
v 0.0793160000000000 -0.0145830000000000 -0.3375540000000000
vn -0.7976328029629506 -0.0038317166050928 0.6031311877073884
v 0.0896730000000000 0.0001280000000000 -0.3221640000000000
vn -0.7122525455912634 0.2177371060708972 0.6672981821784292
v 0.0842270000000000 0.0149380000000000 -0.3324470000000000
vn -0.7957967668469637 0.2171788046961735 0.5652794642180632
v 0.0936820000000000 0.0148620000000000 -0.3208400000000000
vn 0.7901344805155981 -0.4941342935874058 -0.3626552117386727
v 0.2112380000000000 -0.0419340000000000 -0.3525470000000000
vn 0.8624642098790700 -0.3339130618804590 -0.3803387355809139
v 0.2179140000000000 -0.0287520000000000 -0.3523750000000000
vn 0.8349119602518463 -0.4889495628604560 -0.2526862552791279
v 0.2218790000000000 -0.0418170000000000 -0.3246730000000000
vn 0.7316036837706005 -0.3380639795953235 -0.5920040503184586
v 0.1856930000000000 -0.0288700000000000 -0.4049830000000000
vn 0.5875294956197972 -0.4992371785079993 -0.6368448251906574
v 0.1580450000000000 -0.0420570000000000 -0.4256660000000000
vn 0.5791885744372539 -0.6474451584475415 -0.4953335866304437
v 0.1709990000000000 -0.0536530000000000 -0.4004810000000000
vn 0.6665829525677415 -0.4979256703430516 -0.5547406548645003
v 0.1790070000000000 -0.0420420000000000 -0.4035560000000000
vn 0.6908642711251467 -0.6439006051638172 -0.3287834690984170
v 0.2028520000000000 -0.0535580000000000 -0.3515030000000000
vn 0.7338367507123695 -0.4967740289651422 -0.4633564367197802
v 0.1968630000000000 -0.0420030000000000 -0.3790080000000000
vn 0.5620821472589331 -0.7795583096757831 -0.2763195641792727
v 0.1930890000000000 -0.0631370000000000 -0.3493310000000000
vn 0.5970994001091546 -0.7770284790623161 -0.1992462022609003
v 0.2037250000000000 -0.0630450000000000 -0.3236440000000000
vn 0.2251334489303895 -0.9709904120219445 -0.0805763608892960
v 0.1810860000000000 -0.0747000000000000 -0.3192570000000000
vn -0.2178666365405313 -0.9725891219279986 0.0812682508107602
v 0.1571530000000000 -0.0747440000000000 -0.3125820000000000
vn 0.2102583151846324 -0.9714775005105988 -0.1096490168555977
v 0.1710240000000000 -0.0747580000000000 -0.3421610000000000
vn 0.5191345245238423 -0.7811510932974255 -0.3468462409881948
v 0.1790960000000000 -0.0631920000000000 -0.3735730000000000
vn 0.4012401877266019 -0.8931529112027664 -0.2031851100921142
v 0.1823550000000000 -0.0703230000000000 -0.3461410000000000
vn 0.4679059017333156 -0.7824425658799492 -0.4109108154117314
v 0.1619810000000000 -0.0632160000000000 -0.3959140000000000
vn 0.1929519039221725 -0.9717190890168632 -0.1361307269246958
v 0.1580350000000000 -0.0747830000000000 -0.3636670000000000
vn -0.0004002576277288 -0.9999990607923919 -0.0013108043964991
v 0.1594860000000000 -0.0762880000000000 -0.3375540000000000
vn -0.1926134764651717 -0.9719843614227449 0.1347087593054719
v 0.1365340000000000 -0.0747730000000000 -0.3512280000000000
vn -0.2073941698917091 -0.9722148004631735 0.1085635300424619
v 0.1480900000000000 -0.0747630000000000 -0.3325500000000000
vn 0.1737699420241351 -0.9716408881597548 -0.1603683001875733
v 0.1423320000000000 -0.0747930000000000 -0.3833750000000000
vn 0.3322419856555671 -0.8944826739645051 -0.2991922608373334
v 0.1523260000000000 -0.0703770000000000 -0.3900800000000000
vn 0.4083227057814595 -0.7834283936934864 -0.4685216322627498
v 0.1421020000000000 -0.0632210000000000 -0.4158130000000000
vn 0.1514225150905161 -0.9714863945508576 -0.1824428872996636
v 0.1242270000000000 -0.0748030000000000 -0.4008700000000000
vn -0.0015190859568240 -0.9999980727316894 -0.0012437486734605
v 0.1323480000000000 -0.0763170000000000 -0.3760280000000000
vn -0.1517350045518855 -0.9717103416445919 0.1809848069164640
v 0.1066660000000000 -0.0747880000000000 -0.3833060000000000
vn -0.1739540510107573 -0.9718257439403611 0.1590431122422803
v 0.1226390000000000 -0.0747830000000000 -0.3682790000000000
vn -0.1795939222889530 0.9718763415068283 0.1523233399586946
v 0.1294460000000000 0.0750770000000000 -0.3600600000000000
vn 0.2027341431074940 0.9718548539216004 -0.1199875415511742
v 0.1614560000000000 0.0750230000000000 -0.3577270000000000
vn 0.5929501688123492 0.7856790917846471 -0.1764042574255467
v 0.2016560000000000 0.0633240000000000 -0.3247080000000000
vn 0.2171797055631441 0.9721803128249705 -0.0877406111618132
v 0.1728570000000000 0.0749200000000000 -0.3362600000000000
vn 0.0024719890891379 0.9999750181194292 0.0066221149937481
v 0.1517470000000000 0.0765330000000000 -0.3499240000000000
vn -0.2153733846838394 0.9710544227505203 0.1032841383101996
v 0.1514720000000000 0.0748320000000000 -0.3235410000000000
vn -0.1986490499459828 0.9715378507374801 0.1290455715627471
v 0.1417870000000000 0.0749840000000000 -0.3424600000000000
vn 0.2271111445385523 0.9724127762721738 -0.0532345805753374
v 0.1809630000000000 0.0747580000000000 -0.3136450000000000
vn 0.4284278216104083 0.8959291174758578 -0.1173056611127139
v 0.1917510000000000 0.0704110000000000 -0.3191300000000000
vn 0.6111352043340319 0.7866544016368487 -0.0876847444483496
v 0.2075670000000000 0.0632010000000000 -0.2987650000000000
vn 0.2324393706317661 0.9724337428423078 -0.0185621863477523
v 0.1857220000000000 0.0745480000000000 -0.2902570000000000
vn -0.0011587139956898 0.9999145457292850 0.0130214676927808
v 0.1696810000000000 0.0762090000000000 -0.3084360000000000
vn -0.2404542690539015 0.9697184457594166 0.0427537185247716
v 0.1621920000000000 0.0743620000000000 -0.2829980000000000
vn -0.2294567520957365 0.9704693162947314 0.0744238204348035
v 0.1582900000000000 0.0746160000000000 -0.3036080000000000
vn 0.3789451048453202 0.8945268121291700 -0.2371126101576926
v 0.1705290000000000 0.0706120000000000 -0.3656870000000000
vn 0.1845924604822819 0.9715811086714331 -0.1481748048957252
v 0.1470080000000000 0.0750870000000000 -0.3776950000000000
vn 0.4713682876643353 0.7827616644555422 -0.4063202112166973
v 0.1619320000000000 0.0635000000000000 -0.3956510000000000
vn 0.6314991149170469 0.6498963734114261 -0.4228990088492316
v 0.1853940000000000 0.0539220000000000 -0.3811690000000000
vn 0.5217263916051498 0.7831817779120006 -0.3382718951513228
v 0.1786350000000000 0.0634610000000000 -0.3735680000000000
vn 0.7204473895020993 0.6545080949956059 -0.2292917629240816
v 0.2102630000000000 0.0538380000000000 -0.3302560000000000
vn 0.5628556526705890 0.7841874391901071 -0.2612347114631348
v 0.1919810000000000 0.0634070000000000 -0.3497730000000000
vn 0.8153450002800527 0.5087542036328452 -0.2763723770644061
v 0.2171880000000000 0.0423040000000000 -0.3355740000000000
vn 0.8435385102287045 0.5141942266382326 -0.1550712063957964
v 0.2245100000000000 0.0422810000000000 -0.3076170000000000
vn 0.9572795130718781 0.1924074838372349 -0.2158594311497467
v 0.2334650000000000 0.0150670000000000 -0.3157870000000000
vn 0.9544705983966341 -0.1569088981047688 -0.2537035169088490
v 0.2325100000000000 -0.0143980000000000 -0.3219040000000000
vn 0.9185525623630630 0.1840949854303851 -0.3498145601824452
v 0.2246630000000000 0.0150100000000000 -0.3448860000000000
vn 0.7705859622870281 0.5042850456919239 -0.3897356378593945
v 0.2057930000000000 0.0423220000000000 -0.3625740000000000
vn 0.8810192160578660 0.3510693347150720 -0.3171048141537745
v 0.2220750000000000 0.0292030000000000 -0.3405280000000000
vn 0.7114782740063288 0.5011528606561848 -0.4925895612709408
v 0.1905160000000000 0.0423350000000000 -0.3881190000000000
vn 0.8625292808177314 0.1787315084908782 -0.4733902064942007
v 0.2117190000000000 0.0149660000000000 -0.3728520000000000
vn 0.9279662369934366 0.0099811044608602 -0.3725305900915822
v 0.2248290000000000 0.0002590000000000 -0.3484490000000000
vn 0.8481634781668276 -0.1694042240891561 -0.5019172473273860
v 0.2084980000000000 -0.0145810000000000 -0.3787630000000000
vn 0.9088156893975284 -0.1649697143515381 -0.3831958194600603
v 0.2225210000000000 -0.0145070000000000 -0.3509830000000000
vn 0.7917043511681494 0.1759255890828723 -0.5850251340303798
v 0.1948730000000000 0.0149350000000000 -0.3991250000000000
vn 0.7640848172421524 0.3425339091745962 -0.5466670953382836
v 0.1937410000000000 0.0291750000000000 -0.3941800000000000
vn 0.6398404479123422 0.4995025134964811 -0.5840389030073517
v 0.1717440000000000 0.0423390000000000 -0.4116250000000000
vn 0.7082954150588973 0.1754390905379132 -0.6837680385319089
v 0.1745230000000000 0.0149190000000000 -0.4231640000000000
vn 0.7951140112390097 0.0025525193692623 -0.6064546098235890
v 0.1938580000000000 0.0001560000000000 -0.4027050000000000
vn 0.6891161345860167 -0.1702067889956682 -0.7043781669195964
v 0.1695970000000000 -0.0146450000000000 -0.4282460000000000
vn 0.7746919898823934 -0.1704574335156445 -0.6089306891357320
v 0.1907210000000000 -0.0146250000000000 -0.4046850000000000
vn -0.1583740235847723 0.9719988452529945 0.1735969858045205
v 0.1146930000000000 0.0751310000000000 -0.3759890000000000
vn -0.3018690947158689 0.8967580095157677 0.3235739823050363
v 0.1067540000000000 0.0707050000000000 -0.3669020000000000
vn -0.2891357091059959 0.7891043971508902 0.5419546033727390
v 0.0683960000000000 0.0635840000000000 -0.3808800000000000
vn -0.2062431966590391 0.5189605645718370 0.8295442581629633
v 0.0263160000000000 0.0423850000000000 -0.3767780000000000
vn -0.3574418748959046 0.7894324819550042 0.4990307230073740
v 0.0843840000000000 0.0635740000000000 -0.3708530000000000
vn -0.3496209519771581 0.6609259557374847 0.6640346910900652
v 0.0627880000000000 0.0540270000000000 -0.3724310000000000
vn -0.4195349984100712 0.7892726631372081 0.4483737819424334
v 0.0988920000000000 0.0635440000000000 -0.3588000000000000
vn -0.5097330160804787 0.6608157047523308 0.5509036727688233
v 0.0913240000000000 0.0539900000000000 -0.3520560000000000
vn -0.2087095904393509 0.3632650485180731 0.9080081560117181
v 0.0225160000000000 0.0292130000000000 -0.3709950000000000
vn -0.3891889454105791 0.5171535195470550 0.7622887917254817
v 0.0573140000000000 0.0424160000000000 -0.3657360000000000
vn -0.2855001419216904 0.5165811378098673 0.8072382529475159
v 0.0421790000000000 0.0424080000000000 -0.3722990000000000
vn -0.4855248342468021 0.5172186452694078 0.7048052981606293
v 0.0714530000000000 0.0424100000000000 -0.3572510000000000
vn -0.4078478150134030 0.3590806146696675 0.8394767846446063
v 0.0521540000000000 0.0292440000000000 -0.3611040000000000
vn -0.5734327516279168 0.5166977697038141 0.6357659114356007
v 0.0843500000000000 0.0423840000000000 -0.3469790000000000
vn -0.6112644061466236 0.3579477089042466 0.7058535708405933
v 0.0782190000000000 0.0292180000000000 -0.3438120000000000
vn 0.1097576193414231 0.3484947432629283 0.9308623308065532
v -0.0086790000000000 0.0291560000000000 -0.3727350000000000
vn 0.1587519245335751 0.5168151992641626 0.8412489977803420
v -0.0229770000000000 0.0423040000000000 -0.3773220000000000
vn 0.0592171025088430 0.6585572184164126 0.7501971239894848
v -0.0051750000000000 0.0539360000000000 -0.3878260000000000
vn 0.0810611873368803 0.5112524916643491 0.8555991898514923
v -0.0065360000000000 0.0423240000000000 -0.3792920000000000
vn -0.1895277928120524 0.6614923545133368 0.7256080764932222
v 0.0298740000000000 0.0539910000000000 -0.3846300000000000
vn -0.0576298807299151 0.5162261001647506 0.8545112113692533
v 0.0095810000000000 0.0423500000000000 -0.3803900000000000
vn -0.1588577484792292 0.7892076505719640 0.5932246623554948
v 0.0330950000000000 0.0635500000000000 -0.3942310000000000
vn -0.2080854714479048 0.8966597908842806 0.3907705925266912
v 0.0739250000000000 0.0707450000000000 -0.3907120000000000
vn -0.2158192898706165 0.7888150683756059 0.5754935464654063
v 0.0511970000000000 0.0635740000000000 -0.3887220000000000
vn -0.0533940456746690 0.7905505236644148 0.6100647059291423
v 0.0138000000000000 0.0635250000000000 -0.3987210000000000
vn -0.1147141134324575 0.8961763049416014 0.4286125320620282
v 0.0358640000000000 0.0707200000000000 -0.4051830000000000
vn 0.0437839070145049 0.7876664518861185 0.6145441644501053
v -0.0045820000000000 0.0635050000000000 -0.3979680000000000
vn 0.0308625210759476 0.8952434752190283 0.4445071707752239
v -0.0047420000000000 0.0706810000000000 -0.4092100000000000
vn 0.1020855991505581 0.7882217470200245 0.6068649009217556
v -0.0234840000000000 0.0634860000000000 -0.3960740000000000
vn -0.5699745614068699 -0.2245760416521742 0.7903762400685431
v 0.0676760000000000 -0.0145590000000000 -0.3471400000000000
vn -0.5252290464146029 -0.3611516244461958 0.7705218705282031
v 0.0674210000000000 -0.0287980000000000 -0.3523160000000000
vn -0.2655317329325761 -0.5174547911561754 0.8134699981654775
v 0.0390770000000000 -0.0419880000000000 -0.3732790000000000
vn -0.0440631485954715 -0.7874885020966211 0.6147522248853380
v 0.0045960000000000 -0.0632060000000000 -0.3979880000000000
vn -0.3685969249525984 -0.5183415111243570 0.7716595005316830
v 0.0544680000000000 -0.0419750000000000 -0.3671770000000000
vn -0.2229854092140625 -0.6606390992509856 0.7168217964169920
v 0.0399670000000000 -0.0536100000000000 -0.3818850000000000
vn -0.4671018249560645 -0.5185102056740166 0.7162143895054072
v 0.0688670000000000 -0.0419670000000000 -0.3591390000000000
vn -0.4013211160901592 -0.6613700235277020 0.6336647802735418
v 0.0719300000000000 -0.0535770000000000 -0.3672550000000000
vn -0.0313859736690052 -0.8952055676674674 0.4445468617300273
v 0.0047550000000000 -0.0703770000000000 -0.4092140000000000
vn -0.1783015245869057 -0.7884703736157921 0.5886620730607317
v 0.0420020000000000 -0.0631820000000000 -0.3918160000000000
vn -0.1020671679816863 -0.7879104742469774 0.6072720788840054
v 0.0235050000000000 -0.0631960000000000 -0.3960980000000000
vn -0.2533027314231713 -0.7888498396799808 0.5599586205162214
v 0.0597710000000000 -0.0631620000000000 -0.3852180000000000
vn -0.1283692630563580 -0.8959299153537160 0.4252421887309054
v 0.0450670000000000 -0.0703570000000000 -0.4026620000000000
vn -0.3262138577136378 -0.7883056767770277 0.5216882967795029
v 0.0764450000000000 -0.0631480000000000 -0.3763520000000000
vn -0.2362759661635645 -0.8954028136210297 0.3773956401086498
v 0.0821840000000000 -0.0703380000000000 -0.3860370000000000
vn 0.1147851182216012 -0.8963492694529709 0.4282316706947054
v -0.0358460000000000 -0.0704010000000000 -0.4051870000000000
vn 0.2163280558333472 -0.7891377083893627 0.5748598520138185
v -0.0511610000000000 -0.0632550000000000 -0.3887030000000000
vn 0.1904579261949375 -0.6616348017013987 0.7252345603507010
v -0.0298490000000000 -0.0536840000000000 -0.3846350000000000
vn 0.1592035545943392 -0.7894418199009846 0.5928202435780584
v -0.0330720000000000 -0.0632410000000000 -0.3942430000000000
vn -0.0592365201054509 -0.6582401087180613 0.7504738462868853
v 0.0051910000000000 -0.0536430000000000 -0.3878600000000000
vn 0.0533870189160238 -0.7906277911876377 0.6099651809841423
v -0.0137940000000000 -0.0632210000000000 -0.3987410000000000
vn -0.5152996916844651 0.2216862648379554 0.8278414266827260
v 0.0609230000000000 0.0150000000000000 -0.3516050000000000
vn -0.4622813577533304 -0.2229190411296948 0.8582558169774062
v 0.0548230000000000 -0.0145530000000000 -0.3551640000000000
vn -0.6185057610389278 0.2196420521878319 0.7544587413983447
v 0.0732290000000000 0.0149820000000000 -0.3427540000000000
vn -0.6095752001619971 -0.0029018200367831 0.7927229369634355
v 0.0689510000000000 0.0002170000000000 -0.3429840000000000
vn -0.3479085730081189 -0.2204340901616187 0.9112455414003812
v 0.0409920000000000 -0.0145590000000000 -0.3614670000000000
vn -0.0810646126708639 -0.5108751969486434 0.8558242002392825
v 0.0065550000000000 -0.0420260000000000 -0.3793320000000000
vn -0.3085482337705506 -0.3588455657133472 0.8809244277490217
v 0.0394140000000000 -0.0288070000000000 -0.3663480000000000
vn -0.1585635796234199 -0.5165246384821450 0.8414629457426491
v 0.0230080000000000 -0.0420050000000000 -0.3773610000000000
vn -0.2276227542355991 -0.2184841739110587 0.9489217815524112
v 0.0264780000000000 -0.0145760000000000 -0.3659560000000000
vn -0.3859257535656508 0.0018266797176003 0.9225280353333408
v 0.0433310000000000 0.0002230000000000 -0.3578450000000000
vn -0.2832394785793410 0.2222491424789945 0.9329419684211095
v 0.0333850000000000 0.0149880000000000 -0.3641530000000000
vn -0.4033607207722282 0.2227399910793375 0.8875173380346354
v 0.0475580000000000 0.0150010000000000 -0.3587810000000000
vn -0.1405084425422407 -0.2099384490361133 0.9675656180283925
v 0.0115340000000000 -0.0145980000000000 -0.3685050000000000
vn 0.0583600845690762 -0.5160881096779294 0.8545450038342929
v -0.0095710000000000 -0.0420500000000000 -0.3804300000000000
vn -0.1096134298219609 -0.3484946654197650 0.9308793499571425
v 0.0087000000000000 -0.0288460000000000 -0.3727740000000000
vn 0.2077535500276394 -0.5191557178089781 0.8290451152483547
v -0.0262930000000000 -0.0420710000000000 -0.3767780000000000
vn 0.0285699093423885 -0.2262039967620500 0.9736608814823784
v -0.0034410000000000 -0.0146220000000000 -0.3702940000000000
vn -0.1679915129104002 0.0069118414274555 0.9857642101629358
v 0.0147700000000000 0.0001860000000000 -0.3656080000000000
vn -0.0269308746828370 0.2248998434014916 0.9740096449352038
v 0.0034540000000000 0.0149420000000000 -0.3702740000000000
vn -0.1929523651490877 0.2308660792073727 0.9536614903910025
v 0.0186520000000000 0.0149670000000000 -0.3675880000000000
vn 0.1947182748427273 -0.2317932685245877 0.9530774753969167
v -0.0186310000000000 -0.0146490000000000 -0.3675730000000000
vn 0.2105803975104017 -0.3640129170149637 0.9072764145675883
v -0.0224950000000000 -0.0288950000000000 -0.3709900000000000
vn 0.2865293799430350 -0.5168258463752942 0.8067167774057514
v -0.0421480000000000 -0.0420880000000000 -0.3722690000000000
vn 0.2844909532763465 -0.2226117281875297 0.9324746194815583
v -0.0333580000000000 -0.0146730000000000 -0.3641140000000000
vn 0.1692087997732262 -0.0077656387403003 0.9855496318979878
v -0.0147490000000000 0.0001320000000000 -0.3655890000000000
vn 0.2278873328920077 0.2182706327425767 0.9489074214008038
v -0.0264500000000000 0.0148870000000000 -0.3659170000000000
vn 0.1411490079649093 0.2092141648298964 0.9676292630884262
v -0.0115130000000000 0.0149120000000000 -0.3684710000000000
vn 0.1255918077807524 -0.9715197072981987 -0.2009381898733660
v 0.1039800000000000 -0.0748070000000000 -0.4157460000000000
vn 0.2430666783527061 -0.8939106394461431 -0.3766196470705819
v 0.1119150000000000 -0.0703810000000000 -0.4247640000000000
vn 0.1975036817749500 -0.7834691259888508 -0.5892100001761728
v 0.0692830000000000 -0.0632210000000000 -0.4576530000000000
vn 0.0986284760654498 -0.5040990978844878 -0.8579956428916482
v 0.0206910000000000 -0.0420410000000000 -0.4860300000000000
vn 0.2731635401865232 -0.7827965527904601 -0.5591164791455696
v 0.0953830000000000 -0.0632210000000000 -0.4468710000000000
vn 0.2509472700957434 -0.6492269121763310 -0.7180040975770826
v 0.0748810000000000 -0.0536640000000000 -0.4661340000000000
vn 0.3430371303156759 -0.7832425174187574 -0.5185139208664638
v 0.1197710000000000 -0.0632210000000000 -0.4328530000000000
vn 0.4263448346701202 -0.6511783583955606 -0.6278509596292503
v 0.1273440000000000 -0.0536660000000000 -0.4396680000000000
vn 0.1196354456291097 -0.3472284670595849 -0.9301181386321714
v 0.0244850000000000 -0.0288680000000000 -0.4918130000000000
vn 0.2945690429934254 -0.5026672234341719 -0.8127451884784785
v 0.0803460000000000 -0.0420540000000000 -0.4728470000000000
vn 0.1861230257871863 -0.4999914763005909 -0.8457935580852918
v 0.0509770000000000 -0.0420500000000000 -0.4814260000000000
vn 0.3971570398718668 -0.5044374140627308 -0.7666871467384343
v 0.1083030000000000 -0.0420570000000000 -0.4605940000000000
vn 0.3309042642031438 -0.3450221298324392 -0.8783291512058925
v 0.0855020000000000 -0.0288820000000000 -0.4775520000000000
vn 0.4964299068793754 -0.5021165278933002 -0.7081216985604321
v 0.1343330000000000 -0.0420610000000000 -0.4448120000000000
vn 0.5520011348501952 -0.3403477441871091 -0.7612214921761227
v 0.1404890000000000 -0.0288930000000000 -0.4479490000000000
vn -0.1729141988747231 -0.3372520062879599 -0.9253981651604127
v -0.0382520000000000 -0.0288470000000000 -0.4900010000000000
vn -0.2585356901514634 -0.4998477052418385 -0.8266266197518530
v -0.0701020000000000 -0.0420120000000000 -0.4763250000000000
vn -0.1599905793981960 -0.6439771682163340 -0.7481286128199489
v -0.0417560000000000 -0.0536310000000000 -0.4749530000000000
vn -0.1708445518255703 -0.4952729504387232 -0.8517727652814699
v -0.0403960000000000 -0.0420170000000000 -0.4834340000000000
vn 0.0772050670070563 -0.6523195110574616 -0.7540017461002263
v 0.0171340000000000 -0.0536480000000000 -0.4781410000000000
vn -0.0373999214980407 -0.5020997814989888 -0.8640006107003676
v -0.0095500000000000 -0.0420240000000000 -0.4884330000000000
vn -0.0997833155573299 -0.9714092677652381 0.2154235930351885
v 0.0695270000000000 -0.0747880000000000 -0.4063320000000000
vn 0.0977821700267639 -0.9716461580152584 -0.2152728288452690
v 0.0819380000000000 -0.0748070000000000 -0.4278030000000000
vn -0.1269934305120814 -0.9715150742235730 0.2000778077727227
v 0.0888550000000000 -0.0747880000000000 -0.3960310000000000
vn -0.0024356544956262 -0.9999967890633970 -0.0006996070855264
v 0.0962310000000000 -0.0763320000000000 -0.4060380000000000
vn 0.0690768884011516 -0.9716407500826165 -0.2261473773177686
v 0.0584220000000000 -0.0748070000000000 -0.4369230000000000
vn 0.0575520823664106 -0.7842209801961608 -0.6178067756470972
v 0.0139100000000000 -0.0632060000000000 -0.4684830000000000
vn 0.1363219369529123 -0.8947722886631732 -0.4252045166103876
v 0.0637570000000000 -0.0703810000000000 -0.4477530000000000
vn 0.1174569926266033 -0.7839600109827501 -0.6095986844334890
v 0.0419670000000000 -0.0632160000000000 -0.4649070000000000
vn 0.0392810002153625 -0.9715753947944862 -0.2334486137290580
v 0.0339080000000000 -0.0748070000000000 -0.4429500000000000
vn -0.0024985166998981 -0.9999968744125217 0.0000926255230986
v 0.0534640000000000 -0.0763320000000000 -0.4255520000000000
vn -0.0402277103432767 -0.9716628297692049 0.2329228983278337
v 0.0274900000000000 -0.0748030000000000 -0.4189850000000000
vn -0.0702293634174253 -0.9715423376557295 0.2262152131409902
v 0.0489370000000000 -0.0747930000000000 -0.4140320000000000
vn 0.0176001521628899 -0.9717872141074461 -0.2352017116033219
v 0.0087970000000000 -0.0748070000000000 -0.4457410000000000
vn -0.0414291079033208 -0.7827033803209124 -0.6210145307901840
v -0.0137740000000000 -0.0632010000000000 -0.4702010000000000
vn 0.0378198026370754 -0.8946413080282698 -0.4451815275794349
v 0.0111350000000000 -0.0703770000000000 -0.4575550000000000
vn -0.1389755102223872 -0.7802623977357651 -0.6098166923248837
v -0.0423560000000000 -0.0632010000000000 -0.4648600000000000
vn -0.0234776234227720 -0.9718918658720020 -0.2342541403054750
v -0.0157820000000000 -0.0748070000000000 -0.4468710000000000
vn -0.0010338948548879 -0.9999993723217441 0.0004317609837086
v 0.0069500000000000 -0.0763370000000000 -0.4334410000000000
vn 0.0167821212393089 -0.9718376156590850 0.2350532050340384
v -0.0157900000000000 -0.0748070000000000 -0.4219720000000000
vn -0.0172315227190482 -0.9715773546371926 0.2360943001873992
v 0.0055540000000000 -0.0748070000000000 -0.4211410000000000
vn -0.0581347163706675 -0.9712539791699959 -0.2308377410627460
v -0.0414230000000000 -0.0748130000000000 -0.4414790000000000
vn -0.1052898793396676 -0.8935461064057989 -0.4364509102243630
v -0.0422110000000000 -0.0703770000000000 -0.4535360000000000
vn -0.2021297229485919 -0.7832529588601360 -0.5879271872754038
v -0.0696110000000000 -0.0632010000000000 -0.4575550000000000
vn -0.0826769000597606 -0.9712095644696311 -0.2234200350891076
v -0.0656490000000000 -0.0748220000000000 -0.4345200000000000
vn -0.0006763291501632 -0.9999997712282571 -0.0000110595610528
v -0.0400330000000000 -0.0763520000000000 -0.4291750000000000
vn 0.0811669421791459 -0.9719373129225187 0.2207935398652805
v -0.0592270000000000 -0.0748420000000000 -0.4106020000000000
vn 0.0597669220204210 -0.9715691176132090 0.2290881156509338
v -0.0381880000000000 -0.0748270000000000 -0.4169730000000000
vn 0.6133647355042332 0.1765877503258318 -0.7698054739183684
v 0.1510760000000000 0.0149140000000000 -0.4444670000000000
vn 0.5955564816066274 0.3427432751494957 -0.7265256530612887
v 0.1513400000000000 0.0291610000000000 -0.4393230000000000
vn 0.3662552858909339 0.5011766642718071 -0.7840146789099899
v 0.0986030000000000 0.0423390000000000 -0.4652990000000000
vn 0.0406328383211381 0.9714654836735771 0.2336745310914973
v -0.0274660000000000 0.0751110000000000 -0.4189850000000000
vn -0.0175726415265146 0.9718253207131798 -0.2350462684037036
v -0.0087870000000000 0.0751310000000000 -0.4457410000000000
vn 0.1389208589237179 0.7803398513631912 -0.6097300315142508
v 0.0423740000000000 0.0635250000000000 -0.4648600000000000
vn 0.4663553944274161 0.5017302636619015 -0.7285460785799398
v 0.1253440000000000 0.0423370000000000 -0.4505960000000000
vn 0.3313098599740084 0.6499102982446601 -0.6839958924727108
v 0.0977060000000000 0.0539540000000000 -0.4566730000000000
vn 0.5575094902275128 0.5001845653648428 -0.6625696709607541
v 0.1498750000000000 0.0423360000000000 -0.4325590000000000
vn 0.4975851264513519 0.6478983781552921 -0.5767466805436631
v 0.1467820000000000 0.0539540000000000 -0.4245210000000000
vn 0.0234554401862898 0.9719128231820898 -0.2341693969328338
v 0.0157860000000000 0.0751310000000000 -0.4468710000000000
vn 0.0010431507117819 0.9999989449785851 0.0010108799678276
v -0.0069400000000000 0.0766550000000000 -0.4334410000000000
vn -0.0171351919664243 0.9718190784882794 0.2351043680633457
v 0.0157940000000000 0.0751310000000000 -0.4219720000000000
vn 0.0169303387239989 0.9714736744355550 0.2365423080748393
v -0.0055420000000000 0.0751160000000000 -0.4211410000000000
vn 0.0581153292757545 0.9712600807572406 -0.2308169491839996
v 0.0414250000000000 0.0751360000000000 -0.4414790000000000
vn 0.1052591420738009 0.8935786132253123 -0.4363917677915282
v 0.0422180000000000 0.0707000000000000 -0.4535360000000000
vn 0.2778269562188566 0.7827398496301230 -0.5568936255688138
v 0.0956720000000000 0.0635250000000000 -0.4466750000000000
vn 0.2020437967678292 0.7833605848706656 -0.5878133192253550
v 0.0696310000000000 0.0635250000000000 -0.4575550000000000
vn -0.1087988090266330 0.9719638283625635 0.2084445621962234
v 0.0792580000000000 0.0751700000000000 -0.4015240000000000
vn 0.1631594591237071 0.9713433253030406 -0.1728326800338720
v 0.1298240000000000 0.0751260000000000 -0.3957210000000000
vn 0.0030882090987460 0.9999920082334182 0.0025389828392290
v 0.1224430000000000 0.0766600000000000 -0.3857330000000000
vn -0.1346684877223356 0.9720231326860878 0.1924459091217672
v 0.0978430000000000 0.0751600000000000 -0.3899380000000000
vn 0.0025493554220918 0.9999966350448127 0.0004802978071244
v 0.0842180000000000 0.0766950000000000 -0.4129030000000000
vn 0.0825986235682581 0.9712124430951529 -0.2234364736603529
v 0.0656590000000000 0.0751460000000000 -0.4345200000000000
vn 0.0006630842113342 0.9999997789185383 -0.0000498217126533
v 0.0400350000000000 0.0766750000000000 -0.4291750000000000
vn -0.0811476238256998 0.9718708409070848 0.2210930386556725
v 0.0592470000000000 0.0751650000000000 -0.4106020000000000
vn -0.0597574480418209 0.9715374020761187 0.2292250504868852
v 0.0381950000000000 0.0751510000000000 -0.4169730000000000
vn 0.1116433098876316 0.9710999887702826 -0.2109516133327532
v 0.0887510000000000 0.0751510000000000 -0.4244230000000000
vn 0.3483348070596467 0.7819530736435567 -0.5169257710833475
v 0.1200260000000000 0.0635250000000000 -0.4325590000000000
vn 0.2047969257464756 0.8935049517110309 -0.3996337329013415
v 0.0926180000000000 0.0707050000000000 -0.4357940000000000
vn 0.1387051730945030 0.9711607316239541 -0.1939270695608279
v 0.1102680000000000 0.0751460000000000 -0.4114250000000000
vn 0.4131214941739402 0.7821357627823393 -0.4664700200745803
v 0.1422580000000000 0.0635200000000000 -0.4154440000000000
vn 0.3020427260437999 0.8937214876333682 -0.3317108593133926
v 0.1365090000000000 0.0706900000000000 -0.4057200000000000
vn -0.0378245981428766 0.8946415891394612 -0.4451805552327612
v -0.0111250000000000 0.0707000000000000 -0.4575550000000000
vn -0.0392774169223949 0.9715942952492842 -0.2333705421833510
v -0.0338860000000000 0.0751310000000000 -0.4429500000000000
vn -0.1175505904180991 0.7839489574453192 -0.6095948579284060
v -0.0419350000000000 0.0635390000000000 -0.4649070000000000
vn -0.0772452743659648 0.6523788306704545 -0.7539463037121259
v -0.0171130000000000 0.0539730000000000 -0.4781410000000000
vn -0.0575847052696366 0.7842324818623453 -0.6177891356369383
v -0.0138960000000000 0.0635300000000000 -0.4684830000000000
vn 0.1599191854074435 0.6440313618935753 -0.7480972256572845
v 0.0417740000000000 0.0539560000000000 -0.4749530000000000
vn 0.0413978741508182 0.7827432547811610 -0.6209663542498799
v 0.0137800000000000 0.0635250000000000 -0.4702010000000000
vn 0.4804517983148714 -0.1723924726024820 -0.8599109866061770
v 0.1188550000000000 -0.0146460000000000 -0.4662800000000000
vn 0.5066757301456201 0.1775131424620151 -0.8436639074505101
v 0.1249810000000000 0.0149160000000000 -0.4626020000000000
vn 0.5908656117057871 -0.1707499983401978 -0.7884936695816703
v 0.1454980000000000 -0.0146510000000000 -0.4489290000000000
vn 0.6118037069020726 0.0039526285722124 -0.7909997477548605
v 0.1491050000000000 0.0001310000000000 -0.4477530000000000
vn 0.3898175753434009 0.1772895267376474 -0.9036651380143714
v 0.0966720000000000 0.0149220000000000 -0.4771130000000000
vn 0.1707900363195810 0.4953431051008060 -0.8517429023614157
v 0.0404050000000000 0.0423460000000000 -0.4834340000000000
vn 0.3849694957396748 0.3430903978268042 -0.8567890442045730
v 0.0982600000000000 0.0291670000000000 -0.4722080000000000
vn 0.2584175990609395 0.4998579339749415 -0.8266573596949843
v 0.0701220000000000 0.0423420000000000 -0.4763250000000000
vn 0.2663936720229595 0.1767619031213196 -0.9475176204752358
v 0.0666490000000000 0.0149290000000000 -0.4877470000000000
vn 0.3816788005828671 0.0025713180317984 -0.9242914483587974
v 0.0939080000000000 0.0001400000000000 -0.4797600000000000
vn 0.2372046676659331 -0.1755154051547218 -0.9554728087135018
v 0.0597570000000000 -0.0146310000000000 -0.4896090000000000
vn 0.3612015274400540 -0.1745218978125130 -0.9160106788454438
v 0.0900990000000000 -0.0146390000000000 -0.4799050000000000
vn 0.1673315843027416 0.1701923337885295 -0.9710997427732890
v 0.0354390000000000 0.0149370000000000 -0.4943150000000000
vn 0.0373738683577133 0.5021879540981727 -0.8639504920553446
v 0.0095590000000000 0.0423520000000000 -0.4884330000000000
vn 0.1728885007957717 0.3373632683322279 -0.9253624108816976
v 0.0382620000000000 0.0291790000000000 -0.4900010000000000
vn -0.0986580776916312 0.5041872132161159 -0.8579404628151998
v -0.0206660000000000 0.0423690000000000 -0.4860300000000000
vn 0.0146052774734242 0.1766568151451279 -0.9841641405439970
v 0.0034440000000000 0.0149440000000000 -0.4986280000000000
vn 0.1554064928448870 -0.0058807970971001 -0.9878331024050342
v 0.0320690000000000 0.0001550000000000 -0.4961300000000000
vn -0.0146473410130727 -0.1766598219373553 -0.9841629756876187
v -0.0034310000000000 -0.0146160000000000 -0.4986280000000000
vn 0.1388683727240634 -0.1815493016239790 -0.9735273114488449
v 0.0283400000000000 -0.0146240000000000 -0.4952480000000000
vn -0.1389000314754023 0.1815497755216822 -0.9735227065991625
v -0.0283140000000000 0.0149540000000000 -0.4952480000000000
vn -0.1196613655592209 0.3472645279201106 -0.9301013413821773
v -0.0244590000000000 0.0291990000000000 -0.4918130000000000
vn -0.1861373746299506 0.5001254458774442 -0.8457111895628181
v -0.0509410000000000 0.0423790000000000 -0.4814260000000000
vn -0.2372254202635003 0.1755429082020233 -0.9554626038525955
v -0.0597210000000000 0.0149650000000000 -0.4896090000000000
vn -0.1554506304933102 0.0059102300408533 -0.9878259819725822
v -0.0320430000000000 0.0001750000000000 -0.4961300000000000
vn -0.2664355852367831 -0.1765556418389161 -0.9475442914473082
v -0.0666290000000000 -0.0145940000000000 -0.4877470000000000
vn -0.1673658840002461 -0.1701016076536989 -0.9711097280670415
v -0.0354180000000000 -0.0146050000000000 -0.4943150000000000
vn 0.0708245802476886 0.9714070690030020 0.2266102052506366
v -0.0488900000000000 0.0751110000000000 -0.4140320000000000
vn 0.1292002741016646 0.8957256826666307 0.4254207218547931
v -0.0450230000000000 0.0706610000000000 -0.4026500000000000
vn 0.3274251099962412 0.7880127114181116 0.5213720015376980
v -0.0763660000000000 0.0634660000000000 -0.3763030000000000
vn 0.6416261613051523 0.5153894682510881 0.5680577128643491
v -0.0936920000000000 0.0423280000000000 -0.3377840000000000
vn 0.2543074400778290 0.7887738952015024 0.5596101037058844
v -0.0597150000000000 0.0634660000000000 -0.3851790000000000
vn 0.4022434600937044 0.6610224969366069 0.6334425446364793
v -0.0718670000000000 0.0538850000000000 -0.3671910000000000
vn 0.1789330080847521 0.7886071185051188 0.5882871673432930
v -0.0419670000000000 0.0634710000000000 -0.3917810000000000
vn 0.2235220909133946 0.6609328935663118 0.7163836856571808
v -0.0399310000000000 0.0538970000000000 -0.3818360000000000
vn 0.7103964259448956 0.3582107892176953 0.6058233641027344
v -0.0905650000000000 0.0291830000000000 -0.3316130000000000
vn 0.4674580680122303 0.5181348206311404 0.7162536298685048
v -0.0688030000000000 0.0422730000000000 -0.3590800000000000
vn 0.5589667861383585 0.5170835589757591 0.6482134872332702
v -0.0819780000000000 0.0422890000000000 -0.3492530000000000
vn 0.3692043273184237 0.5182342572791314 0.7714411314362861
v -0.0544110000000000 0.0422740000000000 -0.3671230000000000
vn 0.5250907265076292 0.3607056606647138 0.7708249835728747
v -0.0673530000000000 0.0291100000000000 -0.3522720000000000
vn 0.2660367118297925 0.5175509961061394 0.8132437730399997
v -0.0390290000000000 0.0422860000000000 -0.3732350000000000
vn 0.3089443749614127 0.3587121370036500 0.8808399264031898
v -0.0393650000000000 0.0291150000000000 -0.3663090000000000
vn 0.8453029870969784 0.3580237101911232 0.3965877997945833
v -0.1074250000000000 0.0293610000000000 -0.3056470000000000
vn 0.8059625046152232 0.5220235766034409 0.2791340656826174
v -0.1185310000000000 0.0425410000000000 -0.2955940000000000
vn 0.6653853904084355 0.6623981382591089 0.3442252005037986
v -0.1188160000000000 0.0540140000000000 -0.3161010000000000
vn 0.7663797886704596 0.5174292199383402 0.3806954450363469
v -0.1120860000000000 0.0424620000000000 -0.3107090000000000
vn 0.5570500170790521 0.6588317595033398 0.5056045798269247
v -0.0987110000000000 0.0539280000000000 -0.3447780000000000
vn 0.7115986947648613 0.5150763003601080 0.4778322952839101
v -0.1037830000000000 0.0423880000000000 -0.3248590000000000
vn 0.4533961493344087 0.7875182386819999 0.4174289825969578
v -0.1053910000000000 0.0634950000000000 -0.3523550000000000
vn 0.2375145629519141 0.8951362451903103 0.3772504936144603
v -0.0820910000000000 0.0706610000000000 -0.3859970000000000
vn 0.3947299881659950 0.7873005094377336 0.4736519231266340
v -0.0916770000000000 0.0634760000000000 -0.3652950000000000
vn 0.5020594241252780 0.7888452600711430 0.3544848238081357
v -0.1173400000000000 0.0635150000000000 -0.3377160000000000
vn 0.3265058126670001 0.8957230413443742 0.3017850021115134
v -0.1134490000000000 0.0706710000000000 -0.3601920000000000
vn 0.5407812281177886 0.7908419363080108 0.2865740656305321
v -0.1273050000000000 0.0635300000000000 -0.3216540000000000
vn 0.3878085238015291 0.8980135953965939 0.2077886699263498
v -0.1371760000000000 0.0706610000000000 -0.3271630000000000
vn 0.5690856205584817 0.7935691794275940 0.2153822507454660
v -0.1351560000000000 0.0635350000000000 -0.3044750000000000
vn 0.4039561258865510 -0.2224461114622933 0.8873202217091831
v -0.0475240000000000 -0.0146910000000000 -0.3587270000000000
vn 0.4086793720796321 -0.3596297565594509 0.8388370574990042
v -0.0521210000000000 -0.0289310000000000 -0.3610500000000000
vn 0.5730774890498777 -0.5164598543317593 0.6362793493489360
v -0.0843110000000000 -0.0420670000000000 -0.3469100000000000
vn 0.5230309403562576 -0.7864908163345152 0.3284369517145059
v -0.1222370000000000 -0.0630200000000000 -0.3297610000000000
vn 0.4858977951745910 -0.5176663051519866 0.7042193757308595
v -0.0714150000000000 -0.0420940000000000 -0.3571930000000000
vn 0.5098570702250047 -0.6605436962187987 0.5511150454552860
v -0.0912810000000000 -0.0536680000000000 -0.3519880000000000
vn 0.3897994000025493 -0.5175591665428469 0.7617013436282792
v -0.0572790000000000 -0.0420980000000000 -0.3656920000000000
vn 0.3501190890579517 -0.6608921145140907 0.6638058725639027
v -0.0627500000000000 -0.0537050000000000 -0.3723870000000000
vn 0.3767283661086881 -0.8951482305523998 0.2382968390641934
v -0.1318090000000000 -0.0701950000000000 -0.3355930000000000
vn 0.4200371241319219 -0.7888434286204681 0.4486589567514381
v -0.0988380000000000 -0.0632210000000000 -0.3587220000000000
vn 0.4748895155771731 -0.7879972922869685 0.3918420795974877
v -0.1115570000000000 -0.0631520000000000 -0.3449540000000000
vn 0.3580541624257578 -0.7892325518754788 0.4989080033730755
v -0.0843400000000000 -0.0632500000000000 -0.3707890000000000
vn 0.3023511627433495 -0.8965807557464479 0.3236150843407535
v -0.1066950000000000 -0.0703810000000000 -0.3668040000000000
vn 0.2896398882566688 -0.7892119376469600 0.5415286258418806
v -0.0683570000000000 -0.0632600000000000 -0.3808310000000000
vn 0.2083858058946390 -0.8968885553069438 0.3900849590295236
v -0.0738860000000000 -0.0704210000000000 -0.3906780000000000
vn 0.4322021363297847 -0.8917045528496518 0.1344035110373712
v -0.1472620000000000 -0.0697300000000000 -0.2995890000000000
vn 0.6215157940610873 -0.7768960958362667 0.1007500571065975
v -0.1403760000000000 -0.0622260000000000 -0.2786750000000000
vn 0.7255251267849728 -0.6505664862695328 0.2244471816409442
v -0.1271530000000000 -0.0529920000000000 -0.2941140000000000
vn 0.5974958242110066 -0.7809580649037635 0.1819429606007859
v -0.1367350000000000 -0.0625400000000000 -0.2963150000000000
vn 0.6362383518755557 -0.6571542195763788 0.4041646833849255
v -0.1133070000000000 -0.0534580000000000 -0.3251630000000000
vn 0.5642031292430780 -0.7842602889570217 0.2580903487489745
v -0.1306820000000000 -0.0628140000000000 -0.3134540000000000
vn 0.4626194824021138 0.2224027842970572 0.8582075599986969
v -0.0547700000000000 0.0148640000000000 -0.3551250000000000
vn 0.5152378886018433 -0.2209053722296709 0.8280886031513688
v -0.0608850000000000 -0.0146910000000000 -0.3515520000000000
vn 0.3481708155977712 0.2202054034961939 0.9112006713326442
v -0.0409530000000000 0.0148690000000000 -0.3614280000000000
vn 0.3861463501108636 -0.0015320659552749 0.9224362574562901
v -0.0432970000000000 0.0000870000000000 -0.3578060000000000
vn 0.6176485516245931 -0.2188463533123212 0.7553916469738998
v -0.0731900000000000 -0.0146690000000000 -0.3427100000000000
vn 0.7188681141287864 -0.5120173241436577 0.4701775135687485
v -0.1053710000000000 -0.0418610000000000 -0.3220410000000000
vn 0.6105328218146603 -0.3571462349163712 0.7068919580615474
v -0.0781800000000000 -0.0289040000000000 -0.3437540000000000
vn 0.6508627030685965 -0.5146123836454052 0.5581682867675611
v -0.0957070000000000 -0.0419940000000000 -0.3351180000000000
vn 0.7098352514219931 -0.2167198716157947 0.6701987862459237
v -0.0842080000000000 -0.0146120000000000 -0.3324270000000000
vn 0.6089028478984760 0.0027856039881715 0.7932399146737047
v -0.0689110000000000 0.0000970000000000 -0.3429450000000000
vn 0.6682216655699397 0.2242032229298671 0.7093748800816082
v -0.0792730000000000 0.0149090000000000 -0.3375340000000000
vn 0.5695609903746824 0.2240783283316526 0.7908155164230802
v -0.0676170000000000 0.0148740000000000 -0.3471010000000000
vn 0.7916334485172875 -0.2158142331833131 0.5716123686066683
v -0.0937160000000000 -0.0145120000000000 -0.3208800000000000
vn 0.7760730374074716 -0.5093950630372934 0.3717893359987254
v -0.1131500000000000 -0.0416740000000000 -0.3079600000000000
vn 0.7725145644420583 -0.3525935645511236 0.5281089148670276
v -0.0987350000000000 -0.0287200000000000 -0.3205860000000000
vn 0.8205332862784362 -0.5067380735072267 0.2644648388109357
v -0.1188790000000000 -0.0414290000000000 -0.2930800000000000
vn 0.8610765999782690 -0.2156130345992432 0.4604976745660826
v -0.1015530000000000 -0.0143650000000000 -0.3082740000000000
vn 0.7936853866166838 0.0039288434792790 0.6083157660788027
v -0.0896930000000000 0.0002200000000000 -0.3222030000000000
vn 0.8334618559921040 0.2208889321205751 0.5065070722831314
v -0.0981570000000000 0.0150720000000000 -0.3143810000000000
vn 0.7569353085900675 0.2228571795586441 0.6143155672199960
v -0.0895060000000000 0.0149750000000000 -0.3265700000000000
vn 0.9156207175557430 -0.2152401747387771 0.3395738045861711
v -0.1075570000000000 -0.0141700000000000 -0.2947800000000000
vn 0.8861066389584528 -0.3499298563139981 0.3039146591624347
v -0.1122330000000000 -0.0283290000000000 -0.2932960000000000
vn 0.8507824695572137 -0.5031661423967643 0.1516345034604190
v -0.1225160000000000 -0.0411420000000000 -0.2776310000000000
vn 0.9533807656540944 -0.2124296067359589 0.2143333335317180
v -0.1116840000000000 -0.0139420000000000 -0.2806210000000000
vn 0.9274626086007428 0.0024715550936416 0.3739077440531614
v -0.1041020000000000 0.0004970000000000 -0.2969710000000000
vn 0.9365977937789920 0.2237114230056245 0.2696994102795243
v -0.1101750000000000 0.0153580000000000 -0.2871150000000000
vn 0.8937747641719834 0.2208297537513147 0.3903855668277823
v -0.1050630000000000 0.0152030000000000 -0.3011520000000000
vn -0.1118749392314549 -0.9710747845681584 -0.2109449234939376
v -0.0887170000000000 -0.0748270000000000 -0.4244230000000000
vn -0.2052496054013512 -0.8934671708880064 -0.3994859372092737
v -0.0925840000000000 -0.0703810000000000 -0.4357940000000000
vn -0.4145575660576666 -0.7816435262201499 -0.4660208389573082
v -0.1422000000000000 -0.0631960000000000 -0.4152830000000000
vn -0.7089089342733491 -0.5048921035364261 -0.4924754681138819
v -0.1905060000000000 -0.0420280000000000 -0.3879430000000000
vn -0.3495643506494849 -0.7821090848481456 -0.5158586474539321
v -0.1199770000000000 -0.0632010000000000 -0.4325120000000000
vn -0.4982202264946973 -0.6497267768112895 -0.5741356298001241
v -0.1467380000000000 -0.0536300000000000 -0.4243760000000000
vn -0.2782552448922392 -0.7827923186633979 -0.5566059688249320
v -0.0956430000000000 -0.0632010000000000 -0.4466750000000000
vn -0.3315259071916963 -0.6498661020022908 -0.6839332001950709
v -0.0976720000000000 -0.0536290000000000 -0.4566730000000000
vn -0.7619225478321621 -0.3474516184166206 -0.5465815620423158
v -0.1937510000000000 -0.0288680000000000 -0.3941300000000000
vn -0.5575780006925793 -0.5028670118431597 -0.6604782672757654
v -0.1498360000000000 -0.0420090000000000 -0.4325120000000000
vn -0.6385599086873565 -0.5038085237065050 -0.5817372383283256
v -0.1717140000000000 -0.0420180000000000 -0.4114760000000000
vn -0.4665706524940309 -0.5022184136991509 -0.7280717623784091
v -0.1253050000000000 -0.0420070000000000 -0.4505960000000000
vn -0.5953418252523180 -0.3438904702713683 -0.7261593871608184
v -0.1513060000000000 -0.0288300000000000 -0.4393230000000000
vn -0.3663641554366662 -0.5011125504812830 -0.7840047942208784
v -0.0985690000000000 -0.0420080000000000 -0.4652990000000000
vn -0.3850922398201598 -0.3431161892067618 -0.8567235537409499
v -0.0982360000000000 -0.0288310000000000 -0.4722080000000000
vn -0.8777786861358545 -0.3567107007044752 -0.3197843869993269
v -0.2222020000000000 -0.0289480000000000 -0.3405830000000000
vn -0.8400187332950545 -0.5191560696708927 -0.1576245635592476
v -0.2246580000000000 -0.0420280000000000 -0.3076950000000000
vn -0.7173623819547575 -0.6574575609116947 -0.2305228156956307
v -0.2102920000000000 -0.0535550000000000 -0.3301920000000000
vn -0.8120066362079301 -0.5130273662047460 -0.2782950669331096
v -0.2172620000000000 -0.0420380000000000 -0.3355640000000000
vn -0.6299279325616576 -0.6508010238902556 -0.4238500054052032
v -0.1853590000000000 -0.0536170000000000 -0.3809590000000000
vn -0.7676137001404579 -0.5077093502302492 -0.3911526850802040
v -0.2058120000000000 -0.0420360000000000 -0.3624810000000000
vn 0.1348804860880842 -0.9720879305706356 0.1919695541265369
v -0.0977990000000000 -0.0748370000000000 -0.3898890000000000
vn -0.1391726745276494 -0.9710777998835066 -0.1940074051118385
v -0.1102140000000000 -0.0748220000000000 -0.4114090000000000
vn 0.1088835161905993 -0.9720454753581317 0.2080191667557472
v -0.0792230000000000 -0.0748470000000000 -0.4015130000000000
vn -0.0025903042428338 -0.9999965718356073 0.0003829372829111
v -0.0841890000000000 -0.0763710000000000 -0.4129030000000000
vn -0.1635778488192086 -0.9712899113185055 -0.1727373600196827
v -0.1297600000000000 -0.0748030000000000 -0.3956590000000000
vn -0.5209432850396987 -0.7834498786754359 -0.3388574646890519
v -0.1785760000000000 -0.0631520000000000 -0.3734110000000000
vn -0.3032469559092246 -0.8931339372441816 -0.3321943013877499
v -0.1364400000000000 -0.0703670000000000 -0.4056260000000000
vn -0.4719345865597229 -0.7819709345862121 -0.4071844833377976
v -0.1618730000000000 -0.0631820000000000 -0.3954470000000000
vn -0.1845908026349151 -0.9716446467296129 -0.1477596564163688
v -0.1469340000000000 -0.0747630000000000 -0.3775720000000000
vn -0.0030989471661068 -0.9999918341151033 0.0025938831070997
v -0.1223840000000000 -0.0763370000000000 -0.3856490000000000
vn 0.1796413339540742 -0.9717823125517010 0.1528663734994358
v -0.1293780000000000 -0.0747490000000000 -0.3599330000000000
vn 0.1586050822174862 -0.9719963418318863 0.1733999404850391
v -0.1146350000000000 -0.0748070000000000 -0.3758860000000000
vn -0.2022931975785253 -0.9720153751628174 -0.1194301999518677
v -0.1613830000000000 -0.0746950000000000 -0.3575800000000000
vn -0.5609274137816999 -0.7854990741311503 -0.2614414676505615
v -0.1919370000000000 -0.0631030000000000 -0.3496500000000000
vn -0.3782386258402062 -0.8949087078326446 -0.2367993804211043
v -0.1704550000000000 -0.0702940000000000 -0.3655490000000000
vn -0.5905233537032409 -0.7873001765267226 -0.1773149761640808
v -0.2016610000000000 -0.0630150000000000 -0.3246190000000000
vn -0.2163218004416005 -0.9724193129037082 -0.0872098534890658
v -0.1728120000000000 -0.0745770000000000 -0.3361370000000000
vn -0.0023424570527699 -0.9999689375006896 0.0075257510387911
v -0.1516830000000000 -0.0761950000000000 -0.3497870000000000
vn 0.2153278862313779 -0.9707591301318613 0.1061160340229459
v -0.1514680000000000 -0.0744640000000000 -0.3235020000000000
vn 0.1984924545325033 -0.9713618135726213 0.1306023454099128
v -0.1417340000000000 -0.0746410000000000 -0.3423520000000000
vn -0.2257900009624563 -0.9727511058749758 -0.0526703093249474
v -0.1809880000000000 -0.0743910000000000 -0.3136020000000000
vn -0.4267030507659622 -0.8966876073929664 -0.1177957605981563
v -0.1917560000000000 -0.0700730000000000 -0.3190520000000000
vn -0.6086607271440700 -0.7883927172309620 -0.0892694945075434
v -0.2076510000000000 -0.0628780000000000 -0.2987800000000000
vn -0.2307753361834955 -0.9728427187024478 -0.0178826417798031
v -0.1858550000000000 -0.0741410000000000 -0.2903700000000000
vn 0.0019893380105538 -0.9998833176574254 0.0151457454309696
v -0.1697340000000000 -0.0758170000000000 -0.3084500000000000
vn 0.2424790864814094 -0.9689310986019051 0.0487485259392167
v -0.1624510000000000 -0.0739010000000000 -0.2832970000000000
vn 0.2301638778077730 -0.9699446878041379 0.0789423330857539
v -0.1583830000000000 -0.0742100000000000 -0.3036960000000000
vn -0.3612599753710158 0.1748301855690631 -0.9159288380703057
v -0.0900600000000000 0.0149760000000000 -0.4799050000000000
vn -0.3312333068305823 0.3454750850851658 -0.8780270280757164
v -0.0854630000000000 0.0292170000000000 -0.4775520000000000
vn -0.4962583258062355 0.5049656627838934 -0.7062133908934436
v -0.1342980000000000 0.0423900000000000 -0.4446630000000000
vn 0.2141107694572591 0.9732119590683478 0.0837559617506068
v -0.1571780000000000 0.0750090000000000 -0.3126750000000000
vn -0.2107452168606046 0.9713919336192260 -0.1094722104914206
v -0.1710530000000000 0.0750180000000000 -0.3422440000000000
vn -0.4670896127086503 0.7822595219956759 -0.4121860428820701
v -0.1619660000000000 0.0635200000000000 -0.3957760000000000
vn -0.3985428563822230 0.5051221701123492 -0.7655162864940822
v -0.1082630000000000 0.0423880000000000 -0.4605430000000000
vn -0.4286309388029755 0.6501793980195982 -0.6273294737948734
v -0.1273000000000000 0.0539920000000000 -0.4395190000000000
vn -0.2950706023281766 0.5027946440409227 -0.8124843909672658
v -0.0803060000000000 0.0423830000000000 -0.4728470000000000
vn -0.2511747651141891 0.6492936241344944 -0.7178642121098709
v -0.0748370000000000 0.0539890000000000 -0.4661340000000000
vn -0.1932117455520488 0.9716861215139323 -0.1359974361447370
v -0.1579860000000000 0.0750820000000000 -0.3636580000000000
vn -0.0015169256729518 0.9999987207111840 -0.0005074568930292
v -0.1594520000000000 0.0765720000000000 -0.3375830000000000
vn 0.1913629747467288 0.9721264660524542 0.1354634485625157
v -0.1364110000000000 0.0750920000000000 -0.3511200000000000
vn 0.2048699763666633 0.9725939706736204 0.1099511754955064
v -0.1480170000000000 0.0750620000000000 -0.3325300000000000
vn -0.1733040852311654 0.9717836083231338 -0.1600072268263500
v -0.1422440000000000 0.0751110000000000 -0.3832970000000000
vn -0.3325625985069788 0.8941705365573782 -0.2997685267451816
v -0.1522760000000000 0.0706850000000000 -0.3900210000000000
vn -0.3447956574303846 0.7823518933675175 -0.5186920758614010
v -0.1197130000000000 0.0635440000000000 -0.4328060000000000
vn -0.4101609091186553 0.7819161792541383 -0.4694412820061403
v -0.1420520000000000 0.0635390000000000 -0.4156640000000000
vn 0.1282041127314808 0.9713130462955932 0.2002864737687211
v -0.0887560000000000 0.0751110000000000 -0.3959530000000000
vn -0.0692894136196509 0.9716488381318721 -0.2260475890542255
v -0.0583750000000000 0.0751310000000000 -0.4369230000000000
vn 0.0026375691471306 0.9999964822017494 0.0002807367454720
v -0.0534170000000000 0.0766550000000000 -0.4255520000000000
vn 0.1004323775540299 0.9713299019126554 0.2154798347623181
v -0.0694510000000000 0.0751110000000000 -0.4063240000000000
vn 0.0026610261683833 0.9999963726506512 -0.0004166836582274
v -0.0961330000000000 0.0766550000000000 -0.4058810000000000
vn -0.1504096929288244 0.9718454558387263 -0.1813651957754707
v -0.1241290000000000 0.0751260000000000 -0.4007130000000000
vn 0.0014461071715130 0.9999984773171042 -0.0009767996323021
v -0.1322300000000000 0.0766410000000000 -0.3758420000000000
vn 0.1529097586313070 0.9714461557208771 0.1814138149382359
v -0.1065480000000000 0.0751110000000000 -0.3831200000000000
vn 0.1739910140976060 0.9717318619270423 0.1595754226975148
v -0.1225060000000000 0.0751060000000000 -0.3680830000000000
vn -0.1253784997875861 0.9717928217595131 -0.1997471986479352
v -0.1038860000000000 0.0751310000000000 -0.4156010000000000
vn -0.2735034958943281 0.7829827202335690 -0.5586894464272814
v -0.0953240000000000 0.0635440000000000 -0.4468710000000000
vn -0.2425535225413045 0.8946334736857677 -0.3752315771143758
v -0.1118360000000000 0.0707050000000000 -0.4247170000000000
vn -0.0982604514900150 0.9717073317948612 -0.2147783625253944
v -0.0818620000000000 0.0751310000000000 -0.4277560000000000
vn -0.1975890330732777 0.7836376609499999 -0.5889572058732113
v -0.0692320000000000 0.0635440000000000 -0.4576530000000000
vn -0.1366262227377719 0.8948150518379098 -0.4250168211550309
v -0.0637070000000000 0.0707050000000000 -0.4477530000000000
vn -0.3996676209946307 0.8937144645601859 -0.2038142501504555
v -0.1824580000000000 0.0705580000000000 -0.3462730000000000
vn -0.2256390979884339 0.9708650117948699 -0.0806729591096845
v -0.1812530000000000 0.0749060000000000 -0.3194970000000000
vn -0.5934016805805057 0.7789564343177737 -0.2027346021752857
v -0.2040820000000000 0.0631970000000000 -0.3240310000000000
vn -0.6874231360073629 0.6458362781761845 -0.3321820793982369
v -0.2030920000000000 0.0537660000000000 -0.3517380000000000
vn -0.5588035930396505 0.7812631687832208 -0.2781481718594916
v -0.1932600000000000 0.0633580000000000 -0.3495180000000000
vn -0.5755824493119802 0.6498055305474481 -0.4964449783349322
v -0.1710140000000000 0.0539560000000000 -0.4003640000000000
vn -0.5164577785875558 0.7823426602529115 -0.3481541682714782
v -0.1791500000000000 0.0634660000000000 -0.3735870000000000
vn -0.5066460425256227 -0.1775742377167780 -0.8436688791773880
v -0.1249520000000000 -0.0145790000000000 -0.4626020000000000
vn -0.4803556489503521 0.1733893690489856 -0.8597642567717507
v -0.1188200000000000 0.0149830000000000 -0.4662800000000000
vn -0.3898830746527444 -0.1771217324953531 -0.9036697848092340
v -0.0966470000000000 -0.0145840000000000 -0.4771130000000000
vn -0.3816703328194443 -0.0023908389569525 -0.9242954294675357
v -0.0938730000000000 0.0001970000000000 -0.4797600000000000
vn -0.5902523528294473 0.1717944542493207 -0.7887260775887149
v -0.1454780000000000 0.0149820000000000 -0.4489290000000000
vn -0.6630479619904703 0.5010190301704619 -0.5561900138507824
v -0.1790520000000000 0.0423430000000000 -0.4035440000000000
vn -0.5508497809432138 0.3441048412939727 -0.7603659494170311
v -0.1404650000000000 0.0292240000000000 -0.4478980000000000
vn -0.5843183477041001 0.5037137449146735 -0.6362739439269737
v -0.1580350000000000 0.0423780000000000 -0.4255290000000000
vn -0.6880770511130904 0.1703381162941697 -0.7053615369928159
v -0.1696120000000000 0.0149650000000000 -0.4282540000000000
vn -0.6113832414255364 -0.0041304525829957 -0.7913238726750659
v -0.1490860000000000 0.0002020000000000 -0.4477530000000000
vn -0.7074332283844350 -0.1770238644472920 -0.6842519848664838
v -0.1745180000000000 -0.0145970000000000 -0.4231720000000000
vn -0.6129872058075264 -0.1770533428180849 -0.7699992203328668
v -0.1510510000000000 -0.0145810000000000 -0.4444670000000000
vn -0.7731593262109382 0.1696528194545938 -0.6110994821992201
v -0.1907950000000000 0.0149220000000000 -0.4047240000000000
vn -0.7310060302811476 0.4981256762289473 -0.4663700187341075
v -0.1970050000000000 0.0422660000000000 -0.3791210000000000
vn -0.7296129216780488 0.3389011821278812 -0.5939789333576959
v -0.1857620000000000 0.0291670000000000 -0.4050220000000000
vn -0.7873648829618398 0.4949761715354866 -0.3674984771268591
v -0.2115270000000000 0.0421340000000000 -0.3528060000000000
vn -0.8462521344164736 0.1673458682478475 -0.5058188266325571
v -0.2086600000000000 0.0148420000000000 -0.3788810000000000
vn -0.7936310439117883 -0.0045662347910050 -0.6083822118038288
v -0.1939170000000000 0.0001430000000000 -0.4027440000000000
vn -0.8601975636777400 -0.1838060958159563 -0.4756842130907605
v -0.2118170000000000 -0.0146900000000000 -0.3729060000000000
vn -0.7901234198823340 -0.1793299257171935 -0.5861277668697422
v -0.1949070000000000 -0.0146320000000000 -0.3991480000000000
vn -0.9072107858384774 0.1610465981536688 -0.3886291076096374
v -0.2228050000000000 0.0147210000000000 -0.3512380000000000
vn -0.8604349224312628 0.3326899364526869 -0.3859652192151696
v -0.2182180000000000 0.0289560000000000 -0.3526450000000000
vn -0.8328216365779405 0.4891165268572770 -0.2591778246739395
v -0.2223540000000000 0.0419540000000000 -0.3251590000000000
vn -0.9537237274500510 0.1511516221910505 -0.2599312193788869
v -0.2329410000000000 0.0145590000000000 -0.3223350000000000
vn -0.9260437441725093 -0.0158061997048589 -0.3770850672326474
v -0.2250700000000000 -0.0000340000000000 -0.3486500000000000
vn -0.9547750954398402 -0.1998778161102848 -0.2201212751072175
v -0.2337550000000000 -0.0148630000000000 -0.3160370000000000
vn -0.9158990873233056 -0.1904613831062123 -0.3533458976493208
v -0.2248490000000000 -0.0147690000000000 -0.3450130000000000
vn 0.2196740266566629 0.9738959793156707 0.0571834196705501
v -0.1637010000000000 0.0749150000000000 -0.2919960000000000
vn 0.4198652179761772 0.9014731601078717 0.1051633982854525
v -0.1517960000000000 0.0705780000000000 -0.2894380000000000
vn 0.5970712319086904 0.8021233967686205 -0.0101980578253445
v -0.1448310000000000 0.0633730000000000 -0.2498260000000000
vn 0.7982782528170721 0.5443299385965172 -0.2577920654846350
v -0.1200700000000000 0.0426240000000000 -0.2162680000000000
vn 0.5961840952113613 0.8000611809803544 0.0668328609692199
v -0.1440130000000000 0.0634710000000000 -0.2681960000000000
vn 0.7334968238036867 0.6793352015663906 -0.0220475255449402
v -0.1345000000000000 0.0540600000000000 -0.2489880000000000
vn 0.5872236272443739 0.7968598740822391 0.1420660152309430
v -0.1407480000000000 0.0635200000000000 -0.2865420000000000
vn 0.7232876988244266 0.6704718222766670 0.1652950097924044
v -0.1310100000000000 0.0540860000000000 -0.2833020000000000
vn 0.8685315206886740 0.3910433716787675 -0.3045292745144892
v -0.1127620000000000 0.0298820000000000 -0.2158020000000000
vn 0.8411946461830223 0.5391200579562528 -0.0417268539703942
v -0.1257110000000000 0.0427220000000000 -0.2475330000000000
vn 0.8261250085793236 0.5431220397851082 -0.1501196859158581
v -0.1239330000000000 0.0427060000000000 -0.2316330000000000
vn 0.8431794801260849 0.5334859216260305 0.0666418466215479
v -0.1254080000000000 0.0426870000000000 -0.2636820000000000
vn 0.9211805789121165 0.3828427211440892 -0.0696978615319511
v -0.1188400000000000 0.0298310000000000 -0.2454500000000000
vn 0.8315402756100332 0.5274870100054633 0.1740638512554691
v -0.1229910000000000 0.0426220000000000 -0.2798170000000000
vn 0.9141080116447434 0.3690163526496334 0.1680281956222074
v -0.1170270000000000 0.0296060000000000 -0.2761710000000000
vn 0.7586110779910379 0.3884631053618309 -0.5230732722304958
v -0.0991810000000000 0.0296590000000000 -0.1891590000000000
vn 0.6408944634710962 0.5357785683593032 -0.5497232143351336
v -0.0967010000000000 0.0420930000000000 -0.1752050000000000
vn 0.6266570759711150 0.6690229845593380 -0.3996362787168455
v -0.1146250000000000 0.0534480000000000 -0.1850910000000000
vn 0.7046772978087898 0.5386636572017782 -0.4618131335972455
v -0.1063570000000000 0.0422910000000000 -0.1879190000000000
vn 0.7014629479014373 0.6798937452501113 -0.2137620824449516
v -0.1289910000000000 0.0538100000000000 -0.2156950000000000
vn 0.7576455260329964 0.5423242789549959 -0.3631220639648984
v -0.1141990000000000 0.0424720000000000 -0.2016520000000000
vn 0.5777005264863860 0.7978140075458861 -0.1724961189735156
v -0.1390820000000000 0.0630250000000000 -0.2140720000000000
vn 0.4285209162096404 0.9035222818708176 -0.0041605929627148
v -0.1562560000000000 0.0703180000000000 -0.2500520000000000
vn 0.5908939871421749 0.8017452360363455 -0.0897155084266253
v -0.1432040000000000 0.0632110000000000 -0.2317160000000000
vn 0.5557875127610142 0.7908771228159296 -0.2561515513623187
v -0.1325050000000000 0.0628530000000000 -0.1970260000000000
vn 0.4216789095219371 0.8975325411150710 -0.1289272465536798
v -0.1498800000000000 0.0699450000000000 -0.2114550000000000
vn 0.5241013339514217 0.7823338307663591 -0.3365584183893994
v -0.1234570000000000 0.0627700000000000 -0.1806460000000000
vn 0.3901732808928552 0.8825114342521972 -0.2625611915181583
v -0.1323920000000000 0.0699260000000000 -0.1747450000000000
vn 0.4818811567601590 0.7754801744312700 -0.4079473615842344
v -0.1120910000000000 0.0628090000000000 -0.1650990000000000
vn 0.9745190000202502 -0.2069046323206208 0.0866209658443063
v -0.1138850000000000 -0.0136910000000000 -0.2660250000000000
vn 0.9379138172306594 -0.3420378561510906 0.0576868824550181
v -0.1178500000000000 -0.0277820000000000 -0.2635650000000000
vn 0.8542961766743147 -0.4823798283430407 -0.1936175191644253
v -0.1206830000000000 -0.0403200000000000 -0.2300450000000000
vn 0.5814978763557598 -0.7481332325470443 -0.3196199088799874
v -0.1233150000000000 -0.0616770000000000 -0.1903550000000000
vn 0.8673367979171894 -0.4911295145178198 -0.0807383362984834
v -0.1234030000000000 -0.0405440000000000 -0.2458960000000000
vn 0.7568154999941687 -0.6271619757150257 -0.1841145164993837
v -0.1279270000000000 -0.0518540000000000 -0.2272760000000000
vn 0.8664481611193632 -0.4979716596279930 0.0359417626197761
v -0.1240160000000000 -0.0408270000000000 -0.2618340000000000
vn 0.7673143348527655 -0.6408765145682097 0.0224945461025834
v -0.1320340000000000 -0.0523560000000000 -0.2609080000000000
vn 0.4273682876391701 -0.8698637467078172 -0.2463603232742683
v -0.1326170000000000 -0.0690680000000000 -0.1861350000000000
vn 0.6293535875661094 -0.7607678895893758 -0.1585757862581642
v -0.1368270000000000 -0.0614020000000000 -0.2249480000000000
vn 0.6100049528875200 -0.7546011307380658 -0.2418079629406917
v -0.1310930000000000 -0.0614170000000000 -0.2073910000000000
vn 0.6381862908488786 -0.7665497929851174 -0.0715518905901469
v -0.1403710000000000 -0.0615940000000000 -0.2427890000000000
vn 0.4633086032900803 -0.8783881225348644 -0.1173858778008283
v -0.1469980000000000 -0.0686120000000000 -0.2230900000000000
vn 0.6353967695627459 -0.7720236153252502 0.0158266423905072
v -0.1415620000000000 -0.0618880000000000 -0.2607660000000000
vn 0.4639634059184856 -0.8857401524172294 0.0142246393424184
v -0.1522220000000000 -0.0690730000000000 -0.2613740000000000
vn 0.3626011157309036 -0.8585704941055976 -0.3624598426335996
v -0.1103270000000000 -0.0708960000000000 -0.1520910000000000
vn 0.4198308242109230 -0.7436053612806873 -0.5203778874212426
v -0.0892460000000000 -0.0636480000000000 -0.1459060000000000
vn 0.5825116142062964 -0.6133142052565812 -0.5334096970858921
v -0.0959460000000000 -0.0525520000000000 -0.1662560000000000
vn 0.4891663734474160 -0.7414903638597229 -0.4592475360755665
v -0.1022350000000000 -0.0629070000000000 -0.1590510000000000
vn 0.6985155347031622 -0.6123895088318323 -0.3702095855742565
v -0.1155120000000000 -0.0519110000000000 -0.1949180000000000
vn 0.5422305276726984 -0.7432087599438749 -0.3919525404975382
v -0.1136450000000000 -0.0621870000000000 -0.1741120000000000
vn 0.9711341032244858 0.2375358360991062 0.0218009202345310
v -0.1147920000000000 0.0157040000000000 -0.2576640000000000
vn 0.9791572131747968 -0.1988227287601850 -0.0414810127181058
v -0.1141640000000000 -0.0134430000000000 -0.2512230000000000
vn 0.9620453118819922 0.2299575367027340 0.1469297423923798
v -0.1134240000000000 0.0155290000000000 -0.2725290000000000
vn 0.9928145037874000 0.0107804824108926 0.1191769368139972
v -0.1112970000000000 0.0009000000000000 -0.2688580000000000
vn 0.9674534119909549 -0.1898063913500203 -0.1673542035018622
v -0.1125030000000000 -0.0132130000000000 -0.2364860000000000
vn 0.7870788418012358 -0.4686105811026531 -0.4011371586720170
v -0.1094690000000000 -0.0401870000000000 -0.1995940000000000
vn 0.9266678477233213 -0.3254695537304912 -0.1880326290575707
v -0.1154440000000000 -0.0272740000000000 -0.2331820000000000
vn 0.8277925218506775 -0.4739452540633270 -0.3002256433400452
v -0.1160020000000000 -0.0401950000000000 -0.2145180000000000
vn 0.9397468986505434 -0.1825940939993107 -0.2890245029634274
v -0.1090080000000000 -0.0130210000000000 -0.2220900000000000
vn 0.9898807724049694 0.0271436040212621 -0.1392813023477239
v -0.1110030000000000 0.0013360000000000 -0.2398620000000000
vn 0.9408830769688398 0.2517852186252821 -0.2265904657205749
v -0.1117580000000000 0.0159900000000000 -0.2282760000000000
vn 0.9639349587178954 0.2453222193227997 -0.1031814133847051
v -0.1142180000000000 0.0158660000000000 -0.2428230000000000
vn 0.8949864577802160 -0.1804982434305761 -0.4079456146455042
v -0.1037350000000000 -0.0128910000000000 -0.2083080000000000
vn 0.7298456903787348 -0.4693225482974627 -0.4970529286657145
v -0.1012350000000000 -0.0402590000000000 -0.1856590000000000
vn 0.8543177138007394 -0.3134766240822674 -0.4145764706785261
v -0.1054800000000000 -0.0270030000000000 -0.2041810000000000
vn 0.6545809019125057 -0.4759980401824432 -0.5873241937753662
v -0.0913880000000000 -0.0404080000000000 -0.1729900000000000
vn 0.8330684052270708 -0.1828195540909666 -0.5220862408208103
v -0.0967700000000000 -0.0128220000000000 -0.1954130000000000
vn 0.9205958389800493 0.0364853599871357 -0.3888085901304501
v -0.1033570000000000 0.0016520000000000 -0.2121410000000000
vn 0.8480331081261168 0.2569441300892779 -0.4634863121329715
v -0.1013430000000000 0.0160490000000000 -0.2010640000000000
vn 0.9022267537244463 0.2559515011920526 -0.3470961162291826
v -0.1074400000000000 0.0160550000000000 -0.2142880000000000
vn 0.7549481833780077 -0.1875046417061552 -0.6284069141510876
v -0.0881930000000000 -0.0128250000000000 -0.1836110000000000
vn 0.7136533135282042 -0.3229336772628559 -0.6216210969551341
v -0.0887510000000000 -0.0270080000000000 -0.1788810000000000
vn 0.5643897251929665 -0.4842811264092985 -0.6685327431774369
v -0.0800420000000000 -0.0405750000000000 -0.1618940000000000
vn 0.6643059770527944 -0.1912982361495048 -0.7225666430842352
v -0.0781350000000000 -0.0128900000000000 -0.1730530000000000
vn 0.7863961596946062 0.0348126537874159 -0.6167407552236619
v -0.0888890000000000 0.0017030000000000 -0.1875960000000000
vn 0.6991262450755659 0.2528958950200239 -0.6687796047492484
v -0.0841890000000000 0.0158170000000000 -0.1777200000000000
vn 0.7796670194524562 0.2555648735657167 -0.5716694273594336
v -0.0935400000000000 0.0159690000000000 -0.1888210000000000
vn -0.2320793163317876 -0.9725965387228389 0.0139701036260823
v -0.1873840000000000 -0.0738520000000000 -0.2668040000000000
vn -0.4434701158750406 -0.8962545734996646 0.0078737415954811
v -0.1989650000000000 -0.0696320000000000 -0.2695100000000000
vn -0.6028298361165295 -0.7854110404264110 0.1404481621952418
v -0.2039300000000000 -0.0623090000000000 -0.2198160000000000
vn -0.7942863777631602 -0.5369536794479033 0.2842356350411340
v -0.2060970000000000 -0.0417090000000000 -0.1650250000000000
vn -0.6124920312703831 -0.7868251707946575 0.0758924385840755
v -0.2085280000000000 -0.0624860000000000 -0.2461060000000000
vn -0.7322278556450085 -0.6618016805051672 0.1608132553555505
v -0.2140520000000000 -0.0530730000000000 -0.2206590000000000
vn -0.6154259957056832 -0.7881890849870202 -0.0029681841236563
v -0.2098510000000000 -0.0626970000000000 -0.2725290000000000
vn -0.7490346490827485 -0.6622894263258251 -0.0178832393735943
v -0.2196340000000000 -0.0533730000000000 -0.2758420000000000
vn -0.8722051605091882 -0.3840763850497748 0.3028918758042849
v -0.2133110000000000 -0.0289050000000000 -0.1653240000000000
vn -0.8325808944633293 -0.5267400025964425 0.1713301603318639
v -0.2228640000000000 -0.0418320000000000 -0.2221390000000000
vn -0.8138442669765643 -0.5290085033731058 0.2404319289701881
v -0.2156050000000000 -0.0417240000000000 -0.1934970000000000
vn -0.8468370736603797 -0.5262734759653518 0.0768322794772542
v -0.2272160000000000 -0.0419260000000000 -0.2507380000000000
vn -0.9078806492366024 -0.3811423020417434 0.1745945942348897
v -0.2299800000000000 -0.0290340000000000 -0.2242610000000000
vn -0.8510141468196749 -0.5238712654306275 -0.0365214891385049
v -0.2279020000000000 -0.0419970000000000 -0.2793370000000000
vn -0.9257440838865202 -0.3736935571228692 -0.0578879651910877
v -0.2342590000000000 -0.0290340000000000 -0.2829340000000000
vn -0.8477486877981927 -0.4235416835723826 0.3192719915888555
v -0.1908390000000000 -0.0294990000000000 -0.1068670000000000
vn -0.7353212019254377 -0.6207261504558429 0.2720326747638972
v -0.1717250000000000 -0.0457170000000000 -0.0855270000000000
vn -0.6544516472505048 -0.7076261179715069 0.2663800266079948
v -0.1745770000000000 -0.0553250000000000 -0.1156750000000000
vn -0.7551931582594456 -0.5830574327092272 0.2995451950551849
v -0.1835510000000000 -0.0430680000000000 -0.1100680000000000
vn -0.6946708520472566 -0.6720358683650880 0.2565154945548528
v -0.1973180000000000 -0.0530970000000000 -0.1662710000000000
vn -0.7751461801089047 -0.5538913216275572 0.3038960402641854
v -0.1952110000000000 -0.0420300000000000 -0.1370200000000000
vn 0.2557523867871250 -0.9664906253622778 -0.0220587338603624
v -0.1621620000000000 -0.0732880000000000 -0.2420290000000000
vn -0.2305847624001356 -0.9721965019282139 0.0407998650416541
v -0.1858250000000000 -0.0735870000000000 -0.2432100000000000
vn 0.2514823260118105 -0.9677435548942521 0.0151344528915044
v -0.1636520000000000 -0.0735670000000000 -0.2626380000000000
vn 0.0094559280792249 -0.9998269374913610 0.0160212512247615
v -0.1754930000000000 -0.0752140000000000 -0.2645100000000000
vn -0.2279261982955229 -0.9718599537709424 0.0594800671392676
v -0.1813550000000000 -0.0734250000000000 -0.2198950000000000
vn -0.5731912253465911 -0.7907363997702390 0.2149133901460636
v -0.1873740000000000 -0.0625500000000000 -0.1685740000000000
vn -0.4358741727536707 -0.8936009335874000 0.1071964412563698
v -0.1929070000000000 -0.0692150000000000 -0.2196300000000000
vn -0.5887355531714886 -0.7863666793312400 0.1871306871398165
v -0.1967160000000000 -0.0622750000000000 -0.1938740000000000
vn -0.2253184062629935 -0.9718974144558160 0.0681691394489059
v -0.1744640000000000 -0.0735330000000000 -0.1971530000000000
vn 0.0128046706296471 -0.9999179993187258 -0.0001872124542928
v -0.1696320000000000 -0.0747880000000000 -0.2206200000000000
vn 0.2456053883565433 -0.9635542364846783 -0.1060246507311414
v -0.1516290000000000 -0.0732440000000000 -0.2017060000000000
vn 0.2540341313837491 -0.9651577404537318 -0.0627470806838931
v -0.1580600000000000 -0.0731310000000000 -0.2216690000000000
vn -0.2234292731868647 -0.9724797688642042 0.0660489139427232
v -0.1654360000000000 -0.0740570000000000 -0.1751320000000000
vn -0.5567924592835667 -0.7998507432682967 0.2241003029406942
v -0.1765080000000000 -0.0635150000000000 -0.1445040000000000
vn -0.4183612553854948 -0.8954008399962378 0.1524178327043935
v -0.1766350000000000 -0.0697000000000000 -0.1717300000000000
vn -0.5391505183943923 -0.8142284756337533 0.2152875007569929
v -0.1644660000000000 -0.0653830000000000 -0.1218750000000000
vn -0.2202781808776363 -0.9739867957390753 0.0531718417507617
v -0.1546190000000000 -0.0752090000000000 -0.1540420000000000
vn 0.0036572215643416 -0.9991773213176464 -0.0403894205816603
v -0.1540990000000000 -0.0754500000000000 -0.1786410000000000
vn 0.2147626002200047 -0.9568854964262759 -0.1955688428042208
v -0.1324270000000000 -0.0746800000000000 -0.1634960000000000
vn 0.2316939875024464 -0.9610478436514515 -0.1506815793921465
v -0.1430320000000000 -0.0737290000000000 -0.1822870000000000
vn -0.2119508791383607 -0.9768232355182632 0.0298863076359031
v -0.1421700000000000 -0.0770820000000000 -0.1339660000000000
vn -0.3937934664937008 -0.9088316362436957 0.1376654012796287
v -0.1535500000000000 -0.0727490000000000 -0.1280600000000000
vn -0.5184048341195954 -0.8341573173936621 0.1882498281540892
v -0.1516000000000000 -0.0683920000000000 -0.1009710000000000
vn -0.1975402729482110 -0.9802894336567562 -0.0032352472026667
v -0.1282900000000000 -0.0796740000000000 -0.1148370000000000
vn -0.0058594232875610 -0.9947108262109191 -0.1025477419426083
v -0.1307300000000000 -0.0782330000000000 -0.1396220000000000
vn 0.1710630122905051 -0.9427629902853819 -0.2862435850360032
v -0.1052390000000000 -0.0780870000000000 -0.1283790000000000
vn 0.1945161436069398 -0.9508782295887100 -0.2408195639281094
v -0.1199630000000000 -0.0761010000000000 -0.1456070000000000
vn -0.9828124388817895 0.1387423682148616 -0.1217795764541845
v -0.2388170000000000 0.0143590000000000 -0.2927410000000000
vn -0.9403604832837351 0.3124013285103515 -0.1346386698662287
v -0.2351960000000000 0.0285560000000000 -0.2950840000000000
vn -0.8823408521880893 0.4570172535661788 0.1122935906578087
v -0.2302740000000000 0.0412170000000000 -0.2391120000000000
vn 0.2010787865331489 0.9564057992297296 -0.2117906249249446
v -0.1268880000000000 0.0751900000000000 -0.1482830000000000
vn -0.2259617966525247 0.9689630360152102 0.1002591706017438
v -0.1584570000000000 0.0750620000000000 -0.1522720000000000
vn -0.6212173805326450 0.7503894911955968 0.2258419306226641
v -0.2015040000000000 0.0623680000000000 -0.1907660000000000
vn -0.8841233846415582 0.4670811360199715 -0.0126906699684566
v -0.2318530000000000 0.0414710000000000 -0.2678920000000000
vn -0.7842085156199566 0.6139621965324625 0.0898188468985099
v -0.2231920000000000 0.0528600000000000 -0.2417350000000000
vn -0.8665569361469700 0.4790368848466885 -0.1400097831294534
v -0.2291960000000000 0.0417250000000000 -0.2967170000000000
vn -0.7605669106415580 0.6348670931787813 -0.1359475944468341
v -0.2211290000000000 0.0533650000000000 -0.2975790000000000
vn -0.2366875119918738 0.9665612658940662 0.0986830326872711
v -0.1718960000000000 0.0744300000000000 -0.1758230000000000
vn 0.0005009659486967 0.9992705644541816 -0.0381849191244363
v -0.1495860000000000 0.0764350000000000 -0.1598640000000000
vn 0.2249598744585870 0.9669862828324010 -0.1197104159944024
v -0.1525600000000000 0.0742630000000000 -0.1876640000000000
vn 0.2167404755731216 0.9620660118501414 -0.1656881259810149
v -0.1411460000000000 0.0745620000000000 -0.1676720000000000
vn -0.2462568209568579 0.9657317821398435 0.0819737951861676
v -0.1823900000000000 0.0741410000000000 -0.1995690000000000
vn -0.4573392929362260 0.8743240773198013 0.1624751641189234
v -0.1923240000000000 0.0696560000000000 -0.1951140000000000
vn -0.6479479157499133 0.7588612752288447 0.0655214730710085
v -0.2142920000000000 0.0625000000000000 -0.2440280000000000
vn -0.6413816141069453 0.7515239778948863 0.1544063979717682
v -0.2097480000000000 0.0623530000000000 -0.2172630000000000
vn 0.2250619108492551 0.9743444645837670 0.0000248968753370
v -0.1683080000000000 0.0745720000000000 -0.2497190000000000
vn -0.2375389382955682 0.9701301101946344 -0.0492221706872098
v -0.1883690000000000 0.0747440000000000 -0.2958830000000000
vn -0.0071325473794571 0.9999706779895725 0.0027874592292379
v -0.1760380000000000 0.0763610000000000 -0.2941390000000000
vn 0.2228858945744373 0.9743910384006124 0.0297318395718992
v -0.1674700000000000 0.0747680000000000 -0.2708820000000000
vn -0.0096208380320982 0.9999277714448634 0.0072035663993048
v -0.1805520000000000 0.0759640000000000 -0.2488460000000000
vn -0.2513374052743705 0.9663652630390003 0.0544764820955844
v -0.1893050000000000 0.0741410000000000 -0.2234920000000000
vn -0.0043954192083153 0.9999857654559656 -0.0030247603920906
v -0.1718030000000000 0.0757190000000000 -0.2038970000000000
vn 0.2267572464985823 0.9733406654527822 -0.0344833312821767
v -0.1661660000000000 0.0743660000000000 -0.2287120000000000
vn 0.2276990699413465 0.9708353467934447 -0.0750457391481860
v -0.1609220000000000 0.0742390000000000 -0.2080040000000000
vn -0.2513055646153004 0.9676773595341254 0.0211196836730048
v -0.1925790000000000 0.0743080000000000 -0.2476110000000000
vn -0.6400650561627310 0.7677617871254179 -0.0293012305097370
v -0.2148210000000000 0.0627460000000000 -0.2708820000000000
vn -0.4691148781706342 0.8821695403614608 0.0413295673507453
v -0.2039450000000000 0.0697690000000000 -0.2459740000000000
vn -0.2462638317194505 0.9690901169974637 -0.0147807416828855
v -0.1922260000000000 0.0745380000000000 -0.2717890000000000
vn -0.6210072578039905 0.7745508964824052 -0.1200870289126627
v -0.2113510000000000 0.0629860000000000 -0.2976870000000000
vn -0.4456539294790903 0.8905423017291356 -0.0912523093999229
v -0.2002890000000000 0.0702300000000000 -0.2970790000000000
vn -0.4155223539342481 0.8850854886043334 0.2096779703330079
v -0.1676570000000000 0.0705490000000000 -0.1451310000000000
vn -0.2198307259043825 0.9719042676135711 0.0841222119471437
v -0.1418120000000000 0.0764390000000000 -0.1281340000000000
vn -0.5425365130914600 0.8026989747679182 0.2476458920900829
v -0.1633970000000000 0.0636910000000000 -0.1128180000000000
vn -0.6827865519904740 0.6583414063666088 0.3168424168008375
v -0.1855260000000000 0.0529980000000000 -0.1325890000000000
vn -0.5627319938037506 0.7790736232294044 0.2763638774114006
v -0.1768660000000000 0.0630450000000000 -0.1386170000000000
vn -0.7432464313558224 0.6121402897956143 0.2699426010947076
v -0.2095570000000000 0.0526460000000000 -0.1865470000000000
vn -0.5926880557860649 0.7590308842359351 0.2694308544034054
v -0.1901920000000000 0.0625990000000000 -0.1645600000000000
vn -0.9739388924343910 -0.2201723634719600 0.0544716822472257
v -0.2386800000000000 -0.0150670000000000 -0.2567030000000000
vn -0.9917579058848798 0.1266552557078950 0.0193572290477200
v -0.2403860000000000 0.0141470000000000 -0.2628830000000000
vn -0.9741134470475686 -0.2110514160686035 -0.0809956298607585
v -0.2383370000000000 -0.0149690000000000 -0.2864830000000000
vn -0.9939357675604084 -0.0379446879718365 -0.1032079968743775
v -0.2399010000000000 -0.0003270000000000 -0.2898200000000000
vn -0.9815538751047338 0.1188713420493885 0.1497384196065190
v -0.2377290000000000 0.0139420000000000 -0.2331130000000000
vn -0.8335518606772652 0.4650883344686122 0.2981344272348994
v -0.2159240000000000 0.0409360000000000 -0.1823120000000000
vn -0.9474242739347010 0.2913202192276318 0.1323622870324826
v -0.2352300000000000 0.0280720000000000 -0.2362200000000000
vn -0.8631497698962187 0.4543326985027429 0.2203503433156399
v -0.2247750000000000 0.0410280000000000 -0.2105580000000000
vn -0.9596397903124836 0.1211697206481432 0.2537900148687172
v -0.2314160000000000 0.0137740000000000 -0.2035150000000000
vn -0.9850138168702149 -0.0554032305184416 0.1633348175463250
v -0.2376660000000000 -0.0006400000000000 -0.2299520000000000
vn -0.9399924888552545 -0.2217647886704724 0.2592961615636553
v -0.2280490000000000 -0.0151580000000000 -0.1971180000000000
vn -0.9594482010705040 -0.2236441634241140 0.1715879880087817
v -0.2350040000000000 -0.0151410000000000 -0.2269480000000000
vn -0.9362942829007389 0.1381068793173608 0.3229233743360970
v -0.2221870000000000 0.0136760000000000 -0.1739900000000000
vn -0.8032904015228273 0.4901060902605905 0.3384088519982487
v -0.2047730000000000 0.0409400000000000 -0.1543510000000000
vn -0.8981734929015671 0.3063449770172776 0.3153365372190198
v -0.2202760000000000 0.0277560000000000 -0.1781170000000000
vn -0.7804164889663636 0.5236934267025383 0.3416069357872680
v -0.1923780000000000 0.0410850000000000 -0.1264730000000000
vn -0.9195303285365808 0.1666135390269967 0.3559549178116622
v -0.2110960000000000 0.0136950000000000 -0.1443370000000000
vn -0.9457872079086498 -0.0382007824990746 0.3225325682358584
v -0.2216240000000000 -0.0007720000000000 -0.1701420000000000
vn -0.9153439434119504 -0.2136883226015223 0.3412957164143845
v -0.2076160000000000 -0.0150400000000000 -0.1368870000000000
vn -0.9241091363480944 -0.2159264971446485 0.3152745659719810
v -0.2185750000000000 -0.0151280000000000 -0.1671720000000000
vn -0.9128803745393708 0.2023042800328810 0.3545735467589705
v -0.1991760000000000 0.0138390000000000 -0.1143370000000000
vn -0.8580091834647618 0.3728423187747236 0.3532829551801503
v -0.1969950000000000 0.0278740000000000 -0.1202970000000000
vn -0.7694867963034537 0.5574076018375375 0.3117480324370506
v -0.1800030000000000 0.0414700000000000 -0.0985060000000000
vn -0.9175800234764820 0.2424541648759174 0.3150601187888118
v -0.1875600000000000 0.0143170000000000 -0.0838510000000000
vn -0.9376781652514077 0.0019437806760006 0.3474994678088550
v -0.1989120000000000 -0.0005590000000000 -0.1091900000000000
vn -0.9233698976304635 -0.2511490786135342 0.2903655841546657
v -0.1851830000000000 -0.0154430000000000 -0.0748710000000000
vn -0.9165692266442389 -0.2201354513882665 0.3338281531130439
v -0.1960450000000000 -0.0151360000000000 -0.1065590000000000
vn 0.1758549670873713 0.9499906205262224 -0.2580559076303087
v -0.1095280000000000 0.0765480000000000 -0.1287120000000000
vn 0.3199437241728842 0.8699520036200503 -0.3752592767139080
v -0.1045970000000000 0.0707980000000000 -0.1410390000000000
vn 0.2736509467004024 0.7665681665511587 -0.5809375228028987
v -0.0663480000000000 0.0638580000000000 -0.1273010000000000
vn 0.1605549901452107 0.5181530155202477 -0.8400830599689206
v -0.0278550000000000 0.0414610000000000 -0.1345600000000000
vn 0.3598089125155008 0.7703651148064303 -0.5263792704540025
v -0.0832920000000000 0.0633970000000000 -0.1376960000000000
vn 0.3409936715294549 0.6589673585204637 -0.6704366758922312
v -0.0630980000000000 0.0534190000000000 -0.1374850000000000
vn 0.4284918327819018 0.7718328139846028 -0.4697540382964431
v -0.0986170000000000 0.0630250000000000 -0.1506400000000000
vn 0.5092118020739707 0.6615155613483956 -0.5505456409077236
v -0.0921180000000000 0.0532790000000000 -0.1582820000000000
vn 0.1709489491166557 0.3724422346623608 -0.9121750043909437
v -0.0246900000000000 0.0282790000000000 -0.1407100000000000
vn 0.3845987549128958 0.5353167094393251 -0.7520105174227975
v -0.0586090000000000 0.0416350000000000 -0.1451650000000000
vn 0.2763867357339424 0.5296111651522785 -0.8019491168748687
v -0.0436150000000000 0.0415350000000000 -0.1387600000000000
vn 0.4818788882487709 0.5358841594204213 -0.6932682776114863
v -0.0726020000000000 0.0417670000000000 -0.1535220000000000
vn 0.4053506285869002 0.3858231946786366 -0.8287528765272406
v -0.0535910000000000 0.0287410000000000 -0.1502140000000000
vn 0.5670302358672693 0.5349678386846287 -0.6263274887671834
v -0.0853850000000000 0.0419120000000000 -0.1636780000000000
vn 0.6024300498696341 0.3860152418580703 -0.6986202602754414
v -0.0789840000000000 0.0292350000000000 -0.1668730000000000
vn -0.0708698755899775 0.3514217720240517 -0.9335310379849919
v 0.0059370000000000 0.0279420000000000 -0.1391620000000000
vn -0.1623294379992459 0.4989766546217359 -0.8512763662297631
v 0.0212390000000000 0.0413760000000000 -0.1347700000000000
vn -0.0590999581144180 0.6233783974654036 -0.7796836336132363
v 0.0061720000000000 0.0540280000000000 -0.1241340000000000
vn -0.0604518966238654 0.4994025044077890 -0.8642584722094461
v 0.0048960000000000 0.0413970000000000 -0.1326770000000000
vn 0.1320570063943374 0.6376127760975895 -0.7589538159988993
v -0.0294740000000000 0.0537420000000000 -0.1259330000000000
vn 0.0467943345815867 0.5065963613796907 -0.8609125489199959
v -0.0115630000000000 0.0414240000000000 -0.1325840000000000
vn 0.0874010369423231 0.7353220505087723 -0.6720584355374026
v -0.0288590000000000 0.0648870000000000 -0.1151160000000000
vn 0.1799638979285824 0.8588645137789365 -0.4795463923476246
v -0.0678280000000000 0.0729010000000000 -0.1138470000000000
vn 0.1786797445449499 0.7534385138228062 -0.6327748057388444
v -0.0480200000000000 0.0644020000000000 -0.1197090000000000
vn 0.0088183369817505 0.7266727474876631 -0.6869271831799986
v -0.0092290000000000 0.0652890000000000 -0.1133670000000000
vn 0.0393243029703376 0.8146716920523842 -0.5785876194358139
v -0.0246580000000000 0.0749550000000000 -0.1023680000000000
vn -0.0592582884491510 0.7293303867463926 -0.6815905238619699
v 0.0100290000000000 0.0654760000000000 -0.1138370000000000
vn -0.0545249037304795 0.8186264604624957 -0.5717322389928944
v 0.0167760000000000 0.0754990000000000 -0.1020840000000000
vn -0.1259702399021251 0.7375412620787257 -0.6634488566500973
v 0.0284350000000000 0.0653870000000000 -0.1164000000000000
vn 0.5638449221865967 -0.1937206310645481 -0.8028394738827582
v -0.0667550000000000 -0.0130150000000000 -0.1639030000000000
vn 0.5211873134339813 -0.3328256815975419 -0.7858694866099591
v -0.0661130000000000 -0.0272060000000000 -0.1590760000000000
vn 0.2676707368928435 -0.4865462654239033 -0.8316400111907163
v -0.0384610000000000 -0.0410300000000000 -0.1390490000000000
vn 0.0572523181422637 -0.7237914943260744 -0.6876394729860739
v -0.0060360000000000 -0.0649410000000000 -0.1140870000000000
vn 0.3669387307336833 -0.4887576769652480 -0.7914997795925706
v -0.0533980000000000 -0.0409060000000000 -0.1448760000000000
vn 0.2290503097013223 -0.6182538975534064 -0.7518630685076574
v -0.0396090000000000 -0.0537030000000000 -0.1305550000000000
vn 0.4669597423983416 -0.4888024743347479 -0.7368994097320899
v -0.0673280000000000 -0.0407510000000000 -0.1525220000000000
vn 0.4085333777412136 -0.6238809201122860 -0.6662380031124029
v -0.0702740000000000 -0.0532900000000000 -0.1443860000000000
vn 0.0567888496365657 -0.8113052877839251 -0.5818580209731563
v -0.0077670000000000 -0.0750920000000000 -0.1019860000000000
vn 0.1895690802160032 -0.7298976319938379 -0.6567442505540846
v -0.0422090000000000 -0.0651620000000000 -0.1203210000000000
vn 0.1237359982010177 -0.7242153676839187 -0.6783815327377686
v -0.0244390000000000 -0.0651960000000000 -0.1162040000000000
vn 0.2608679430019833 -0.7383806679181045 -0.6218857656826757
v -0.0590630000000000 -0.0648630000000000 -0.1264580000000000
vn 0.1417901752104103 -0.8244520576491482 -0.5478816942113387
v -0.0459230000000000 -0.0751750000000000 -0.1084850000000000
vn 0.3398447756688798 -0.7442993831213672 -0.5749121295778346
v -0.0747930000000000 -0.0643480000000000 -0.1349860000000000
vn 0.2525311903339066 -0.8507272079999721 -0.4609676946133127
v -0.0808170000000000 -0.0735920000000000 -0.1241340000000000
vn -0.0458991090823067 -0.8286068221096625 -0.5579462394700554
v 0.0322590000000000 -0.0733470000000000 -0.1040390000000000
vn -0.1819165834536795 -0.7688499151241555 -0.6130058439184078
v 0.0496230000000000 -0.0632210000000000 -0.1209640000000000
vn -0.1322327861826695 -0.6444675276291278 -0.7531109454057665
v 0.0289910000000000 -0.0530910000000000 -0.1263940000000000
vn -0.0937007924524691 -0.7466443927356833 -0.6585911571606029
v 0.0314720000000000 -0.0637990000000000 -0.1162430000000000
vn 0.0590667621333583 -0.6172267504551916 -0.7845650107757839
v -0.0056700000000000 -0.0535710000000000 -0.1244230000000000
vn -0.0135674099370246 -0.7306737008768355 -0.6825920218069866
v 0.0127290000000000 -0.0644510000000000 -0.1140670000000000
vn 0.5091421472593127 0.2504322449875062 -0.8234427512308879
v -0.0615210000000000 0.0153450000000000 -0.1594870000000000
vn 0.4567188272276584 -0.1950713184048897 -0.8679603064608257
v -0.0542590000000000 -0.0131900000000000 -0.1562520000000000
vn 0.6089460241362974 0.2515461552524406 -0.7522694141504831
v -0.0734450000000000 0.0156080000000000 -0.1678980000000000
vn 0.6010463213354328 0.0301871186866743 -0.7986438865192299
v -0.0685390000000000 0.0014500000000000 -0.1676970000000000
vn 0.3439521361393437 -0.1979420401602661 -0.9178866361279993
v -0.0408590000000000 -0.0134090000000000 -0.1502330000000000
vn 0.0660485922536594 -0.4919319987841327 -0.8681246984354021
v -0.0066860000000000 -0.0411090000000000 -0.1328590000000000
vn 0.3076786889430375 -0.3337022989940240 -0.8910536459812038
v -0.0388920000000000 -0.0275050000000000 -0.1456610000000000
vn 0.1688105503987949 -0.4862956258146539 -0.8573328189143291
v -0.0227970000000000 -0.0410990000000000 -0.1350200000000000
vn 0.2267846438915001 -0.2043549094766104 -0.9522645621190635
v -0.0268320000000000 -0.0136700000000000 -0.1459160000000000
vn 0.3809383768952798 0.0243416233418422 -0.9242799567130480
v -0.0437820000000000 0.0009260000000000 -0.1536200000000000
vn 0.2834774969004392 0.2443637038669778 -0.9273224298934397
v -0.0349330000000000 0.0147370000000000 -0.1475480000000000
vn 0.4006543627900774 0.2488447091944116 -0.8817893128651684
v -0.0486140000000000 0.0150470000000000 -0.1526740000000000
vn 0.1041120917268222 -0.2159026256819884 -0.9708484580921417
v -0.0123910000000000 -0.0139480000000000 -0.1433860000000000
vn -0.0417728464125194 -0.5045745053098366 -0.8623570014175854
v 0.0094890000000000 -0.0411340000000000 -0.1326630000000000
vn 0.0817027492538721 -0.3456607366976563 -0.9347958685563348
v -0.0090390000000000 -0.0278370000000000 -0.1392350000000000
vn -0.1547206680436645 -0.5216786670183202 -0.8389951628335595
v 0.0254810000000000 -0.0411780000000000 -0.1345000000000000
vn -0.0212310862461013 -0.2298254078391082 -0.9730002686990370
v 0.0022180000000000 -0.0142460000000000 -0.1427150000000000
vn 0.1348595492983938 0.0079113942196735 -0.9908331402433685
v -0.0163120000000000 0.0002490000000000 -0.1462490000000000
vn 0.0339804478522949 0.2263775370408924 -0.9734467319206823
v -0.0060990000000000 0.0141480000000000 -0.1428380000000000
vn 0.1603860918079653 0.2368545345456224 -0.9582151277347605
v -0.0206910000000000 0.0144310000000000 -0.1442590000000000
vn -0.1468663261166782 -0.2428415483288867 -0.9588838640097239
v 0.0167840000000000 -0.0145450000000000 -0.1439310000000000
vn -0.1601336175975299 -0.3758853449124737 -0.9127252773946598
v 0.0212800000000000 -0.0282510000000000 -0.1403970000000000
vn -0.2681038243974375 -0.5377853882326820 -0.7993167179203071
v 0.0410100000000000 -0.0412920000000000 -0.1384850000000000
vn -0.2689549436418914 -0.2518280673586939 -0.9296482468014299
v 0.0310860000000000 -0.0148360000000000 -0.1470180000000000
vn -0.1207751518933332 -0.0132465429461303 -0.9925915029785005
v 0.0121720000000000 -0.0004110000000000 -0.1460530000000000
vn -0.2127807437246841 0.2096760704110188 -0.9543376240078579
v 0.0232080000000000 0.0136910000000000 -0.1456310000000000
vn -0.0908467641724628 0.2165356472483189 -0.9720386715095982
v 0.0086060000000000 0.0138980000000000 -0.1433030000000000
vn -0.1514074438661977 0.8415883934376918 -0.5184638482795779
v 0.0534180000000000 0.0743710000000000 -0.1104550000000000
vn -0.3459221022327289 0.7597875950932372 -0.5505094999446644
v 0.0763710000000000 0.0638480000000000 -0.1363090000000000
vn -0.6456196724544201 0.4911906599551742 -0.5847281198237756
v 0.0894960000000000 0.0407280000000000 -0.1723230000000000
vn -0.2699400461106656 0.7555637770189528 -0.5968716364199473
v 0.0616650000000000 0.0644710000000000 -0.1276340000000000
vn -0.4099839339542038 0.6410028803901709 -0.6488670751632718
v 0.0699840000000000 0.0532710000000000 -0.1446410000000000
vn -0.1956429648754880 0.7474192461833453 -0.6348923536548919
v 0.0457110000000000 0.0650390000000000 -0.1210020000000000
vn -0.2300278748764303 0.6347713764915033 -0.7376669142417297
v 0.0401840000000000 0.0538870000000000 -0.1305450000000000
vn -0.7042783167880501 0.3333314959412512 -0.6268031320245286
v 0.0864090000000000 0.0274580000000000 -0.1779210000000000
vn -0.4635026563263752 0.5041499936501977 -0.7286961448236842
v 0.0656620000000000 0.0410110000000000 -0.1520960000000000
vn -0.5591698118774318 0.4988045032142724 -0.6622108342953326
v 0.0782240000000000 0.0408470000000000 -0.1613940000000000
vn -0.3625532259193046 0.5054491053222036 -0.7829919286330413
v 0.0518590000000000 0.0411650000000000 -0.1445140000000000
vn -0.5114696987804443 0.3470923869914220 -0.7860824524959443
v 0.0635690000000000 0.0275460000000000 -0.1583500000000000
vn -0.2617948451135697 0.5025731152677453 -0.8239440047005837
v 0.0369870000000000 0.0413000000000000 -0.1387350000000000
vn -0.2958465364105194 0.3478113497297032 -0.8896640331569561
v 0.0361540000000000 0.0277250000000000 -0.1452390000000000
vn -0.9766794927612518 0.2039734245861243 0.0670224625199107
v 0.1131500000000000 0.0142330000000000 -0.2653580000000000
vn -0.9392512683283398 0.3411026762821711 0.0381578193394934
v 0.1170370000000000 0.0283470000000000 -0.2627950000000000
vn -0.9229519574090147 0.3267091156992573 -0.2035210997264840
v 0.1140120000000000 0.0278960000000000 -0.2320250000000000
vn -0.8460759168824554 0.3212958611370085 -0.4253522216795635
v 0.1035190000000000 0.0275680000000000 -0.2030000000000000
vn -0.8216222939075106 0.4803934942018868 -0.3068532171619878
v 0.1143260000000000 0.0407760000000000 -0.2132290000000000
vn -0.8503210679264621 0.4849028407891303 -0.2045074972587378
v 0.1192320000000000 0.0409440000000000 -0.2287860000000000
vn -0.6907186515712229 0.6242163875417972 -0.3650501964057827
v 0.1139050000000000 0.0523340000000000 -0.1937910000000000
vn -0.7785134754058297 0.4798516112512466 -0.4045481427359654
v 0.1076510000000000 0.0406820000000000 -0.1984470000000000
vn -0.5731178486896154 0.6323373533534515 -0.5212344991146878
v 0.0947560000000000 0.0526360000000000 -0.1660690000000000
vn -0.7195814000302472 0.4840297555573738 -0.4979134507779219
v 0.0993430000000000 0.0406640000000000 -0.1847330000000000
vn -0.4819285434682972 0.7582866105607444 -0.4390288091171505
v 0.1019210000000000 0.0626970000000000 -0.1594330000000000
vn -0.2637785146196884 0.8600615207785519 -0.4367093721242026
v 0.0845270000000000 0.0723520000000000 -0.1274380000000000
vn -0.4175551267689252 0.7602313097617001 -0.4976907390810046
v 0.0897810000000000 0.0632260000000000 -0.1469450000000000
vn -0.5357173626698755 0.7563331762842105 -0.3754557680817679
v 0.1126790000000000 0.0622900000000000 -0.1735980000000000
vn -0.3628906360074295 0.8677561745613147 -0.3395726841323319
v 0.1106060000000000 0.0705190000000000 -0.1526840000000000
vn -0.5770331677677413 0.7564090544567015 -0.3080228329715905
v 0.1219620000000000 0.0620500000000000 -0.1891980000000000
vn -0.8654382081721737 0.4917114774711748 -0.0961068715485634
v 0.1222420000000000 0.0411690000000000 -0.2448070000000000
vn -0.7527601720597543 0.6301932758381843 -0.1902854656796128
v 0.1264960000000000 0.0524890000000000 -0.2259180000000000
vn -0.8663097265353797 0.4992172799532603 0.0170166126553903
v 0.1231680000000000 0.0414120000000000 -0.2609920000000000
vn -0.7649138441796656 0.6441117240828224 0.0051863167412303
v 0.1312160000000000 0.0529460000000000 -0.2600400000000000
vn -0.4285603280338900 0.8728743330281924 -0.2332947577123686
v 0.1314220000000000 0.0694500000000000 -0.1848160000000000
vn -0.6248492091199471 0.7637940939189365 -0.1618086770130932
v 0.1354750000000000 0.0620490000000000 -0.2235160000000000
vn -0.6064804497169779 0.7589930296858836 -0.2368777005109085
v 0.1296320000000000 0.0619760000000000 -0.2059410000000000
vn -0.6329800796601427 0.7698091835377989 -0.0820368191381581
v 0.1393030000000000 0.0622310000000000 -0.2416220000000000
vn -0.4588667760272282 0.8804484574265391 -0.1193808848752817
v 0.1457580000000000 0.0692550000000000 -0.2216400000000000
vn -0.6314200277526829 0.7754392136643342 0.0016656723688168
v 0.1408270000000000 0.0624660000000000 -0.2599380000000000
vn -0.4595187267544664 0.8881599700493120 0.0037957033550089
v 0.1515950000000000 0.0696270000000000 -0.2606380000000000
vn -0.3852573361916210 -0.2563084933857860 -0.8865002770043812
v 0.0449040000000000 -0.0151080000000000 -0.1519540000000000
vn -0.3918094086685081 -0.3945104352406572 -0.8311720061245212
v 0.0501730000000000 -0.0287590000000000 -0.1494490000000000
vn -0.5541436387771789 -0.5473522907093342 -0.6271605037452790
v 0.0826640000000000 -0.0418800000000000 -0.1625990000000000
vn -0.5119386052263222 -0.7945245458613746 -0.3265725195155040
v 0.1218050000000000 -0.0626720000000000 -0.1794990000000000
vn -0.4695341968482335 -0.5493601147696281 -0.6911881815326310
v 0.0698070000000000 -0.0416730000000000 -0.1526790000000000
vn -0.4965202982292523 -0.6801268273519591 -0.5393469126290543
v 0.0900010000000000 -0.0530910000000000 -0.1574290000000000
vn -0.3737713053398139 -0.5469571624941100 -0.7490880280053629
v 0.0558550000000000 -0.0414690000000000 -0.1446020000000000
vn -0.3334955189590653 -0.6757704192283068 -0.6573546069894255
v 0.0615630000000000 -0.0528840000000000 -0.1375150000000000
vn -0.3758335244651383 -0.8953322246946244 -0.2390175083785430
v 0.1312940000000000 -0.0696560000000000 -0.1738580000000000
vn -0.4146412489390186 -0.7949536644642907 -0.4428558524317891
v 0.0975690000000000 -0.0624960000000000 -0.1503910000000000
vn -0.4676322869668397 -0.7944527718374961 -0.3875110804943296
v 0.1105960000000000 -0.0625500000000000 -0.1642660000000000
vn -0.3493103680584663 -0.7937795678621649 -0.4978918199884525
v 0.0829540000000000 -0.0625400000000000 -0.1382060000000000
vn -0.3045547588662781 -0.8926370942828684 -0.3323332916849295
v 0.1051020000000000 -0.0697590000000000 -0.1417690000000000
vn -0.2698230752332687 -0.7863641246955414 -0.5557220271533934
v 0.0669020000000000 -0.0627700000000000 -0.1283400000000000
vn -0.1810478136179299 -0.8772479714564214 -0.4445870958088652
v 0.0717300000000000 -0.0709550000000000 -0.1167830000000000
vn -0.2244849670810677 -0.9730244976788570 0.0531961133112185
v 0.1635100000000000 -0.0746950000000000 -0.2917270000000000
vn -0.4248577448617514 -0.8997559531313751 0.0996750793109159
v 0.1516540000000000 -0.0703230000000000 -0.2892520000000000
vn -0.4335649155137622 -0.9010142943850304 -0.0139536858711236
v 0.1556140000000000 -0.0701760000000000 -0.2494050000000000
vn -0.4176873909629242 -0.8991217195084198 -0.1308333938213325
v 0.1486590000000000 -0.0699020000000000 -0.2103180000000000
vn -0.5927436190164274 -0.7987561888742534 -0.1031675959319913
v 0.1422780000000000 -0.0630690000000000 -0.2309220000000000
vn -0.6011710320758440 -0.7987985846692890 -0.0226762281520819
v 0.1442380000000000 -0.0631570000000000 -0.2492920000000000
vn -0.6977675069078562 -0.6786121365905982 -0.2293601412092748
v 0.1276770000000000 -0.0536580000000000 -0.2147680000000000
vn -0.5750379147299914 -0.7975216635157605 -0.1824570986452354
v 0.1378130000000000 -0.0629520000000000 -0.2130330000000000
vn -0.6160816671232535 -0.6770703500643958 -0.4025159878791266
v 0.1126350000000000 -0.0534090000000000 -0.1838760000000000
vn -0.5479082670124061 -0.7958617750539972 -0.2576830726830202
v 0.1309460000000000 -0.0628090000000000 -0.1958250000000000
vn -0.4419318732295530 0.2073183578623015 -0.8727630365208514
v 0.0510280000000000 0.0134000000000000 -0.1555850000000000
vn -0.4934892372363106 -0.2564611544112669 -0.8310812529530218
v 0.0580390000000000 -0.0153370000000000 -0.1586190000000000
vn -0.3291386575434649 0.2075960999980729 -0.9211794631753770
v 0.0374240000000000 0.0135210000000000 -0.1497530000000000
vn -0.3652624400725700 -0.0243822538764294 -0.9305852220877665
v 0.0399490000000000 -0.0009380000000000 -0.1530520000000000
vn -0.5935879517397471 -0.2550439000178545 -0.7632862848322995
v 0.0702640000000000 -0.0155090000000000 -0.1669320000000000
vn -0.6938201628767020 -0.5431828495331672 -0.4728276362045425
v 0.1041760000000000 -0.0422070000000000 -0.1867770000000000
vn -0.5884450976796524 -0.3932954695746025 -0.7064354468943904
v 0.0759440000000000 -0.0292150000000000 -0.1658000000000000
vn -0.6285047953973329 -0.5445433796363123 -0.5553865589450467
v 0.0941970000000000 -0.0420610000000000 -0.1740290000000000
vn -0.6848164958757993 -0.2539450790925789 -0.6830360633092921
v 0.0813510000000000 -0.0156160000000000 -0.1767000000000000
vn -0.5852883153010826 -0.0245817567112603 -0.8104525434650747
v 0.0652450000000000 -0.0012360000000000 -0.1668140000000000
vn -0.6514064800769358 0.2020891812005660 -0.7313204226298220
v 0.0753420000000000 0.0132880000000000 -0.1720830000000000
vn -0.5498971081566680 0.2061670452225582 -0.8093876203063237
v 0.0637410000000000 0.0133240000000000 -0.1630700000000000
vn -0.7668914300905213 -0.2546253820695965 -0.5891039375692775
v 0.0910800000000000 -0.0156610000000000 -0.1878010000000000
vn -0.7490553788184661 -0.5434040085647200 -0.3789830114120130
v 0.1123950000000000 -0.0423070000000000 -0.2006330000000000
vn -0.7469094719951739 -0.3902407856198266 -0.5383663900010021
v 0.0968480000000000 -0.0294760000000000 -0.1881050000000000
vn -0.7924175588677440 -0.5438228732100542 -0.2762808262830537
v 0.1186730000000000 -0.0423640000000000 -0.2154290000000000
vn -0.6004793633597291 -0.7975894496218880 0.0572328929108782
v 0.1436890000000000 -0.0632060000000000 -0.2678780000000000
vn -0.7343938978501994 -0.6777634692487466 -0.0360871521776710
v 0.1338920000000000 -0.0537660000000000 -0.2485030000000000
vn -0.5908345891541099 -0.7953637673715305 0.1353180173209022
v 0.1406210000000000 -0.0632210000000000 -0.2863890000000000
vn -0.7246186044752920 -0.6709898882883439 0.1571637612908143
v 0.1308430000000000 -0.0537350000000000 -0.2831350000000000
vn -0.8374331149531601 -0.2559900174156677 -0.4828818581841457
v 0.0992700000000000 -0.0156470000000000 -0.2000690000000000
vn -0.7731870911090520 -0.0290561693571496 -0.6335120055410245
v 0.0862810000000000 -0.0012700000000000 -0.1865170000000000
vn -0.8233207398829963 0.1882516579823720 -0.5354477309181577
v 0.0945150000000000 0.0133620000000000 -0.1942860000000000
vn -0.7434716423718859 0.1954833100839237 -0.6395593736843227
v 0.0856590000000000 0.0133030000000000 -0.1825380000000000
vn -0.8941650844614376 -0.2571233325672442 -0.3665465776399836
v 0.1057440000000000 -0.0155810000000000 -0.2133560000000000
vn -0.8612308527483516 -0.3914023322038264 -0.3241691419918812
v 0.1112290000000000 -0.0295140000000000 -0.2149590000000000
vn -0.8393401192709601 -0.5405954684212086 -0.0571375857441018
v 0.1250060000000000 -0.0423480000000000 -0.2470330000000000
vn -0.8226240572738550 -0.5432619990886427 -0.1677976779949978
v 0.1229080000000000 -0.0423740000000000 -0.2309660000000000
vn -0.9643755356630420 0.1884445854096324 -0.1856568459400633
v 0.1111550000000000 0.0138190000000000 -0.2354710000000000
vn -0.9948127280288612 -0.0147499725735957 0.1006482710276389
v 0.1106700000000000 -0.0003880000000000 -0.2683290000000000
vn -0.9630201181228034 -0.2351336269583008 0.1315463019783391
v 0.1129150000000000 -0.0150470000000000 -0.2721120000000000
vn -0.9786426456704597 0.1962449050232246 -0.0612087357127133
v 0.1131300000000000 0.0140260000000000 -0.2503650000000000
vn -0.9868772539024800 -0.0309168775176985 -0.1584848018406050
v 0.1097880000000000 -0.0007580000000000 -0.2390190000000000
vn -0.9352108640467998 -0.2554046941990255 -0.2452530977377059
v 0.1104100000000000 -0.0154770000000000 -0.2274520000000000
vn -0.9126209968700781 -0.0363211639350578 -0.4071899914318469
v 0.1014750000000000 -0.0010870000000000 -0.2110820000000000
vn -0.9341708090583207 0.1835771995812636 -0.3059809002163756
v 0.1073510000000000 0.0136300000000000 -0.2209830000000000
vn -0.8872029895189759 0.1837627535029507 -0.4232045673354742
v 0.1017740000000000 0.0134750000000000 -0.2071760000000000
vn -0.9605048592999993 -0.2505637466229809 -0.1210298481340171
v 0.1131840000000000 -0.0153420000000000 -0.2421320000000000
vn -0.8424170900827239 -0.5361151368307763 0.0539815375612211
v 0.1249570000000000 -0.0422910000000000 -0.2633390000000000
vn -0.9180734678234905 -0.3868832830474632 -0.0863853747862854
v 0.1179820000000000 -0.0293770000000000 -0.2448810000000000
vn -0.9699221575734036 -0.2433641010993826 0.0049922484156191
v 0.1140370000000000 -0.0151940000000000 -0.2571100000000000
vn -0.8315953632912454 -0.5306094654457729 0.1640205686243429
v 0.1227320000000000 -0.0422190000000000 -0.2796010000000000
vn -0.9142184656987116 -0.3741971007473373 0.1555028191634513
v 0.1166490000000000 -0.0291610000000000 -0.2758720000000000
vn 0.7852800404202914 -0.5197637074293475 0.3364237603927598
v 0.1922160000000000 -0.0407480000000000 -0.1243940000000000
vn 0.8626734345094270 -0.3679003515811902 0.3470502509697206
v 0.1964710000000000 -0.0276840000000000 -0.1177330000000000
vn 0.7727772527618672 -0.5548418548792632 0.3081652700872698
v 0.1800570000000000 -0.0410830000000000 -0.0962860000000000
vn 0.9824960150642753 -0.1456089112992165 -0.1161878880653073
v 0.2382240000000000 -0.0142530000000000 -0.2920900000000000
vn 0.9398128930302768 -0.3165782855955264 -0.1285687177483655
v 0.2345340000000000 -0.0284690000000000 -0.2943490000000000
vn 0.9465354052929057 -0.2941733090636356 0.1324114449794491
v 0.2343180000000000 -0.0280520000000000 -0.2349270000000000
vn 0.9008217730531978 -0.3039262186300086 0.3100790009377571
v 0.2194380000000000 -0.0276760000000000 -0.1762100000000000
vn 0.8642351196745697 -0.4540978363974220 0.2165474841697828
v 0.2238730000000000 -0.0409770000000000 -0.2090040000000000
vn 0.8816276794880239 -0.4584499489356419 0.1120548039196425
v 0.2293230000000000 -0.0412050000000000 -0.2377840000000000
vn 0.7451510597773273 -0.6123558931454331 0.2641404138763791
v 0.2089790000000000 -0.0524360000000000 -0.1850180000000000
vn 0.8368696771541660 -0.4627489480163147 0.2924252974174361
v 0.2152180000000000 -0.0407890000000000 -0.1805770000000000
vn 0.6846997939397582 -0.6586257620349366 0.3120870035146474
v 0.1859330000000000 -0.0524160000000000 -0.1312260000000000
vn 0.8081678140062636 -0.4862494391803779 0.3323044798089629
v 0.2043180000000000 -0.0406940000000000 -0.1524340000000000
vn 0.5587219627677441 -0.7834515246871931 0.2720909347741523
v 0.1779390000000000 -0.0621670000000000 -0.1381280000000000
vn 0.5356383422868431 -0.8078596828587052 0.2458745596511258
v 0.1650930000000000 -0.0625840000000000 -0.1129060000000000
vn 0.2054078745479078 -0.9737938407366856 0.0976379066602998
v 0.1452040000000000 -0.0746020000000000 -0.1303250000000000
vn -0.1862453262033565 -0.9681985939026589 -0.1670453867436011
v 0.1277120000000000 -0.0741510000000000 -0.1488710000000000
vn -0.1629092948932742 -0.9648665392014442 -0.2061386018357654
v 0.1124590000000000 -0.0747090000000000 -0.1312710000000000
vn 0.2190797165063245 -0.9690682700823221 0.1136255505384420
v 0.1596820000000000 -0.0740230000000000 -0.1525810000000000
vn 0.5908198854458409 -0.7622397009338293 0.2644286317365611
v 0.1903880000000000 -0.0620540000000000 -0.1635740000000000
vn 0.4056659352085087 -0.8896252399638469 0.2097667309910556
v 0.1690380000000000 -0.0695040000000000 -0.1452390000000000
vn 0.6201646156327781 -0.7525344742064516 0.2215574748183148
v 0.2010190000000000 -0.0621080000000000 -0.1894780000000000
vn 0.8831329005128323 -0.4690338685222368 -0.0091383921374015
v 0.2309900000000000 -0.0414400000000000 -0.2668390000000000
vn 0.7835651389637356 -0.6147945281139432 0.0897405215156223
v 0.2222170000000000 -0.0528490000000000 -0.2404210000000000
vn 0.8669258840818721 -0.4801460448551995 -0.1337882174138401
v 0.2285050000000000 -0.0416470000000000 -0.2959470000000000
vn 0.7626092916377918 -0.6336319374807337 -0.1301446737754452
v 0.2204570000000000 -0.0532890000000000 -0.2968340000000000
vn 0.2345758461414957 -0.9659918966421135 0.1087833996011049
v 0.1719100000000000 -0.0739010000000000 -0.1752010000000000
vn 0.0051724645007454 -0.9999438414695869 -0.0092498388112472
v 0.1502080000000000 -0.0755820000000000 -0.1599670000000000
vn -0.2146372102217602 -0.9713751089687986 -0.1017903024068326
v 0.1516240000000000 -0.0740530000000000 -0.1866450000000000
vn -0.2027982313893948 -0.9701021466092019 -0.1333218005037131
v 0.1408370000000000 -0.0740280000000000 -0.1672360000000000
vn 0.2459955859629077 -0.9652952697465259 0.0876995660864268
v 0.1816790000000000 -0.0739450000000000 -0.1984610000000000
vn 0.4547685932115896 -0.8756640769633263 0.1624744624373859
v 0.1917900000000000 -0.0694010000000000 -0.1939770000000000
vn 0.6478126256903843 -0.7589047138096954 0.0663508655071991
v 0.2133160000000000 -0.0624860000000000 -0.2427890000000000
vn 0.6404393544842180 -0.7528133568389076 0.1520180350904908
v 0.2088710000000000 -0.0622750000000000 -0.2159050000000000
vn -0.2285799964040444 -0.9735073937333625 -0.0058770392548490
v 0.1675970000000000 -0.0744790000000000 -0.2489340000000000
vn 0.0040490317999132 -0.9999914090500681 0.0008872246291695
v 0.1757630000000000 -0.0761750000000000 -0.2937660000000000
vn 0.2372729596663362 -0.9702196973406081 -0.0487368598031922
v 0.1879870000000000 -0.0745970000000000 -0.2954130000000000
vn -0.2278973823503859 -0.9733856096683655 0.0241503210824737
v 0.1670390000000000 -0.0746070000000000 -0.2703770000000000
vn 0.0080747605407038 -0.9999537879186496 0.0052173047979545
v 0.1797620000000000 -0.0759010000000000 -0.2479250000000000
vn 0.2513108752916745 -0.9662397951208923 0.0567758952802044
v 0.1883590000000000 -0.0740870000000000 -0.2222960000000000
vn 0.0080205691002497 -0.9999534939328424 0.0053554124779634
v 0.1709060000000000 -0.0755870000000000 -0.2027700000000000
vn -0.2266552279849958 -0.9732672704855649 -0.0371244909547281
v 0.1651910000000000 -0.0743220000000000 -0.2276630000000000
vn -0.2223655818287693 -0.9724778169507573 -0.0695732962899022
v 0.1598240000000000 -0.0741700000000000 -0.2068330000000000
vn 0.2512326205639017 -0.9676813719238697 0.0217929529006962
v 0.1917070000000000 -0.0742680000000000 -0.2465670000000000
vn 0.6415933766989843 -0.7666135218875307 -0.0257225005625703
v 0.2139880000000000 -0.0627070000000000 -0.2699070000000000
vn 0.4695252830453218 -0.8818796866357038 0.0428278750409503
v 0.2030090000000000 -0.0697450000000000 -0.2448320000000000
vn 0.2461491370180401 -0.9691260417893880 -0.0143289033393215
v 0.1915840000000000 -0.0744500000000000 -0.2710290000000000
vn 0.6240979528559872 -0.7727601803533605 -0.1155138472271070
v 0.2107480000000000 -0.0628970000000000 -0.2970150000000000
vn 0.4480829123576419 -0.8895991768059456 -0.0885155821269774
v 0.1997890000000000 -0.0701170000000000 -0.2965060000000000
vn -0.2456000316454430 0.9640132276440886 -0.1017797690259905
v 0.1503500000000000 0.0738370000000000 -0.2000350000000000
vn -0.2502515789238876 0.9660513748584858 -0.0641785663608224
v 0.1569370000000000 0.0737590000000000 -0.2202430000000000
vn 0.2190413851507920 0.9733914942575754 0.0673043126272535
v 0.1642300000000000 0.0746110000000000 -0.1731220000000000
vn 0.5345530770502851 0.8179799545549773 0.2125130625686558
v 0.1634220000000000 0.0658430000000000 -0.1192770000000000
vn 0.2100233109775957 0.9761394756035200 0.0551537216740026
v 0.1536090000000000 0.0756060000000000 -0.1520910000000000
vn -0.0100196741400932 0.9993248934205510 -0.0353463367285866
v 0.1529280000000000 0.0759450000000000 -0.1768230000000000
vn -0.2242318678666270 0.9575625437174435 -0.1810912595969848
v 0.1318180000000000 0.0747880000000000 -0.1625800000000000
vn -0.2371096194719168 0.9612391215850894 -0.1407067144389656
v 0.1418710000000000 0.0741650000000000 -0.1807040000000000
vn 0.1956744928417533 0.9801515757491086 0.0318493549018167
v 0.1418220000000000 0.0771500000000000 -0.1326920000000000
vn 0.3841222605977478 0.9131112760849248 0.1366670640638627
v 0.1527470000000000 0.0730580000000000 -0.1259920000000000
vn 0.5110837912712023 0.8392391222293527 0.1856638198991927
v 0.1509530000000000 0.0686660000000000 -0.0987750000000000
vn 0.1768614888025892 0.9842320895252292 -0.0026847210903335
v 0.1291130000000000 0.0792430000000000 -0.1151800000000000
vn -0.0123526510330328 0.9954847378249255 -0.0941145513196306
v 0.1309410000000000 0.0780180000000000 -0.1393180000000000
vn -0.1829260627998732 0.9463083487255458 -0.2665306073997274
v 0.1077930000000000 0.0769390000000000 -0.1311290000000000
vn -0.2061405004698892 0.9527432730330231 -0.2231285498459263
v 0.1204090000000000 0.0757240000000000 -0.1459700000000000
vn -0.0100393352552995 0.9999491014732869 -0.0010031003927884
v 0.1686510000000000 0.0753860000000000 -0.2192770000000000
vn -0.2509424503506074 0.9676199475274557 -0.0271941861249217
v 0.1613440000000000 0.0738760000000000 -0.2410090000000000
vn -0.0072271503754093 0.9998882074269734 0.0130897267322522
v 0.1750960000000000 0.0757090000000000 -0.2640160000000000
vn -0.2478102754938666 0.9687698615322006 0.0086615672100914
v 0.1631420000000000 0.0740920000000000 -0.2620210000000000
vn 0.2319993324469389 0.9718630231524312 0.0407255935891902
v 0.1852860000000000 0.0741020000000000 -0.2424600000000000
vn 0.2337079940789758 0.9722134183722642 0.0134774864310199
v 0.1870850000000000 0.0743120000000000 -0.2664320000000000
vn 0.4454165971233074 0.8952802940629533 0.0087892018775929
v 0.1987350000000000 0.0700430000000000 -0.2692350000000000
vn 0.4364754873708198 0.8931795172859807 0.1082566340931955
v 0.1922220000000000 0.0697250000000000 -0.2185470000000000
vn 0.2291136475222203 0.9715707672232731 0.0596421059004839
v 0.1805270000000000 0.0739840000000000 -0.2186740000000000
vn 0.4162074504183432 0.8965284697387805 0.1516840834237488
v 0.1754840000000000 0.0702690000000000 -0.1696620000000000
vn 0.2250371302939886 0.9719294274723750 0.0686402068926635
v 0.1733660000000000 0.0741210000000000 -0.1954570000000000
vn 0.5889392455409606 0.7862328731726201 0.1870519558956044
v 0.1958970000000000 0.0627650000000000 -0.1923890000000000
vn 0.6038072089327257 0.7843793225098717 0.1420068056813700
v 0.2033620000000000 0.0627500000000000 -0.2188610000000000
vn 0.6949916558513861 0.6725427068228897 0.2543086821095359
v 0.1964170000000000 0.0535670000000000 -0.1643300000000000
vn 0.5724446950181531 0.7917353526960972 0.2132186728144609
v 0.1863450000000000 0.0630890000000000 -0.1665540000000000
vn 0.6525335882330011 0.7109218149762981 0.2622786480416776
v 0.1735040000000000 0.0558350000000000 -0.1128130000000000
vn 0.5543833140989373 0.8022245764247669 0.2215736221412254
v 0.1753560000000000 0.0640640000000000 -0.1420440000000000
vn 0.7548696611458720 0.5861707328515938 0.2942374324074724
v 0.1825960000000000 0.0435290000000000 -0.1071270000000000
vn 0.7337612435384033 0.6249470645647940 0.2665250531804154
v 0.1708130000000000 0.0461650000000000 -0.0822720000000000
vn 0.9244209237390015 0.2561648878746803 0.2825340793137767
v 0.1845510000000000 0.0157550000000000 -0.0714470000000000
vn 0.9210775838933710 -0.2389569439479975 0.3074339984259768
v 0.1870560000000000 -0.0141210000000000 -0.0806180000000000
vn 0.9184820075192195 0.2230597109118736 0.3265504053456000
v 0.1953040000000000 0.0153990000000000 -0.1036080000000000
vn 0.7757158092028452 0.5554759189338110 0.2995187587404390
v 0.1942990000000000 0.0424590000000000 -0.1345790000000000
vn 0.8485150425480528 0.4267580770554660 0.3128893833890773
v 0.1900110000000000 0.0298670000000000 -0.1039120000000000
vn 0.7953393331110623 0.5368051332478774 0.2815592195705539
v 0.2053030000000000 0.0420750000000000 -0.1631530000000000
vn 0.6142983461751454 0.7852145736473495 0.0779462328678709
v 0.2081800000000000 0.0628830000000000 -0.2455870000000000
vn 0.7337133311335889 0.6597262763458921 0.1625607210110606
v 0.2135520000000000 0.0534320000000000 -0.2197820000000000
vn 0.6177361020938849 0.7863846633319487 -0.0011266970095129
v 0.2096600000000000 0.0630490000000000 -0.2723180000000000
vn 0.7519466926149107 0.6590425573050845 -0.0154621837484689
v 0.2194430000000000 0.0536690000000000 -0.2756460000000000
vn 0.9174503056865667 0.2141486447196670 0.3352988138367851
v 0.2068270000000000 0.0152480000000000 -0.1344660000000000
vn 0.9405322344037023 0.0005251949772300 0.3397040479856178
v 0.1982060000000000 0.0007390000000000 -0.1062690000000000
vn 0.9224315161444017 -0.1642705870824451 0.3494785719370060
v 0.2102870000000000 -0.0136000000000000 -0.1419400000000000
vn 0.9164401941712041 -0.1990569607057035 0.3471508273100519
v 0.1984950000000000 -0.0136970000000000 -0.1115140000000000
vn 0.9257488897283027 0.2143421225331835 0.3115227883715484
v 0.2177960000000000 0.0152890000000000 -0.1652750000000000
vn 0.8738255590432854 0.3829253480019651 0.2996615928347571
v 0.2125570000000000 0.0291650000000000 -0.1634670000000000
vn 0.8344298982259529 0.5232338477242976 0.1730695973943796
v 0.2223740000000000 0.0421080000000000 -0.2212770000000000
vn 0.8152002492811919 0.5270921898515988 0.2400466141592682
v 0.2149530000000000 0.0420350000000000 -0.1921640000000000
vn 0.9808616422693247 -0.1239274785525074 0.1501746276317712
v 0.2369010000000000 -0.0138990000000000 -0.2319030000000000
vn 0.9947061935249292 0.0297468821729029 -0.0983601116517142
v 0.2394010000000000 0.0004620000000000 -0.2892820000000000
vn 0.9761552175815416 0.2029952679662912 -0.0769019659802458
v 0.2379350000000000 0.0151370000000000 -0.2860570000000000
vn 0.9908098683605937 -0.1333298201791626 0.0227807772091996
v 0.2396550000000000 -0.0140820000000000 -0.2619770000000000
vn 0.9852016506667374 0.0492234078812434 0.1641790596881728
v 0.2369450000000000 0.0007160000000000 -0.2288440000000000
vn 0.9411598556675504 0.2181255530836883 0.2581460229633040
v 0.2273340000000000 0.0152920000000000 -0.1957020000000000
vn 0.9472695117488967 0.0370551494849377 0.3182882153138184
v 0.2208000000000000 0.0008630000000000 -0.1681970000000000
vn 0.9599993352686721 -0.1236237902305888 0.2512338248977059
v 0.2305390000000000 -0.0137350000000000 -0.2019460000000000
vn 0.9379760483692058 -0.1378574483657694 0.3181135907435717
v 0.2213200000000000 -0.0136170000000000 -0.1720190000000000
vn 0.9605786351448951 0.2177461332102670 0.1728447487635865
v 0.2343870000000000 0.0152680000000000 -0.2259430000000000
vn 0.8494749266500989 0.5215976881022925 0.0795499890581578
v 0.2268730000000000 0.0421810000000000 -0.2502430000000000
vn 0.9096400703585299 0.3761945219170859 0.1761607904095111
v 0.2294460000000000 0.0292310000000000 -0.2233500000000000
vn 0.9754388017811002 0.2126282693271360 0.0575183715242192
v 0.2381700000000000 0.0152080000000000 -0.2560320000000000
vn 0.8542547593692380 0.5187664560932478 -0.0336180030260248
v 0.2276670000000000 0.0422440000000000 -0.2790970000000000
vn 0.9286951378598343 0.3668265431336428 -0.0544392153518521
v 0.2339510000000000 0.0292400000000000 -0.2826110000000000
vn 0.1776039369928692 -0.9831892924462974 0.0423751906613089
v 0.1125760000000000 -0.0830810000000000 0.0982250000000000
vn 0.3418731475474721 -0.9373128345857596 -0.0675825503128788
v 0.1258090000000000 -0.0793260000000000 0.0912260000000000
vn 0.3953474081578068 -0.9173328440982194 -0.0469135375086610
v 0.1094010000000000 -0.0830170000000000 0.0481290000000000
vn 0.5336586315333517 -0.8213894978076549 0.2013150711726248
v 0.1529920000000000 -0.0634370000000000 -0.0877380000000000
vn 0.3751194835123373 -0.9166745605067674 0.1378155405212408
v 0.1420720000000000 -0.0710140000000000 -0.0977850000000000
vn 0.4429043874688494 -0.8950167157334339 0.0527331216464644
v 0.1228200000000000 -0.0746410000000000 -0.0497090000000000
vn 0.4704281462983045 -0.8822300350344303 -0.0191709272986148
v 0.1122280000000000 -0.0791840000000000 -0.0011720000000000
vn 0.4478631086323243 -0.8890139629969567 -0.0952512966979278
v 0.1240060000000000 -0.0774840000000000 0.0654820000000000
vn 0.5201872776679830 -0.8500027197797184 -0.0830696847198441
v 0.1237070000000000 -0.0748510000000000 0.0397070000000000
vn 0.4885272000532383 -0.8600608545355307 -0.1470935121062646
v 0.1381120000000000 -0.0725430000000000 0.0835350000000000
vn 0.6098015949555757 -0.7678599035012920 -0.1962987095847107
v 0.1496490000000000 -0.0627260000000000 0.0748700000000000
vn 0.5700061154541752 -0.8171644101358644 0.0856466879228051
v 0.1344260000000000 -0.0666770000000000 -0.0370930000000000
vn 0.7704435149232011 -0.5852817935701068 0.2527093437689672
v 0.1689500000000000 -0.0419110000000000 -0.0679880000000000
vn 0.5510192553776366 -0.8214917853192011 0.1467277303584654
v 0.1425180000000000 -0.0647310000000000 -0.0624690000000000
vn 0.6641400867416264 -0.7084034604760253 0.2389194055919634
v 0.1618530000000000 -0.0535390000000000 -0.0779160000000000
vn 0.6783627789808783 -0.7297969053625066 0.0849730369979121
v 0.1444250000000000 -0.0570520000000000 -0.0242780000000000
vn 0.5759694965811146 -0.8172019670276361 0.0209781813859000
v 0.1285740000000000 -0.0690630000000000 -0.0116170000000000
vn 0.6344947971788553 -0.7679979602254190 -0.0871520822617508
v 0.1370580000000000 -0.0640840000000000 0.0296660000000000
vn 0.5612563598053522 -0.8266203736918472 -0.0411102952506543
v 0.1250650000000000 -0.0718770000000000 0.0139800000000000
vn 0.7731314171531009 -0.6317534870376407 0.0561724436589637
v 0.1531440000000000 -0.0464290000000000 -0.0109050000000000
vn 0.9311807695028285 -0.2851383810877490 0.2271529839970806
v 0.1772920000000000 -0.0148570000000000 -0.0480010000000000
vn 0.7748075752286394 -0.6096616861519084 0.1672897181739751
v 0.1596530000000000 -0.0434420000000000 -0.0394950000000000
vn 0.8588188131192385 -0.4483237077757800 0.2478630655798467
v 0.1740820000000000 -0.0290240000000000 -0.0582230000000000
vn 0.8546960775280810 -0.5191286984561968 -0.0000974540284718
v 0.1606280000000000 -0.0347840000000000 0.0036490000000000
vn 0.6862471834793166 -0.7110930194492556 -0.1530082378738020
v 0.1485270000000000 -0.0564570000000000 0.0464240000000000
vn 0.7454415528929966 -0.6638548334364394 -0.0601136535535372
v 0.1495270000000000 -0.0508570000000000 0.0178050000000000
vn 0.7156184383997670 -0.6621207314234121 -0.2224553610089104
v 0.1600840000000000 -0.0502170000000000 0.0654940000000000
vn 0.8147996539156024 -0.5312345442150922 -0.2321451765848214
v 0.1689310000000000 -0.0346320000000000 0.0549310000000000
vn 0.1539071330665593 0.9870608754701744 -0.0449824688882836
v 0.1156350000000000 0.0818500000000000 -0.0998090000000000
vn 0.3247560069446124 0.9435212207583963 0.0655838542019027
v 0.1269470000000000 0.0788310000000000 -0.0904140000000000
vn 0.3774656435870641 0.9249763770425499 0.0440271487226017
v 0.1114150000000000 0.0822280000000000 -0.0520700000000000
vn 0.5441387888506053 0.8146986116561900 -0.2004473762204758
v 0.1510510000000000 0.0646380000000000 0.0888000000000000
vn 0.3923734883344393 0.9097136218963837 -0.1358829341323878
v 0.1382490000000000 0.0729650000000000 0.0967200000000000
vn 0.4667367955607771 0.8828107315532387 -0.0529336936562422
v 0.1205600000000000 0.0762780000000000 0.0460370000000000
vn 0.4751631249935866 0.8797713872890014 0.0149100889975645
v 0.1121840000000000 0.0796450000000000 -0.0035040000000000
vn 0.4339591615364331 0.8959248258768481 0.0948585921049613
v 0.1250450000000000 0.0771260000000000 -0.0652020000000000
vn 0.5111028582839148 0.8553847000149500 0.0842073823031337
v 0.1242760000000000 0.0747830000000000 -0.0398450000000000
vn 0.4779877201341416 0.8662653456910133 0.1453000008802289
v 0.1381950000000000 0.0725330000000000 -0.0807930000000000
vn 0.6044642729520702 0.7727539631070260 0.1935826831793336
v 0.1491150000000000 0.0630150000000000 -0.0707440000000000
vn 0.5832251942729946 0.8079543564962064 -0.0840126810905883
v 0.1332590000000000 0.0675490000000000 0.0370620000000000
vn 0.7692668044727978 0.5856537920346256 -0.2554177351157784
v 0.1687790000000000 0.0423030000000000 0.0721250000000000
vn 0.5649646252633095 0.8123340113760366 -0.1446666034812650
v 0.1407730000000000 0.0658430000000000 0.0629400000000000
vn 0.6677929810357531 0.7047141944277704 -0.2396464868330038
v 0.1609810000000000 0.0542420000000000 0.0807610000000000
vn 0.6828993807291928 0.7256889667951107 -0.0838090643756980
v 0.1438810000000000 0.0575600000000000 0.0268230000000000
vn 0.5831232801384795 0.8121474136246012 -0.0195912915197370
v 0.1280200000000000 0.0696420000000000 0.0113010000000000
vn 0.6309793242115903 0.7707686616557443 0.0882086312494278
v 0.1369210000000000 0.0643140000000000 -0.0271470000000000
vn 0.5600612075743856 0.8273514402496837 0.0426736228494251
v 0.1250940000000000 0.0721220000000000 -0.0143310000000000
vn 0.9033444640592944 -0.4151034020198427 -0.1079719634209699
v 0.1674900000000000 -0.0233380000000000 0.0206230000000000
vn 0.9786480890637057 -0.0273876117234721 0.2037101776938048
v 0.1782820000000000 0.0003660000000000 -0.0389270000000000
vn 0.9141860636373065 0.3423881625099469 0.2168736665074597
v 0.1751900000000000 0.0171950000000000 -0.0394580000000000
vn 0.9398545558375755 -0.3265864493201982 0.1000734979491534
v 0.1701860000000000 -0.0166570000000000 -0.0137580000000000
vn 0.9145086308292271 -0.3364111985706870 -0.2247253203693038
v 0.1756400000000000 -0.0168530000000000 0.0449940000000000
vn 0.9767442138311344 0.0333116599458509 -0.2118043296513352
v 0.1786060000000000 -0.0000820000000000 0.0444600000000000
vn 0.9373869419668523 0.3314495069099297 -0.1069903986308926
v 0.1701900000000000 0.0169490000000000 0.0193470000000000
vn 0.7729936357076898 0.6317622304567041 -0.0579424138587400
v 0.1528550000000000 0.0467820000000000 0.0151550000000000
vn 0.9281210020079714 0.2892046626467963 -0.2344185759172513
v 0.1775720000000000 0.0151030000000000 0.0533770000000000
vn 0.7750591030755610 0.6087796617563394 -0.1693242751986368
v 0.1594030000000000 0.0438220000000000 0.0437200000000000
vn 0.8559454962975569 0.4507315177531671 -0.2533740441952482
v 0.1742430000000000 0.0292920000000000 0.0631660000000000
vn 0.8526765313632044 0.5224184411762379 -0.0046588819907472
v 0.1603780000000000 0.0351070000000000 0.0015520000000000
vn 0.6824845813503074 0.7151284044253933 0.1510170897716112
v 0.1481010000000000 0.0567610000000000 -0.0422010000000000
vn 0.7435808303407507 0.6660937619276525 0.0583665064127337
v 0.1491740000000000 0.0511840000000000 -0.0135540000000000
vn 0.9014752682372364 0.4208441375948156 0.1011560804335491
v 0.1671810000000000 0.0236750000000000 -0.0150280000000000
vn 0.7127807696870824 0.6666963787162181 0.2178520437612909
v 0.1593630000000000 0.0506050000000000 -0.0605330000000000
vn 0.8131769877570684 0.5364989870805811 0.2256369283691192
v 0.1682840000000000 0.0350190000000000 -0.0495410000000000
vn -0.1776054108016064 -0.9831891065729581 -0.0423733261647128
v -0.1125760000000000 -0.0830810000000000 -0.0964130000000000
vn -0.3418743527471971 -0.9373122828182178 0.0675841062069052
v -0.1258090000000000 -0.0793260000000000 -0.0894140000000000
vn -0.3953485277921640 -0.9173323884382732 0.0469130119977552
v -0.1094010000000000 -0.0830170000000000 -0.0463170000000000
vn -0.5336597498279824 -0.8213892799285886 -0.2013129956856484
v -0.1529920000000000 -0.0634370000000000 0.0895490000000000
vn -0.3751157394077484 -0.9166762661689791 -0.1378143863719501
v -0.1420720000000000 -0.0710140000000000 0.0995970000000000
vn -0.4429041799242227 -0.8950167911362531 -0.0527335850271570
v -0.1228200000000000 -0.0746410000000000 0.0515200000000000
vn -0.4704278340212694 -0.8822302003424015 0.0191709828090045
v -0.1122280000000000 -0.0791840000000000 0.0029840000000000
vn -0.4478626412108917 -0.8890141945957520 0.0952513328771337
v -0.1240060000000000 -0.0774840000000000 -0.0636710000000000
vn -0.5201866692288643 -0.8500030839911528 0.0830697680393388
v -0.1237070000000000 -0.0748510000000000 -0.0378960000000000
vn -0.4885272164532647 -0.8600605562017226 0.1470952019965603
v -0.1381120000000000 -0.0725430000000000 -0.0817240000000000
vn -0.6098015662194510 -0.7678592460628559 0.1963013705303323
v -0.1496490000000000 -0.0627260000000000 -0.0730590000000000
vn -0.5700055825093366 -0.8171647569143327 -0.0856469261872915
v -0.1344260000000000 -0.0666770000000000 0.0389040000000000
vn -0.7704453464545233 -0.5852772714655696 -0.2527142331416804
v -0.1689500000000000 -0.0419110000000000 0.0697990000000000
vn -0.5510192553776366 -0.8214917853192011 -0.1467277303584653
v -0.1425180000000000 -0.0647310000000000 0.0642800000000000
vn -0.6641397699566147 -0.7084049476180055 -0.2389158767271559
v -0.1618530000000000 -0.0535390000000000 0.0797270000000000
vn -0.6783647840294188 -0.7297949043641235 -0.0849742158120895
v -0.1444250000000000 -0.0570520000000000 0.0260890000000000
vn -0.5759693881161752 -0.8172020410949232 -0.0209782740798768
v -0.1285740000000000 -0.0690630000000000 0.0134280000000000
vn -0.6344950363912129 -0.7679977709066896 0.0871520090260078
v -0.1370580000000000 -0.0640840000000000 -0.0278540000000000
vn -0.5612563460494808 -0.8266203824283349 0.0411103073841440
v -0.1250650000000000 -0.0718770000000000 -0.0121690000000000
vn -0.7731319675948143 -0.6317527896048221 -0.0561727114308759
v -0.1531440000000000 -0.0464290000000000 0.0127170000000000
vn -0.9311803896379292 -0.2851429906007906 -0.2271487549272326
v -0.1772920000000000 -0.0148570000000000 0.0498120000000000
vn -0.7748103433314844 -0.6096571599414821 -0.1672933925731486
v -0.1596530000000000 -0.0434420000000000 0.0413070000000000
vn -0.8588189212170900 -0.4483215660471249 -0.2478665648621598
v -0.1740820000000000 -0.0290240000000000 0.0600350000000000
vn -0.8546955854639137 -0.5191295083744553 0.0000986072725753
v -0.1606280000000000 -0.0347840000000000 -0.0018380000000000
vn -0.6862504975517675 -0.7110899470373211 0.1530076528557038
v -0.1485270000000000 -0.0564570000000000 -0.0446130000000000
vn -0.7454426660790955 -0.6638536103868318 0.0601133559640332
v -0.1495270000000000 -0.0508570000000000 -0.0159940000000000
vn -0.7156160118256057 -0.6621219162766836 0.2224596403955265
v -0.1600840000000000 -0.0502170000000000 -0.0636830000000000
vn -0.8147974706877879 -0.5312359811106434 0.2321495512254884
v -0.1689310000000000 -0.0346320000000000 -0.0531200000000000
vn -0.1539045917434378 0.9870612010787313 0.0449840189989539
v -0.1156350000000000 0.0818500000000000 0.1016210000000000
vn -0.3247556913710320 0.9435213900883893 -0.0655829807785251
v -0.1269470000000000 0.0788310000000000 0.0922250000000000
vn -0.3774641734028316 0.9249770079182916 -0.0440264990641043
v -0.1114150000000000 0.0822280000000000 0.0538820000000000
vn -0.5441387646524396 0.8146986662413231 0.2004472200533749
v -0.1510510000000000 0.0646380000000000 -0.0869880000000000
vn -0.3923714954807861 0.9097150144321356 0.1358793658025786
v -0.1382490000000000 0.0729650000000000 -0.0949090000000000
vn -0.4667371755411462 0.8828105027829868 0.0529341585738684
v -0.1205600000000000 0.0762780000000000 -0.0442260000000000
vn -0.4751627704451684 0.8797715692863624 -0.0149106491570162
v -0.1121840000000000 0.0796450000000000 0.0053160000000000
vn -0.4339567428929753 0.8959260032273938 -0.0948585369838067
v -0.1250450000000000 0.0771260000000000 0.0670130000000000
vn -0.5111017067264366 0.8553854180965346 -0.0842070774290407
v -0.1242760000000000 0.0747830000000000 0.0416560000000000
vn -0.4779925748110397 0.8662629741180760 -0.1452981696292775
v -0.1381950000000000 0.0725330000000000 0.0826040000000000
vn -0.6044663530118750 0.7727525779411764 -0.1935817175298061
v -0.1491150000000000 0.0630150000000000 0.0725560000000000
vn -0.5832243327978895 0.8079550538616252 0.0840119549344904
v -0.1332590000000000 0.0675490000000000 -0.0352510000000000
vn -0.7692666484541520 0.5856565191270592 0.2554119519131648
v -0.1687790000000000 0.0423030000000000 -0.0703140000000000
vn -0.5649648153872763 0.8123335277414655 0.1446685766900560
v -0.1407730000000000 0.0658430000000000 -0.0611290000000000
vn -0.6677959537036845 0.7047101790813411 0.2396500108828092
v -0.1609810000000000 0.0542420000000000 -0.0789500000000000
vn -0.6828987850592872 0.7256894121423492 0.0838100618603829
v -0.1438810000000000 0.0575600000000000 -0.0250120000000000
vn -0.5831236066478926 0.8121472013322347 0.0195903736098265
v -0.1280200000000000 0.0696420000000000 -0.0094890000000000
vn -0.6309801774753899 0.7707678318867691 -0.0882097781523935
v -0.1369210000000000 0.0643140000000000 0.0289580000000000
vn -0.5600612114860490 0.8273514000939842 -0.0426743500396092
v -0.1250940000000000 0.0721220000000000 0.0161420000000000
vn -0.9033444640592944 -0.4151034020198427 0.1079719634209699
v -0.1674900000000000 -0.0233380000000000 -0.0188120000000000
vn -0.9145073508885748 -0.3364119366750690 0.2247294240487667
v -0.1756400000000000 -0.0168530000000000 -0.0431830000000000
vn -0.9767440837605229 0.0333127227722801 0.2118047623173613
v -0.1786060000000000 -0.0000820000000000 -0.0426490000000000
vn -0.9786487008707462 -0.0273828929871701 -0.2037078728367019
v -0.1782820000000000 0.0003660000000000 0.0407380000000000
vn -0.9141862288789182 0.3423873725487649 -0.2168742171105073
v -0.1751900000000000 0.0171950000000000 0.0412700000000000
vn -0.9398539158641868 -0.3265885518198184 -0.1000726468870892
v -0.1701860000000000 -0.0166570000000000 0.0155690000000000
vn -0.9373880454571275 0.3314468625644912 0.1069889224649992
v -0.1701900000000000 0.0169490000000000 -0.0175350000000000
vn -0.7729926457883657 0.6317633820815107 0.0579430635886066
v -0.1528550000000000 0.0467820000000000 -0.0133440000000000
vn -0.9281229760985460 0.2891967988751817 0.2344204614753702
v -0.1775720000000000 0.0151030000000000 -0.0515660000000000
vn -0.7750576718043722 0.6087817184293349 0.1693234321746755
v -0.1594030000000000 0.0438220000000000 -0.0419080000000000
vn -0.8559453636510095 0.4507337830194641 0.2533704625430989
v -0.1742430000000000 0.0292920000000000 -0.0613540000000000
vn -0.8526760409167803 0.5224192513618445 0.0046577948661622
v -0.1603780000000000 0.0351070000000000 0.0002600000000000
vn -0.6824868057734388 0.7151267763525894 -0.1510147465935764
v -0.1481010000000000 0.0567610000000000 0.0440120000000000
vn -0.7435805807973468 0.6660938597469993 -0.0583685691826104
v -0.1491740000000000 0.0511840000000000 0.0153660000000000
vn -0.9014760521320916 0.4208422525350087 -0.1011569370512886
v -0.1671810000000000 0.0236750000000000 0.0168400000000000
vn -0.7127807051527748 0.6666969739571919 -0.2178504332753008
v -0.1593630000000000 0.0506050000000000 0.0623450000000000
vn -0.8131765954333586 0.5364997564095448 -0.2256365130290554
v -0.1682840000000000 0.0350190000000000 0.0513520000000000
vn -0.0685760724099572 -0.8866817881841033 0.4572665839479911
v 0.0307280000000000 -0.0839340000000000 0.0924410000000000
vn -0.0782462644772488 -0.9012287334884680 0.4262209427399461
v 0.0506800000000000 -0.0834090000000000 0.0966710000000000
vn -0.0153855069824213 -0.9678084500136043 0.2512172172785113
v 0.0164720000000000 -0.0963680000000000 0.0580880000000000
vn -0.0456122107668468 -0.9639811488195562 0.2620302863210457
v -0.0047040000000000 -0.0958490000000000 0.0575440000000000
vn -0.0387780071638206 -0.9323302251984483 0.3595227633152221
v 0.0136810000000000 -0.0909230000000000 0.0748860000000000
vn -0.0300279151514990 -0.8820317189516861 0.4702322522698632
v -0.0102690000000000 -0.0829980000000000 0.0897990000000000
vn -0.0524440091098685 -0.8803503746767503 0.4714157864507608
v 0.0105210000000000 -0.0837920000000000 0.0900690000000000
vn -0.2445813725717242 -0.9696264838617160 -0.0021057029459727
v -0.1176390000000000 -0.0776890000000000 0.0874420000000000
vn -0.0146712342435311 -0.9974781148346754 0.0694418124161065
v -0.1199140000000000 -0.0770520000000000 0.1212360000000000
vn -0.2056909559768498 -0.9768437460482879 -0.0588857065481729
v -0.1298980000000000 -0.0757730000000000 0.1100120000000000
vn 0.1258376791375660 -0.9575747774743025 0.2592593760200601
v -0.0952310000000000 -0.0757930000000000 0.1168740000000000
vn 0.0724508568817664 -0.9340764144319269 0.3496457140293484
v -0.0753810000000000 -0.0774840000000000 0.1046450000000000
vn -0.0332337735019586 -0.9635564315545116 0.2654327024101520
v -0.0748370000000000 -0.0831490000000000 0.0876970000000000
vn -0.0422394062188789 -0.9355313781675212 0.3507091002900480
v -0.0291530000000000 -0.0886190000000000 0.0759340000000000
vn 0.0329540926483963 -0.9079528700303131 0.4177745966205202
v -0.0532640000000000 -0.0796890000000000 0.0965630000000000
vn -0.0014339066734154 -0.8913729978553722 0.4532682678127585
v -0.0313700000000000 -0.0816050000000000 0.0917300000000000
vn -0.1161375545099635 -0.9747793964196098 0.1905707132490882
v -0.0704450000000000 -0.0879960000000000 0.0679890000000000
vn -0.1651921297067186 -0.9795307370392641 0.1150264990264185
v -0.0937020000000000 -0.0833410000000000 0.0769580000000000
vn -0.3468189820240166 -0.9377185846299628 0.0200112405263679
v -0.1028870000000000 -0.0829780000000000 0.0411080000000000
vn -0.3042518233975104 -0.9524729729918380 0.0150354141738536
v -0.1093120000000000 -0.0803560000000000 0.0642700000000000
vn -0.1680220509029949 -0.9760888385448648 0.1379100057228925
v -0.0660780000000000 -0.0919810000000000 0.0475590000000000
vn -0.0694401921648789 -0.9639228602813367 0.2569645484092142
v -0.0262260000000000 -0.0942700000000000 0.0586340000000000
vn -0.0902259117024860 -0.9678387668177529 0.2348348489942379
v -0.0479790000000000 -0.0916290000000000 0.0618820000000000
vn -0.0809283972824340 -0.9815576830699910 0.1731909620031235
v -0.0236030000000000 -0.0984950000000000 0.0402580000000000
vn -0.1949657031431383 -0.9764735289325496 0.0921293758359133
v -0.0627510000000000 -0.0950400000000000 0.0268340000000000
vn -0.2647459503269049 -0.9619451218986274 0.0676103855996909
v -0.0829040000000000 -0.0897710000000000 0.0328880000000000
vn -0.3657804692332622 -0.9301850090926277 0.0309918890492777
v -0.0953140000000000 -0.0872710000000000 -0.0054440000000000
vn -0.3684676183232102 -0.9292301452977825 0.0276215733998443
v -0.0982210000000000 -0.0853450000000000 0.0179640000000000
vn -0.2004137192671012 -0.9785866583032898 0.0469307289558541
v -0.0604620000000000 -0.0969860000000000 0.0055330000000000
vn -0.1348471472967444 -0.9858624699603417 0.0994557046610418
v -0.0423470000000000 -0.0988190000000000 0.0229440000000000
vn -0.0788831012471141 -0.9923100942654099 0.0953841347217175
v -0.0217060000000000 -0.1012550000000000 0.0210070000000000
vn -0.1850210004040718 -0.9827119413864902 -0.0066685580054268
v -0.0592120000000000 -0.0977300000000000 -0.0160480000000000
vn -0.2693532935462141 -0.9628530670503360 0.0190466408473520
v -0.0777090000000000 -0.0933440000000000 -0.0118790000000000
vn -0.2674918004039925 -0.9633740436188319 -0.0189364410101647
v -0.0939710000000000 -0.0885850000000000 -0.0534030000000000
vn -0.3345950195148027 -0.9421681110868728 0.0191160499811764
v -0.0939760000000000 -0.0884920000000000 -0.0291240000000000
vn -0.1633378329978469 -0.9816005234228582 -0.0988997711197472
v -0.0772190000000000 -0.0918830000000000 -0.0588810000000000
vn 0.0990857283496710 -0.9202987235254939 -0.3784604046855650
v -0.0701680000000000 -0.0822670000000000 -0.1013190000000000
vn -0.1610511271175630 -0.9835973544348384 -0.0812328677503718
v -0.0951470000000000 -0.0871040000000000 -0.0782020000000000
vn 0.1425940065983726 -0.9330546710107291 -0.3302664533180493
v -0.0884180000000000 -0.0804440000000000 -0.1125480000000000
vn -0.0128107540324799 -0.9836319289327570 -0.1797334497669896
v -0.0991420000000000 -0.0837030000000000 -0.1033000000000000
vn -0.0855172147420968 -0.9815332982121912 -0.1711116316427725
v -0.0583960000000000 -0.0942160000000000 -0.0603030000000000
vn -0.1484159443306709 -0.9858805107853071 -0.0775391895891192
v -0.0587660000000000 -0.0968530000000000 -0.0382360000000000
vn -0.1107097343426071 -0.9932288096439178 -0.0352120208893957
v -0.0398320000000000 -0.1005780000000000 -0.0181600000000000
vn -0.0256340736876367 -0.9744435072856229 -0.2231652871193702
v -0.0376280000000000 -0.0958140000000000 -0.0582090000000000
vn 0.0029261898229400 -0.9537768196786384 -0.3005016067458245
v -0.0557050000000000 -0.0897460000000000 -0.0792830000000000
vn 0.0685785636852132 -0.8866748775100057 -0.4572796105179954
v -0.0307280000000000 -0.0839340000000000 -0.0906300000000000
vn 0.0782364755350944 -0.9012282591168332 -0.4262237427280288
v -0.0506800000000000 -0.0834090000000000 -0.0948590000000000
vn 0.0153833589831979 -0.9678100268493730 -0.2512112740229031
v -0.0164720000000000 -0.0963680000000000 -0.0562760000000000
vn -0.0140393838464235 -0.9883852800894886 -0.1513189803152135
v -0.0184720000000000 -0.1000880000000000 -0.0380630000000000
vn 0.0456122451492557 -0.9639813785095157 -0.2620294353299609
v 0.0047040000000000 -0.0958490000000000 -0.0557320000000000
vn 0.0387872280863463 -0.9323295854029687 -0.3595234277758628
v -0.0136810000000000 -0.0909230000000000 -0.0730750000000000
vn 0.0300249626546338 -0.8820346454013711 -0.4702269515130597
v 0.0102690000000000 -0.0829980000000000 -0.0879880000000000
vn 0.0524433713289757 -0.8803510882055434 -0.4714145249130181
v -0.0105210000000000 -0.0837920000000000 -0.0882570000000000
vn 0.2445820717825564 -0.9696263044891181 0.0021070845565004
v 0.1176390000000000 -0.0776890000000000 -0.0856300000000000
vn 0.0146697332674001 -0.9974780694083589 -0.0694427820240254
v 0.1199140000000000 -0.0770520000000000 -0.1194250000000000
vn 0.2056920606844359 -0.9768435993872345 0.0588842806492735
v 0.1298980000000000 -0.0757730000000000 -0.1082000000000000
vn -0.1258364675669892 -0.9575739389344343 -0.2592630612020430
v 0.0952310000000000 -0.0757930000000000 -0.1150620000000000
vn -0.0724561142674808 -0.9340774932337524 -0.3496417425585893
v 0.0753810000000000 -0.0774840000000000 -0.1028340000000000
vn 0.0332315880486097 -0.9635573353799002 -0.2654296950067085
v 0.0748370000000000 -0.0831490000000000 -0.0858850000000000
vn 0.0422426456362635 -0.9355336431395882 -0.3507026681444247
v 0.0291530000000000 -0.0886190000000000 -0.0741220000000000
vn -0.0329532910055571 -0.9079522279594692 -0.4177760552680575
v 0.0532640000000000 -0.0796890000000000 -0.0947510000000000
vn 0.0014395397679896 -0.8913696461932263 -0.4532748410960163
v 0.0313700000000000 -0.0816050000000000 -0.0899190000000000
vn 0.1161364751669022 -0.9747788003100922 -0.1905744201140983
v 0.0704450000000000 -0.0879960000000000 -0.0661780000000000
vn 0.1651929826711636 -0.9795305849311098 -0.1150265693686576
v 0.0937020000000000 -0.0833410000000000 -0.0751460000000000
vn 0.3468185334652030 -0.9377187346371167 -0.0200119852990759
v 0.1028870000000000 -0.0829780000000000 -0.0392970000000000
vn 0.3042508253788978 -0.9524732842977059 -0.0150358889128963
v 0.1093120000000000 -0.0803560000000000 -0.0624590000000000
vn 0.1680220277360342 -0.9760885206056892 -0.1379122842145263
v 0.0660780000000000 -0.0919810000000000 -0.0457480000000000
vn 0.0694377100406354 -0.9639220462785398 -0.2569682725989829
v 0.0262260000000000 -0.0942700000000000 -0.0568230000000000
vn 0.0902251997149901 -0.9678373390451673 -0.2348410068245317
v 0.0479790000000000 -0.0916290000000000 -0.0600700000000000
vn 0.0809268541453455 -0.9815576839128725 -0.1731916782923920
v 0.0236030000000000 -0.0984950000000000 -0.0384460000000000
vn -0.0428778263277469 -0.9971835219093860 -0.0615346702420728
v -0.0196970000000000 -0.1021170000000000 -0.0187540000000000
vn 0.0204353209965114 -0.9963889251214829 -0.0824106033895237
v 0.0009390000000000 -0.1023520000000000 -0.0186900000000000
vn -0.0654132482300786 -0.9976716856924751 0.0192954534418142
v -0.0205320000000000 -0.1024600000000000 0.0011790000000000
vn -0.0204366419952196 -0.9963889230298763 0.0824103010995735
v -0.0009390000000000 -0.1023520000000000 0.0205010000000000
vn 0.1949663998887615 -0.9764734431352319 -0.0921288107273767
v 0.0627510000000000 -0.0950400000000000 -0.0250230000000000
vn 0.2647460621390440 -0.9619450725591338 -0.0676106497607617
v 0.0829040000000000 -0.0897710000000000 -0.0310770000000000
vn 0.3657804293897332 -0.9301850247179383 -0.0309918903255526
v 0.0953140000000000 -0.0872710000000000 0.0072550000000000
vn 0.3684674273376359 -0.9292302310409318 -0.0276212365907202
v 0.0982210000000000 -0.0853450000000000 -0.0161530000000000
vn 0.2004147492468873 -0.9785864526149524 -0.0469306194588440
v 0.0604620000000000 -0.0969860000000000 -0.0037220000000000
vn 0.1348459838905712 -0.9858624998830181 -0.0994569854408926
v 0.0423470000000000 -0.0988190000000000 -0.0211330000000000
vn 0.0654130807816521 -0.9976717030414464 -0.0192951240740582
v 0.0205320000000000 -0.1024600000000000 0.0006320000000000
vn 0.0788840020436763 -0.9923098130600788 -0.0953863151937681
v 0.0217060000000000 -0.1012550000000000 -0.0191960000000000
vn -0.0029290054945208 -0.9537775005302573 0.3004994183173541
v 0.0557050000000000 -0.0897460000000000 0.0810950000000000
vn -0.0990786028383957 -0.9202998800985958 0.3784594577363625
v 0.0701680000000000 -0.0822670000000000 0.1031310000000000
vn 0.1610501528254320 -0.9835974548191267 0.0812335838692397
v 0.0951470000000000 -0.0871040000000000 0.0800140000000000
vn -0.1425806050043510 -0.9330570370567545 0.3302655547820017
v 0.0884180000000000 -0.0804440000000000 0.1143590000000000
vn 0.0128104358420495 -0.9836312916387319 0.1797369601463666
v 0.0991420000000000 -0.0837030000000000 0.1051110000000000
vn 0.1633359846276735 -0.9816009236882124 0.0988988510557965
v 0.0772190000000000 -0.0918830000000000 0.0606920000000000
vn 0.1850207976740384 -0.9827119795089526 0.0066685648874867
v 0.0592120000000000 -0.0977300000000000 0.0178590000000000
vn 0.2693532565090047 -0.9628530773517380 -0.0190466438587584
v 0.0777090000000000 -0.0933440000000000 0.0136910000000000
vn 0.2674912446564015 -0.9633741930519574 0.0189366890891467
v 0.0939710000000000 -0.0885850000000000 0.0552150000000000
vn 0.3345954786069435 -0.9421679494853710 -0.0191159791358376
v 0.0939760000000000 -0.0884920000000000 0.0309350000000000
vn 0.1484150691175255 -0.9858806073445567 0.0775396370946366
v 0.0587660000000000 -0.0968530000000000 0.0400470000000000
vn 0.0428788768132180 -0.9971835633945240 0.0615332659545745
v 0.0196970000000000 -0.1021170000000000 0.0205650000000000
vn 0.1107097343426071 -0.9932288096439178 0.0352120208893957
v 0.0398320000000000 -0.1005780000000000 0.0199710000000000
vn 0.0855212316695800 -0.9815339736106563 0.1711057497040748
v 0.0583960000000000 -0.0942160000000000 0.0621140000000000
vn 0.0140391170599404 -0.9883857886728408 0.1513156830660457
v 0.0184720000000000 -0.1000880000000000 0.0398750000000000
vn 0.0256362220860595 -0.9744433673250801 0.2231656514639140
v 0.0376280000000000 -0.0958140000000000 0.0600210000000000
vn -0.1296006062517704 0.9873095578817465 0.0917797350972637
v -0.1012990000000000 0.0847570000000000 0.0884610000000000
vn 0.0131458910058747 0.9844124001830097 0.1753836135891485
v -0.1045630000000000 0.0816540000000000 0.1108890000000000
vn 0.1546828395421619 0.9380633100932526 0.3100168469745860
v -0.0940640000000000 0.0783900000000000 0.1201090000000000
vn 0.1224844161958278 0.9276452821109998 0.3528056098850622
v -0.0791450000000000 0.0799390000000000 0.1094430000000000
vn -0.1061111349380247 0.9848297353949454 0.1372982859473702
v -0.0860260000000000 0.0878250000000000 0.0776690000000000
vn -0.2374862048970969 0.9708671957898729 0.0318934260104310
v -0.0986030000000000 0.0865900000000000 0.0658370000000000
vn -0.3124210783133858 0.9499434833417794 -0.0006695386381969
v -0.0968680000000000 0.0873010000000000 0.0429620000000000
vn -0.0830534171208061 0.9806792850416433 0.1771165429731753
v -0.0694950000000000 0.0907420000000000 0.0692430000000000
vn 0.0048398376765742 0.9652046649141413 0.2614508190831399
v -0.0740180000000000 0.0860800000000000 0.0894560000000000
vn 0.0610081693657820 0.9029260369214921 0.4254439741257177
v -0.0454050000000000 0.0828060000000000 0.0949210000000000
vn 0.0901300735005227 0.9155068164486965 0.3920763176816001
v -0.0630080000000000 0.0814930000000000 0.1010530000000000
vn -0.0608313988248565 0.9757306402286819 0.2103550775140396
v -0.0514550000000000 0.0932600000000000 0.0631710000000000
vn -0.1439079943410146 0.9835829134032323 0.1088813189943798
v -0.0659660000000000 0.0940690000000000 0.0487520000000000
vn -0.0391990019188734 0.9709513070534239 0.2360444822058163
v -0.0317290000000000 0.0951330000000000 0.0593650000000000
vn -0.0011100930412749 0.9446021841021598 0.3282156021319963
v -0.0379770000000000 0.0897420000000000 0.0773650000000000
vn 0.0142382843767450 0.8826617847298434 0.4697929810411544
v -0.0055150000000000 0.0840170000000000 0.0893090000000000
vn 0.0363671974095542 0.8912222569408839 0.4521065313460664
v -0.0262630000000000 0.0837130000000000 0.0910340000000000
vn 0.0025797603302232 0.9320115471574619 0.3624193990417634
v 0.0047530000000000 0.0908980000000000 0.0742210000000000
vn -0.0284261482357162 0.8891826982005819 0.4566684610493852
v 0.0407410000000000 0.0825220000000000 0.0928870000000000
vn -0.0070463645953707 0.8805891864494196 0.4738280631772862
v 0.0165600000000000 0.0837030000000000 0.0897990000000000
vn -0.0153340966121830 0.9674242646709508 0.2526957807462534
v -0.0102550000000000 0.0961620000000000 0.0577430000000000
vn 0.0126282634369281 0.9666967045062799 0.2556130052623801
v 0.0126220000000000 0.0961470000000000 0.0578260000000000
vn -0.0592503724961644 0.9864130209137967 0.1532277570506844
v -0.0269620000000000 0.0990390000000000 0.0407690000000000
vn -0.2462018848372763 0.9686595581998503 0.0329134047257860
v -0.0810810000000000 0.0920300000000000 0.0342550000000000
vn -0.1825971970574977 0.9815830271380371 0.0561517983796857
v -0.0637310000000000 0.0961230000000000 0.0278290000000000
vn -0.3599794360472967 0.9329051476418269 -0.0101385958816602
v -0.0965490000000000 0.0872080000000000 0.0198250000000000
vn -0.3818899026323985 0.9241849945141798 -0.0064960127957732
v -0.0977600000000000 0.0864140000000000 -0.0036870000000000
vn -0.0665969845949266 0.9947028127862474 0.0783016977976248
v -0.0238970000000000 0.1014750000000000 0.0213830000000000
vn -0.2024634340075639 0.9792166979237077 0.0119673053464429
v -0.0629020000000000 0.0970050000000000 0.0063620000000000
vn -0.1230904459527612 0.9898572331246370 0.0709323631778078
v -0.0446400000000000 0.0993280000000000 0.0235990000000000
vn -0.2888454937395610 0.9572562840487878 -0.0151224136782309
v -0.0814980000000000 0.0921330000000000 -0.0107950000000000
vn -0.2021621905532323 0.9787758196104438 -0.0335908269713978
v -0.0630890000000000 0.0967060000000000 -0.0155080000000000
vn -0.3757754754765744 0.9267069669513924 -0.0026437537906013
v -0.1007050000000000 0.0851250000000000 -0.0275860000000000
vn -0.3382116879875934 0.9410205691103751 -0.0096510424187423
v -0.1050430000000000 0.0832230000000000 -0.0524170000000000
vn 0.1295985878727545 0.9873098625268274 -0.0917793080091853
v 0.1012990000000000 0.0847570000000000 -0.0866500000000000
vn -0.0131518332821447 0.9844122522435789 -0.1753839984549422
v 0.1045630000000000 0.0816540000000000 -0.1090780000000000
vn -0.1546803368564515 0.9380656355750820 -0.3100110590657887
v 0.0940640000000000 0.0783900000000000 -0.1182970000000000
vn -0.1224787962405903 0.9276475714027196 -0.3528015415812294
v 0.0791450000000000 0.0799390000000000 -0.1076320000000000
vn 0.1061143931270381 0.9848293308464589 -0.1372986696067975
v 0.0860260000000000 0.0878250000000000 -0.0758570000000000
vn 0.2374868597234044 0.9708670382091773 -0.0318933469183749
v 0.0986030000000000 0.0865900000000000 -0.0640250000000000
vn 0.3124207363167701 0.9499435955358955 0.0006699400139442
v 0.0968680000000000 0.0873010000000000 -0.0411510000000000
vn 0.0830529482959555 0.9806799183814090 -0.1771132560334829
v 0.0694950000000000 0.0907420000000000 -0.0674320000000000
vn -0.0048366494733984 0.9652040576618427 -0.2614531198800001
v 0.0740180000000000 0.0860800000000000 -0.0876450000000000
vn -0.0610085061617783 0.9029254693710467 -0.4254451303481842
v 0.0454050000000000 0.0828060000000000 -0.0931100000000000
vn -0.0901287340134413 0.9155079287224416 -0.3920740284072374
v 0.0630080000000000 0.0814930000000000 -0.0992410000000000
vn 0.0608312122887138 0.9757306782154201 -0.2103549552560193
v 0.0514550000000000 0.0932600000000000 -0.0613590000000000
vn 0.1439076798968401 0.9835830938114911 -0.1088801048627518
v 0.0659660000000000 0.0940690000000000 -0.0469400000000000
vn 0.0391978644735285 0.9709496947327273 -0.2360513031506895
v 0.0317290000000000 0.0951330000000000 -0.0575540000000000
vn 0.0011084625853339 0.9446045234568390 -0.3282088749189682
v 0.0379770000000000 0.0897420000000000 -0.0755530000000000
vn -0.0142379819323948 0.8826675750210079 -0.4697821110653598
v 0.0055150000000000 0.0840170000000000 -0.0874980000000000
vn -0.0363626189454091 0.8912241893199624 -0.4521030903614871
v 0.0262630000000000 0.0837130000000000 -0.0892230000000000
vn -0.2235453147282160 0.9707373851322512 -0.0877292503653263
v -0.0863990000000000 0.0882860000000000 -0.0593230000000000
vn -0.2733823564682540 0.9619053275552554 -0.0004774857919984
v -0.1112630000000000 0.0808210000000000 -0.0780460000000000
vn 0.0652249571182262 0.9165549948264324 -0.3945537307232617
v -0.0661880000000000 0.0806050000000000 -0.0973840000000000
vn -0.2299964503355312 0.9717786440437494 0.0524204140917214
v -0.1238340000000000 0.0785470000000000 -0.1032850000000000
vn -0.0189046809129421 0.9939390688953723 -0.1082946922197945
v -0.1141550000000000 0.0797920000000000 -0.1146110000000000
vn 0.1336528610728266 0.9416907712609631 -0.3087967034295868
v -0.0893000000000000 0.0785670000000000 -0.1099950000000000
vn -0.0201286209401973 0.9450604916113736 -0.3262751995085048
v -0.0560760000000000 0.0879960000000000 -0.0786860000000000
vn -0.0025724928667734 0.9320139834205816 -0.3624131854512889
v -0.0047530000000000 0.0908980000000000 -0.0724090000000000
vn 0.0284294525921904 0.8891809809026022 -0.4566715991020185
v -0.0407410000000000 0.0825220000000000 -0.0910750000000000
vn 0.0070393473274950 0.8805879114552750 -0.4738305369940182
v -0.0165600000000000 0.0837030000000000 -0.0879880000000000
vn -0.0487497021889763 0.9699493027822765 -0.2383732715063956
v -0.0376770000000000 0.0948390000000000 -0.0581860000000000
vn -0.1141516900788092 0.9773156732750350 -0.1783913294504993
v -0.0637380000000000 0.0921630000000000 -0.0610680000000000
vn -0.1233293487204072 0.9908991575653762 -0.0539326550470845
v -0.0426210000000000 0.0999610000000000 -0.0180080000000000
vn -0.1781387831115839 0.9798224481619902 -0.0906341217719264
v -0.0639470000000000 0.0951080000000000 -0.0383270000000000
vn -0.0331956804567546 0.9869900582112262 -0.1573171058442567
v -0.0178680000000000 0.0997790000000000 -0.0381200000000000
vn 0.0153323605977075 0.9674234577842127 -0.2526989751608418
v 0.0102550000000000 0.0961620000000000 -0.0559310000000000
vn -0.0126224039147971 0.9666968366138299 -0.2556127950635997
v -0.0126220000000000 0.0961470000000000 -0.0560150000000000
vn 0.0592473855006151 0.9864132020759279 -0.1532277457957810
v 0.0269620000000000 0.0990390000000000 -0.0389580000000000
vn 0.2462013749822805 0.9686596999891890 -0.0329130456458969
v 0.0810810000000000 0.0920300000000000 -0.0324430000000000
vn 0.1825979353130067 0.9815829045097706 -0.0561515413287075
v 0.0637310000000000 0.0961230000000000 -0.0260170000000000
vn 0.3599796980137892 0.9329050500752264 0.0101382721427400
v 0.0965490000000000 0.0872080000000000 -0.0180130000000000
vn 0.3818897517515975 0.9241850556030694 0.0064961917347607
v 0.0977600000000000 0.0864140000000000 0.0054980000000000
vn 0.0090966970172757 0.9968327445685882 -0.0790046166956822
v 0.0018510000000000 0.1023620000000000 -0.0188920000000000
vn -0.0532831904419254 0.9960622898078999 -0.0708577196851037
v -0.0207130000000000 0.1018820000000000 -0.0188300000000000
vn -0.0090967560664768 0.9968327927096450 0.0790040024793490
v -0.0018510000000000 0.1023620000000000 0.0207040000000000
vn -0.0647787354997545 0.9978811100713326 0.0060832219964138
v -0.0221430000000000 0.1024310000000000 0.0013470000000000
vn 0.0647780467165240 0.9978811607297919 -0.0060822466371603
v 0.0221430000000000 0.1024310000000000 0.0004650000000000
vn 0.0665958019437965 0.9947029047327308 -0.0783015356154050
v 0.0238970000000000 0.1014750000000000 -0.0195720000000000
vn 0.2024632487265082 0.9792167261514079 -0.0119681301976008
v 0.0629020000000000 0.0970050000000000 -0.0045510000000000
vn 0.1230918353110770 0.9898571280970969 -0.0709314178281955
v 0.0446400000000000 0.0993280000000000 -0.0217870000000000
vn 0.2733827132510659 0.9619052264693387 0.0004768505587425
v 0.1112630000000000 0.0808210000000000 0.0798570000000000
vn 0.0201322343321259 0.9450622367895471 0.3262699215912102
v 0.0560760000000000 0.0879960000000000 0.0804970000000000
vn -0.0652198486751881 0.9165542760280663 0.3945562449555866
v 0.0661880000000000 0.0806050000000000 0.0991950000000000
vn 0.2299965147163680 0.9717786172432318 -0.0524206284505983
v 0.1238340000000000 0.0785470000000000 0.1050960000000000
vn 0.0189029654040348 0.9939391332753201 0.1082944007917269
v 0.1141550000000000 0.0797920000000000 0.1164230000000000
vn -0.1336565054826719 0.9416926330785538 0.3087894482454684
v 0.0893000000000000 0.0785670000000000 0.1118060000000000
vn 0.1141524393399392 0.9773153077868149 0.1783928523184288
v 0.0637380000000000 0.0921630000000000 0.0628790000000000
vn 0.1233299216368710 0.9908990923518494 0.0539325431008470
v 0.0426210000000000 0.0999610000000000 0.0198200000000000
vn 0.0532834425047514 0.9960623716162758 0.0708563801291248
v 0.0207130000000000 0.1018820000000000 0.0206410000000000
vn 0.0487492435361579 0.9699481477962670 0.2383780649330874
v 0.0376770000000000 0.0948390000000000 0.0599970000000000
vn 0.0331962870513534 0.9869895057521569 0.1573204438752860
v 0.0178680000000000 0.0997790000000000 0.0399320000000000
vn 0.1781408795412473 0.9798220682693893 0.0906341081964566
v 0.0639470000000000 0.0951080000000000 0.0401380000000000
vn 0.2888454937395610 0.9572562840487878 0.0151224136782309
v 0.0814980000000000 0.0921330000000000 0.0126060000000000
vn 0.2021628456281133 0.9787756913768834 0.0335906209714495
v 0.0630890000000000 0.0967060000000000 0.0173190000000000
vn 0.2235453147282161 0.9707373851322512 0.0877292503653263
v 0.0863990000000000 0.0882860000000000 0.0611340000000000
vn 0.3757756818659881 0.9267068839220113 0.0026435222161964
v 0.1007050000000000 0.0851250000000000 0.0293970000000000
vn 0.3382118017380922 0.9410205253713636 0.0096513208876470
v 0.1050430000000000 0.0832230000000000 0.0542280000000000
# 3070 vertices, 0 vertices normals

f 1468//1468 1469//1469 1382//1382
f 538//538 1382//1382 1469//1469
f 1382//1382 539//539 1468//1468
f 1469//1469 1468//1468 512//512
f 1379//1379 1382//1382 1381//1381
f 538//538 1381//1381 1382//1382
f 1381//1381 540//540 1379//1379
f 1382//1382 1379//1379 539//539
f 1475//1475 1468//1468 1477//1477
f 539//539 1477//1477 1468//1468
f 1477//1477 510//510 1475//1475
f 1468//1468 1475//1475 512//512
f 1467//1467 1458//1458 1469//1469
f 538//538 1469//1469 1458//1458
f 1469//1469 512//512 1467//1467
f 1458//1458 1467//1467 514//514
f 1406//1406 1412//1412 1413//1413
f 529//529 1413//1413 1412//1412
f 1413//1413 536//536 1406//1406
f 1412//1412 1406//1406 531//531
f 1602//1602 1413//1413 1601//1601
f 529//529 1601//1601 1413//1413
f 1601//1601 469//469 1602//1602
f 1413//1413 1602//1602 536//536
f 1404//1404 1406//1406 1387//1387
f 536//536 1387//1387 1406//1406
f 1387//1387 535//535 1404//1404
f 1406//1406 1404//1404 531//531
f 1407//1407 1411//1411 1412//1412
f 529//529 1412//1412 1411//1411
f 1412//1412 531//531 1407//1407
f 1411//1411 1407//1407 530//530
f 1609//1609 1386//1386 1608//1608
f 536//536 1608//1608 1386//1386
f 1608//1608 467//467 1609//1609
f 1386//1386 1609//1609 537//537
f 1606//1606 1608//1608 1602//1602
f 536//536 1602//1602 1608//1608
f 1602//1602 469//469 1606//1606
f 1608//1608 1606//1606 467//467
f 1716//1716 1609//1609 1714//1714
f 467//467 1714//1714 1609//1609
f 1714//1714 437//437 1716//1716
f 1609//1609 1716//1716 537//537
f 1388//1388 1387//1387 1386//1386
f 536//536 1386//1386 1387//1387
f 1386//1386 537//537 1388//1388
f 1387//1387 1388//1388 535//535
f 1399//1399 1403//1403 1405//1405
f 531//531 1405//1405 1403//1403
f 1405//1405 533//533 1399//1399
f 1403//1403 1399//1399 532//532
f 1396//1396 1405//1405 1404//1404
f 531//531 1404//1404 1405//1405
f 1404//1404 535//535 1396//1396
f 1405//1405 1396//1396 533//533
f 1400//1400 1399//1399 1395//1395
f 533//533 1395//1395 1399//1399
f 1395//1395 534//534 1400//1400
f 1399//1399 1400//1400 532//532
f 1408//1408 1407//1407 1403//1403
f 531//531 1403//1403 1407//1407
f 1403//1403 532//532 1408//1408
f 1407//1407 1408//1408 530//530
f 1414//1414 1595//1595 1596//1596
f 472//472 1596//1596 1595//1595
f 1596//1596 529//529 1414//1414
f 1595//1595 1414//1414 528//528
f 1601//1601 1596//1596 1599//1599
f 472//472 1599//1599 1596//1596
f 1599//1599 469//469 1601//1601
f 1596//1596 1601//1601 529//529
f 1415//1415 1414//1414 1411//1411
f 529//529 1411//1411 1414//1414
f 1411//1411 530//530 1415//1415
f 1414//1414 1415//1415 528//528
f 1623//1623 1621//1621 1595//1595
f 472//472 1595//1595 1621//1621
f 1595//1595 528//528 1623//1623
f 1621//1621 1623//1623 462//462
f 1423//1423 1433//1433 1435//1435
f 521//521 1435//1435 1433//1433
f 1435//1435 526//526 1423//1423
f 1433//1433 1423//1423 524//524
f 1425//1425 1435//1435 1434//1434
f 521//521 1434//1434 1435//1435
f 1434//1434 523//523 1425//1425
f 1435//1435 1425//1425 526//526
f 1457//1457 1423//1423 1456//1456
f 526//526 1456//1456 1423//1423
f 1456//1456 515//515 1457//1457
f 1423//1423 1457//1457 524//524
f 1428//1428 1432//1432 1433//1433
f 521//521 1433//1433 1432//1432
f 1433//1433 524//524 1428//1428
f 1432//1432 1428//1428 522//522
f 1464//1464 1465//1465 1420//1420
f 526//526 1420//1420 1465//1465
f 1420//1420 527//527 1464//1464
f 1465//1465 1464//1464 513//513
f 1424//1424 1420//1420 1425//1425
f 526//526 1425//1425 1420//1420
f 1425//1425 523//523 1424//1424
f 1420//1420 1424//1424 527//527
f 1462//1462 1464//1464 1459//1459
f 527//527 1459//1459 1464//1464
f 1459//1459 514//514 1462//1462
f 1464//1464 1462//1462 513//513
f 1463//1463 1456//1456 1465//1465
f 526//526 1465//1465 1456//1456
f 1465//1465 513//513 1463//1463
f 1456//1456 1463//1463 515//515
f 1452//1452 1422//1422 1451//1451
f 524//524 1451//1451 1422//1422
f 1451//1451 517//517 1452//1452
f 1422//1422 1452//1452 525//525
f 1455//1455 1451//1451 1457//1457
f 524//524 1457//1457 1451//1451
f 1457//1457 515//515 1455//1455
f 1451//1451 1455//1455 517//517
f 1684//1684 1452//1452 1683//1683
f 517//517 1683//1683 1452//1452
f 1683//1683 445//445 1684//1684
f 1452//1452 1684//1684 525//525
f 1429//1429 1428//1428 1422//1422
f 524//524 1422//1422 1428//1428
f 1422//1422 525//525 1429//1429
f 1428//1428 1429//1429 522//522
f 1441//1441 1445//1445 1447//1447
f 518//518 1447//1447 1445//1445
f 1447//1447 521//521 1441//1441
f 1445//1445 1441//1441 519//519
f 1434//1434 1447//1447 1446//1446
f 518//518 1446//1446 1447//1447
f 1446//1446 523//523 1434//1434
f 1447//1447 1434//1434 521//521
f 1442//1442 1441//1441 1432//1432
f 521//521 1432//1432 1441//1441
f 1432//1432 522//522 1442//1442
f 1441//1441 1442//1442 519//519
f 1440//1440 1448//1448 1445//1445
f 518//518 1445//1445 1448//1448
f 1445//1445 519//519 1440//1440
f 1448//1448 1440//1440 520//520
f 1473//1473 1479//1479 1480//1480
f 509//509 1480//1480 1479//1479
f 1480//1480 516//516 1473//1473
f 1479//1479 1473//1473 511//511
f 1673//1673 1480//1480 1672//1672
f 509//509 1672//1672 1480//1480
f 1672//1672 448//448 1673//1673
f 1480//1480 1673//1673 516//516
f 1471//1471 1473//1473 1454//1454
f 516//516 1454//1454 1473//1473
f 1454//1454 515//515 1471//1471
f 1473//1473 1471//1471 511//511
f 1474//1474 1478//1478 1479//1479
f 509//509 1479//1479 1478//1478
f 1479//1479 511//511 1474//1474
f 1478//1478 1474//1474 510//510
f 1696//1696 1453//1453 1695//1695
f 516//516 1695//1695 1453//1453
f 1695//1695 443//443 1696//1696
f 1453//1453 1696//1696 517//517
f 1692//1692 1695//1695 1673//1673
f 516//516 1673//1673 1695//1695
f 1673//1673 448//448 1692//1692
f 1695//1695 1692//1692 443//443
f 1683//1683 1696//1696 1694//1694
f 443//443 1694//1694 1696//1696
f 1694//1694 445//445 1683//1683
f 1696//1696 1683//1683 517//517
f 1455//1455 1454//1454 1453//1453
f 516//516 1453//1453 1454//1454
f 1453//1453 517//517 1455//1455
f 1454//1454 1455//1455 515//515
f 1466//1466 1470//1470 1472//1472
f 511//511 1472//1472 1470//1470
f 1472//1472 513//513 1466//1466
f 1470//1470 1466//1466 512//512
f 1463//1463 1472//1472 1471//1471
f 511//511 1471//1471 1472//1472
f 1471//1471 515//515 1463//1463
f 1472//1472 1463//1463 513//513
f 1467//1467 1466//1466 1462//1462
f 513//513 1462//1462 1466//1466
f 1462//1462 514//514 1467//1467
f 1466//1466 1467//1467 512//512
f 1475//1475 1474//1474 1470//1470
f 511//511 1470//1470 1474//1474
f 1470//1470 512//512 1475//1475
f 1474//1474 1475//1475 510//510
f 1481//1481 1663//1663 1664//1664
f 452//452 1664//1664 1663//1663
f 1664//1664 509//509 1481//1481
f 1663//1663 1481//1481 508//508
f 1672//1672 1664//1664 1670//1670
f 452//452 1670//1670 1664//1664
f 1670//1670 448//448 1672//1672
f 1664//1664 1672//1672 509//509
f 1482//1482 1481//1481 1478//1478
f 509//509 1478//1478 1481//1481
f 1478//1478 510//510 1482//1482
f 1481//1481 1482//1482 508//508
f 1717//1717 1715//1715 1663//1663
f 452//452 1663//1663 1715//1715
f 1663//1663 508//508 1717//1717
f 1715//1715 1717//1717 437//437
f 1488//1488 1493//1493 1495//1495
f 503//503 1495//1495 1493//1493
f 1495//1495 506//506 1488//1488
f 1493//1493 1488//1488 505//505
f 1490//1490 1495//1495 1494//1494
f 503//503 1494//1494 1495//1495
f 1494//1494 504//504 1490//1490
f 1495//1495 1490//1490 506//506
f 1509//1509 1488//1488 1508//1508
f 506//506 1508//1508 1488//1488
f 1508//1508 498//498 1509//1509
f 1488//1488 1509//1509 505//505
f 1574//1574 1575//1575 1493//1493
f 503//503 1493//1493 1575//1575
f 1493//1493 505//505 1574//1574
f 1575//1575 1574//1574 477//477
f 1511//1511 1512//1512 1487//1487
f 506//506 1487//1487 1512//1512
f 1487//1487 507//507 1511//1511
f 1512//1512 1511//1511 497//497
f 1489//1489 1487//1487 1490//1490
f 506//506 1490//1490 1487//1487
f 1490//1490 504//504 1489//1489
f 1487//1487 1489//1489 507//507
f 1682//1682 1511//1511 1685//1685
f 507//507 1685//1685 1511//1511
f 1685//1685 445//445 1682//1682
f 1511//1511 1682//1682 497//497
f 1510//1510 1508//1508 1512//1512
f 506//506 1512//1512 1508//1508
f 1512//1512 497//497 1510//1510
f 1508//1508 1510//1510 498//498
f 1587//1587 1588//1588 1503//1503
f 505//505 1503//1503 1588//1588
f 1503//1503 500//500 1587//1587
f 1588//1588 1587//1587 474//474
f 1507//1507 1503//1503 1509//1509
f 505//505 1509//1509 1503//1503
f 1509//1509 498//498 1507//1507
f 1503//1503 1507//1507 500//500
f 1584//1584 1587//1587 1580//1580
f 500//500 1580//1580 1587//1587
f 1580//1580 475//475 1584//1584
f 1587//1587 1584//1584 474//474
f 1586//1586 1574//1574 1588//1588
f 505//505 1588//1588 1574//1574
f 1588//1588 474//474 1586//1586
f 1574//1574 1586//1586 477//477
f 1562//1562 1563//1563 1497//1497
f 502//502 1497//1497 1563//1563
f 1497//1497 503//503 1562//1562
f 1563//1563 1562//1562 480//480
f 1494//1494 1497//1497 1496//1496
f 502//502 1496//1496 1497//1497
f 1496//1496 504//504 1494//1494
f 1497//1497 1494//1494 503//503
f 1573//1573 1562//1562 1575//1575
f 503//503 1575//1575 1562//1562
f 1575//1575 477//477 1573//1573
f 1562//1562 1573//1573 480//480
f 1561//1561 1552//1552 1563//1563
f 502//502 1563//1563 1552//1552
f 1563//1563 480//480 1561//1561
f 1552//1552 1561//1561 482//482
f 1515//1515 1520//1520 1522//1522
f 494//494 1522//1522 1520//1520
f 1522//1522 499//499 1515//1515
f 1520//1520 1515//1515 496//496
f 1517//1517 1522//1522 1521//1521
f 494//494 1521//1521 1522//1522
f 1521//1521 495//495 1517//1517
f 1522//1522 1517//1517 499//499
f 1513//1513 1515//1515 1506//1506
f 499//499 1506//1506 1515//1515
f 1506//1506 498//498 1513//1513
f 1515//1515 1513//1513 496//496
f 1676//1676 1677//1677 1520//1520
f 494//494 1520//1520 1677//1677
f 1520//1520 496//496 1676//1676
f 1677//1677 1676//1676 447//447
f 1502//1502 1504//1504 1505//1505
f 499//499 1505//1505 1504//1504
f 1505//1505 501//501 1502//1502
f 1504//1504 1502//1502 500//500
f 1516//1516 1505//1505 1517//1517
f 499//499 1517//1517 1505//1505
f 1517//1517 495//495 1516//1516
f 1505//1505 1516//1516 501//501
f 1580//1580 1502//1502 1583//1583
f 501//501 1583//1583 1502//1502
f 1583//1583 475//475 1580//1580
f 1502//1502 1580//1580 500//500
f 1507//1507 1506//1506 1504//1504
f 499//499 1504//1504 1506//1506
f 1504//1504 500//500 1507//1507
f 1506//1506 1507//1507 498//498
f 1689//1689 1690//1690 1514//1514
f 496//496 1514//1514 1690//1690
f 1514//1514 497//497 1689//1689
f 1690//1690 1689//1689 444//444
f 1510//1510 1514//1514 1513//1513
f 496//496 1513//1513 1514//1514
f 1513//1513 498//498 1510//1510
f 1514//1514 1510//1510 497//497
f 1686//1686 1689//1689 1682//1682
f 497//497 1682//1682 1689//1689
f 1682//1682 445//445 1686//1686
f 1689//1689 1686//1686 444//444
f 1688//1688 1676//1676 1690//1690
f 496//496 1690//1690 1676//1676
f 1690//1690 444//444 1688//1688
f 1676//1676 1688//1688 447//447
f 1666//1666 1667//1667 1524//1524
f 493//493 1524//1524 1667//1667
f 1524//1524 494//494 1666//1666
f 1667//1667 1666//1666 450//450
f 1521//1521 1524//1524 1523//1523
f 493//493 1523//1523 1524//1524
f 1523//1523 495//495 1521//1521
f 1524//1524 1521//1521 494//494
f 1675//1675 1666//1666 1677//1677
f 494//494 1677//1677 1666//1666
f 1677//1677 447//447 1675//1675
f 1666//1666 1675//1675 450//450
f 1697//1697 1698//1698 1667//1667
f 493//493 1667//1667 1698//1698
f 1667//1667 450//450 1697//1697
f 1698//1698 1697//1697 442//442
f 1530//1530 1535//1535 1537//1537
f 488//488 1537//1537 1535//1535
f 1537//1537 491//491 1530//1530
f 1535//1535 1530//1530 490//490
f 1532//1532 1537//1537 1536//1536
f 488//488 1536//1536 1537//1537
f 1536//1536 489//489 1532//1532
f 1537//1537 1532//1532 491//491
f 1551//1551 1530//1530 1550//1550
f 491//491 1550//1550 1530//1530
f 1550//1550 483//483 1551//1551
f 1530//1530 1551//1551 490//490
f 1642//1642 1643//1643 1535//1535
f 488//488 1535//1535 1643//1643
f 1535//1535 490//490 1642//1642
f 1643//1643 1642//1642 457//457
f 1558//1558 1559//1559 1529//1529
f 491//491 1529//1529 1559//1559
f 1529//1529 492//492 1558//1558
f 1559//1559 1558//1558 481//481
f 1531//1531 1529//1529 1532//1532
f 491//491 1532//1532 1529//1529
f 1532//1532 489//489 1531//1531
f 1529//1529 1531//1531 492//492
f 1556//1556 1558//1558 1553//1553
f 492//492 1553//1553 1558//1558
f 1553//1553 482//482 1556//1556
f 1558//1558 1556//1556 481//481
f 1557//1557 1550//1550 1559//1559
f 491//491 1559//1559 1550//1550
f 1559//1559 481//481 1557//1557
f 1550//1550 1557//1557 483//483
f 1655//1655 1656//1656 1545//1545
f 490//490 1545//1545 1656//1656
f 1545//1545 485//485 1655//1655
f 1656//1656 1655//1655 454//454
f 1549//1549 1545//1545 1551//1551
f 490//490 1551//1551 1545//1545
f 1551//1551 483//483 1549//1549
f 1545//1545 1549//1549 485//485
f 1652//1652 1655//1655 1648//1648
f 485//485 1648//1648 1655//1655
f 1648//1648 455//455 1652//1652
f 1655//1655 1652//1652 454//454
f 1654//1654 1642//1642 1656//1656
f 490//490 1656//1656 1642//1642
f 1656//1656 454//454 1654//1654
f 1642//1642 1654//1654 457//457
f 1630//1630 1631//1631 1539//1539
f 487//487 1539//1539 1631//1631
f 1539//1539 488//488 1630//1630
f 1631//1631 1630//1630 460//460
f 1536//1536 1539//1539 1538//1538
f 487//487 1538//1538 1539//1539
f 1538//1538 489//489 1536//1536
f 1539//1539 1536//1536 488//488
f 1641//1641 1630//1630 1643//1643
f 488//488 1643//1643 1630//1630
f 1643//1643 457//457 1641//1641
f 1630//1630 1641//1641 460//460
f 1629//1629 1620//1620 1631//1631
f 487//487 1631//1631 1620//1620
f 1631//1631 460//460 1629//1629
f 1620//1620 1629//1629 462//462
f 1567//1567 1577//1577 1579//1579
f 476//476 1579//1579 1577//1577
f 1579//1579 484//484 1567//1567
f 1577//1577 1567//1567 479//479
f 1569//1569 1579//1579 1578//1578
f 476//476 1578//1578 1579//1579
f 1578//1578 478//478 1569//1569
f 1579//1579 1569//1569 484//484
f 1565//1565 1567//1567 1548//1548
f 484//484 1548//1548 1567//1567
f 1548//1548 483//483 1565//1565
f 1567//1567 1565//1565 479//479
f 1572//1572 1576//1576 1577//1577
f 476//476 1577//1577 1576//1576
f 1577//1577 479//479 1572//1572
f 1576//1576 1572//1572 477//477
f 1544//1544 1546//1546 1547//1547
f 484//484 1547//1547 1546//1546
f 1547//1547 486//486 1544//1544
f 1546//1546 1544//1544 485//485
f 1568//1568 1547//1547 1569//1569
f 484//484 1569//1569 1547//1547
f 1569//1569 478//478 1568//1568
f 1547//1547 1568//1568 486//486
f 1648//1648 1544//1544 1651//1651
f 486//486 1651//1651 1544//1544
f 1651//1651 455//455 1648//1648
f 1544//1544 1648//1648 485//485
f 1549//1549 1548//1548 1546//1546
f 484//484 1546//1546 1548//1548
f 1546//1546 485//485 1549//1549
f 1548//1548 1549//1549 483//483
f 1560//1560 1564//1564 1566//1566
f 479//479 1566//1566 1564//1564
f 1566//1566 481//481 1560//1560
f 1564//1564 1560//1560 480//480
f 1557//1557 1566//1566 1565//1565
f 479//479 1565//1565 1566//1566
f 1565//1565 483//483 1557//1557
f 1566//1566 1557//1557 481//481
f 1561//1561 1560//1560 1556//1556
f 481//481 1556//1556 1560//1560
f 1556//1556 482//482 1561//1561
f 1560//1560 1561//1561 480//480
f 1573//1573 1572//1572 1564//1564
f 479//479 1564//1564 1572//1572
f 1564//1564 480//480 1573//1573
f 1572//1572 1573//1573 477//477
f 1585//1585 1589//1589 1591//1591
f 473//473 1591//1591 1589//1589
f 1591//1591 476//476 1585//1585
f 1589//1589 1585//1585 474//474
f 1578//1578 1591//1591 1590//1590
f 473//473 1590//1590 1591//1591
f 1590//1590 478//478 1578//1578
f 1591//1591 1578//1578 476//476
f 1586//1586 1585//1585 1576//1576
f 476//476 1576//1576 1585//1585
f 1576//1576 477//477 1586//1586
f 1585//1585 1586//1586 474//474
f 1584//1584 1592//1592 1589//1589
f 473//473 1589//1589 1592//1592
f 1589//1589 474//474 1584//1584
f 1592//1592 1584//1584 475//475
f 1598//1598 1603//1603 1605//1605
f 468//468 1605//1605 1603//1603
f 1605//1605 471//471 1598//1598
f 1603//1603 1598//1598 470//470
f 1600//1600 1605//1605 1604//1604
f 468//468 1604//1604 1605//1605
f 1604//1604 469//469 1600//1600
f 1605//1605 1600//1600 471//471
f 1619//1619 1598//1598 1618//1618
f 471//471 1618//1618 1598//1598
f 1618//1618 463//463 1619//1619
f 1598//1598 1619//1619 470//470
f 1736//1736 1737//1737 1603//1603
f 468//468 1603//1603 1737//1737
f 1603//1603 470//470 1736//1736
f 1737//1737 1736//1736 432//432
f 1626//1626 1627//1627 1597//1597
f 471//471 1597//1597 1627//1627
f 1597//1597 472//472 1626//1626
f 1627//1627 1626//1626 461//461
f 1599//1599 1597//1597 1600//1600
f 471//471 1600//1600 1597//1597
f 1600//1600 469//469 1599//1599
f 1597//1597 1599//1599 472//472
f 1624//1624 1626//1626 1621//1621
f 472//472 1621//1621 1626//1626
f 1621//1621 462//462 1624//1624
f 1626//1626 1624//1624 461//461
f 1625//1625 1618//1618 1627//1627
f 471//471 1627//1627 1618//1618
f 1627//1627 461//461 1625//1625
f 1618//1618 1625//1625 463//463
f 1749//1749 1750//1750 1613//1613
f 470//470 1613//1613 1750//1750
f 1613//1613 465//465 1749//1749
f 1750//1750 1749//1749 429//429
f 1617//1617 1613//1613 1619//1619
f 470//470 1619//1619 1613//1613
f 1619//1619 463//463 1617//1617
f 1613//1613 1617//1617 465//465
f 1746//1746 1749//1749 1742//1742
f 465//465 1742//1742 1749//1749
f 1742//1742 430//430 1746//1746
f 1749//1749 1746//1746 429//429
f 1748//1748 1736//1736 1750//1750
f 470//470 1750//1750 1736//1736
f 1750//1750 429//429 1748//1748
f 1736//1736 1748//1748 432//432
f 1724//1724 1725//1725 1607//1607
f 467//467 1607//1607 1725//1725
f 1607//1607 468//468 1724//1724
f 1725//1725 1724//1724 435//435
f 1604//1604 1607//1607 1606//1606
f 467//467 1606//1606 1607//1607
f 1606//1606 469//469 1604//1604
f 1607//1607 1604//1604 468//468
f 1735//1735 1724//1724 1737//1737
f 468//468 1737//1737 1724//1724
f 1737//1737 432//432 1735//1735
f 1724//1724 1735//1735 435//435
f 1723//1723 1714//1714 1725//1725
f 467//467 1725//1725 1714//1714
f 1725//1725 435//435 1723//1723
f 1714//1714 1723//1723 437//437
f 1635//1635 1645//1645 1647//1647
f 456//456 1647//1647 1645//1645
f 1647//1647 464//464 1635//1635
f 1645//1645 1635//1635 459//459
f 1637//1637 1647//1647 1646//1646
f 456//456 1646//1646 1647//1647
f 1646//1646 458//458 1637//1637
f 1647//1647 1637//1637 464//464
f 1633//1633 1635//1635 1616//1616
f 464//464 1616//1616 1635//1635
f 1616//1616 463//463 1633//1633
f 1635//1635 1633//1633 459//459
f 1640//1640 1644//1644 1645//1645
f 456//456 1645//1645 1644//1644
f 1645//1645 459//459 1640//1640
f 1644//1644 1640//1640 457//457
f 1612//1612 1614//1614 1615//1615
f 464//464 1615//1615 1614//1614
f 1615//1615 466//466 1612//1612
f 1614//1614 1612//1612 465//465
f 1636//1636 1615//1615 1637//1637
f 464//464 1637//1637 1615//1615
f 1637//1637 458//458 1636//1636
f 1615//1615 1636//1636 466//466
f 1742//1742 1612//1612 1745//1745
f 466//466 1745//1745 1612//1612
f 1745//1745 430//430 1742//1742
f 1612//1612 1742//1742 465//465
f 1617//1617 1616//1616 1614//1614
f 464//464 1614//1614 1616//1616
f 1614//1614 465//465 1617//1617
f 1616//1616 1617//1617 463//463
f 1628//1628 1632//1632 1634//1634
f 459//459 1634//1634 1632//1632
f 1634//1634 461//461 1628//1628
f 1632//1632 1628//1628 460//460
f 1625//1625 1634//1634 1633//1633
f 459//459 1633//1633 1634//1634
f 1633//1633 463//463 1625//1625
f 1634//1634 1625//1625 461//461
f 1629//1629 1628//1628 1624//1624
f 461//461 1624//1624 1628//1628
f 1624//1624 462//462 1629//1629
f 1628//1628 1629//1629 460//460
f 1641//1641 1640//1640 1632//1632
f 459//459 1632//1632 1640//1640
f 1632//1632 460//460 1641//1641
f 1640//1640 1641//1641 457//457
f 1653//1653 1657//1657 1659//1659
f 453//453 1659//1659 1657//1657
f 1659//1659 456//456 1653//1653
f 1657//1657 1653//1653 454//454
f 1646//1646 1659//1659 1658//1658
f 453//453 1658//1658 1659//1659
f 1658//1658 458//458 1646//1646
f 1659//1659 1646//1646 456//456
f 1654//1654 1653//1653 1644//1644
f 456//456 1644//1644 1653//1653
f 1644//1644 457//457 1654//1654
f 1653//1653 1654//1654 454//454
f 1652//1652 1660//1660 1657//1657
f 453//453 1657//1657 1660//1660
f 1657//1657 454//454 1652//1652
f 1660//1660 1652//1652 455//455
f 1669//1669 1679//1679 1681//1681
f 446//446 1681//1681 1679//1679
f 1681//1681 451//451 1669//1669
f 1679//1679 1669//1669 449//449
f 1671//1671 1681//1681 1680//1680
f 446//446 1680//1680 1681//1681
f 1680//1680 448//448 1671//1671
f 1681//1681 1671//1671 451//451
f 1713//1713 1669//1669 1712//1712
f 451//451 1712//1712 1669//1669
f 1712//1712 438//438 1713//1713
f 1669//1669 1713//1713 449//449
f 1674//1674 1678//1678 1679//1679
f 446//446 1679//1679 1678//1678
f 1679//1679 449//449 1674//1674
f 1678//1678 1674//1674 447//447
f 1720//1720 1721//1721 1665//1665
f 451//451 1665//1665 1721//1721
f 1665//1665 452//452 1720//1720
f 1721//1721 1720//1720 436//436
f 1670//1670 1665//1665 1671//1671
f 451//451 1671//1671 1665//1665
f 1671//1671 448//448 1670//1670
f 1665//1665 1670//1670 452//452
f 1718//1718 1720//1720 1715//1715
f 452//452 1715//1715 1720//1720
f 1715//1715 437//437 1718//1718
f 1720//1720 1718//1718 436//436
f 1719//1719 1712//1712 1721//1721
f 451//451 1721//1721 1712//1712
f 1721//1721 436//436 1719//1719
f 1712//1712 1719//1719 438//438
f 1707//1707 1668//1668 1706//1706
f 449//449 1706//1706 1668//1668
f 1706//1706 440//440 1707//1707
f 1668//1668 1707//1707 450//450
f 1711//1711 1706//1706 1713//1713
f 449//449 1713//1713 1706//1706
f 1713//1713 438//438 1711//1711
f 1706//1706 1711//1711 440//440
f 1697//1697 1707//1707 1705//1705
f 440//440 1705//1705 1707//1707
f 1705//1705 442//442 1697//1697
f 1707//1707 1697//1697 450//450
f 1675//1675 1674//1674 1668//1668
f 449//449 1668//1668 1674//1674
f 1668//1668 450//450 1675//1675
f 1674//1674 1675//1675 447//447
f 1687//1687 1691//1691 1693//1693
f 443//443 1693//1693 1691//1691
f 1693//1693 446//446 1687//1687
f 1691//1691 1687//1687 444//444
f 1680//1680 1693//1693 1692//1692
f 443//443 1692//1692 1693//1693
f 1692//1692 448//448 1680//1680
f 1693//1693 1680//1680 446//446
f 1688//1688 1687//1687 1678//1678
f 446//446 1678//1678 1687//1687
f 1678//1678 447//447 1688//1688
f 1687//1687 1688//1688 444//444
f 1686//1686 1694//1694 1691//1691
f 443//443 1691//1691 1694//1694
f 1691//1691 444//444 1686//1686
f 1694//1694 1686//1686 445//445
f 1729//1729 1739//1739 1741//1741
f 431//431 1741//1741 1739//1739
f 1741//1741 439//439 1729//1729
f 1739//1739 1729//1729 434//434
f 1731//1731 1741//1741 1740//1740
f 431//431 1740//1740 1741//1741
f 1740//1740 433//433 1731//1731
f 1741//1741 1731//1731 439//439
f 1727//1727 1729//1729 1710//1710
f 439//439 1710//1710 1729//1729
f 1710//1710 438//438 1727//1727
f 1729//1729 1727//1727 434//434
f 1734//1734 1738//1738 1739//1739
f 431//431 1739//1739 1738//1738
f 1739//1739 434//434 1734//1734
f 1738//1738 1734//1734 432//432
f 1704//1704 1708//1708 1709//1709
f 439//439 1709//1709 1708//1708
f 1709//1709 441//441 1704//1704
f 1708//1708 1704//1704 440//440
f 1730//1730 1709//1709 1731//1731
f 439//439 1731//1731 1709//1709
f 1731//1731 433//433 1730//1730
f 1709//1709 1730//1730 441//441
f 1705//1705 1704//1704 1701//1701
f 441//441 1701//1701 1704//1704
f 1701//1701 442//442 1705//1705
f 1704//1704 1705//1705 440//440
f 1711//1711 1710//1710 1708//1708
f 439//439 1708//1708 1710//1710
f 1708//1708 440//440 1711//1711
f 1710//1710 1711//1711 438//438
f 1722//1722 1726//1726 1728//1728
f 434//434 1728//1728 1726//1726
f 1728//1728 436//436 1722//1722
f 1726//1726 1722//1722 435//435
f 1719//1719 1728//1728 1727//1727
f 434//434 1727//1727 1728//1728
f 1727//1727 438//438 1719//1719
f 1728//1728 1719//1719 436//436
f 1723//1723 1722//1722 1718//1718
f 436//436 1718//1718 1722//1722
f 1718//1718 437//437 1723//1723
f 1722//1722 1723//1723 435//435
f 1735//1735 1734//1734 1726//1726
f 434//434 1726//1726 1734//1734
f 1726//1726 435//435 1735//1735
f 1734//1734 1735//1735 432//432
f 1747//1747 1751//1751 1753//1753
f 428//428 1753//1753 1751//1751
f 1753//1753 431//431 1747//1747
f 1751//1751 1747//1747 429//429
f 1740//1740 1753//1753 1752//1752
f 428//428 1752//1752 1753//1753
f 1752//1752 433//433 1740//1740
f 1753//1753 1740//1740 431//431
f 1748//1748 1747//1747 1738//1738
f 431//431 1738//1738 1747//1747
f 1738//1738 432//432 1748//1748
f 1747//1747 1748//1748 429//429
f 1746//1746 1754//1754 1751//1751
f 428//428 1751//1751 1754//1754
f 1751//1751 429//429 1746//1746
f 1754//1754 1746//1746 430//430
f 1757//1757 1758//1758 1759//1759
f 425//425 1759//1759 1758//1758
f 1759//1759 427//427 1757//1757
f 1758//1758 1757//1757 426//426
f 2555//2555 1759//1759 2554//2554
f 425//425 2554//2554 1759//1759
f 2554//2554 147//147 2555//2555
f 1759//1759 2555//2555 427//427
f 1765//1765 1757//1757 1764//1764
f 427//427 1764//1764 1757//1757
f 1764//1764 422//422 1765//1765
f 1757//1757 1765//1765 426//426
f 1792//1792 1793//1793 1758//1758
f 425//425 1758//1758 1793//1793
f 1758//1758 426//426 1792//1792
f 1793//1793 1792//1792 409//409
f 2562//2562 1767//1767 2561//2561
f 427//427 2561//2561 1767//1767
f 2561//2561 145//145 2562//2562
f 1767//1767 2562//2562 421//421
f 2559//2559 2561//2561 2555//2555
f 427//427 2555//2555 2561//2561
f 2555//2555 147//147 2559//2559
f 2561//2561 2559//2559 145//145
f 2698//2698 2562//2562 2696//2696
f 145//145 2696//2696 2562//2562
f 2696//2696 102//102 2698//2698
f 2562//2562 2698//2698 421//421
f 1766//1766 1764//1764 1767//1767
f 427//427 1767//1767 1764//1764
f 1767//1767 421//421 1766//1766
f 1764//1764 1766//1766 422//422
f 1799//1799 1800//1800 1760//1760
f 426//426 1760//1760 1800//1800
f 1760//1760 424//424 1799//1799
f 1800//1800 1799//1799 407//407
f 1763//1763 1760//1760 1765//1765
f 426//426 1765//1765 1760//1760
f 1765//1765 422//422 1763//1763
f 1760//1760 1763//1763 424//424
f 1922//1922 1799//1799 1921//1921
f 424//424 1921//1921 1799//1799
f 1921//1921 358//358 1922//1922
f 1799//1799 1922//1922 407//407
f 1798//1798 1792//1792 1800//1800
f 426//426 1800//1800 1792//1792
f 1800//1800 407//407 1798//1798
f 1792//1792 1798//1798 409//409
f 1785//1785 2536//2536 2537//2537
f 153//153 2537//2537 2536//2536
f 2537//2537 425//425 1785//1785
f 2536//2536 1785//1785 411//411
f 2554//2554 2537//2537 2552//2552
f 153//153 2552//2552 2537//2537
f 2552//2552 147//147 2554//2554
f 2537//2537 2554//2554 425//425
f 1791//1791 1785//1785 1793//1793
f 425//425 1793//1793 1785//1785
f 1793//1793 409//409 1791//1791
f 1785//1785 1791//1791 411//411
f 2617//2617 2619//2619 2536//2536
f 153//153 2536//2536 2619//2619
f 2536//2536 411//411 2617//2617
f 2619//2619 2617//2617 127//127
f 1770//1770 1771//1771 1772//1772
f 419//419 1772//1772 1771//1771
f 1772//1772 423//423 1770//1770
f 1771//1771 1770//1770 420//420
f 1876//1876 1772//1772 1875//1875
f 419//419 1875//1875 1772//1772
f 1875//1875 376//376 1876//1876
f 1772//1772 1876//1876 423//423
f 1768//1768 1770//1770 1762//1762
f 423//423 1762//1762 1770//1770
f 1762//1762 422//422 1768//1768
f 1770//1770 1768//1768 420//420
f 1834//1834 1835//1835 1771//1771
f 419//419 1771//1771 1835//1835
f 1771//1771 420//420 1834//1834
f 1835//1835 1834//1834 391//391
f 1883//1883 1761//1761 1882//1882
f 423//423 1882//1882 1761//1761
f 1882//1882 374//374 1883//1883
f 1761//1761 1883//1883 424//424
f 1880//1880 1882//1882 1876//1876
f 423//423 1876//1876 1882//1882
f 1876//1876 376//376 1880//1880
f 1882//1882 1880//1880 374//374
f 1921//1921 1883//1883 1919//1919
f 374//374 1919//1919 1883//1883
f 1919//1919 358//358 1921//1921
f 1883//1883 1921//1921 424//424
f 1763//1763 1762//1762 1761//1761
f 423//423 1761//1761 1762//1762
f 1761//1761 424//424 1763//1763
f 1762//1762 1763//1763 422//422
f 1841//1841 1842//1842 1769//1769
f 420//420 1769//1769 1842//1842
f 1769//1769 421//421 1841//1841
f 1842//1842 1841//1841 389//389
f 1766//1766 1769//1769 1768//1768
f 420//420 1768//1768 1769//1769
f 1768//1768 422//422 1766//1766
f 1769//1769 1766//1766 421//421
f 2697//2697 1841//1841 2698//2698
f 421//421 2698//2698 1841//1841
f 2698//2698 102//102 2697//2697
f 1841//1841 2697//2697 389//389
f 1840//1840 1834//1834 1842//1842
f 420//420 1842//1842 1834//1834
f 1842//1842 389//389 1840//1840
f 1834//1834 1840//1840 391//391
f 1829//1829 1869//1869 1870//1870
f 379//379 1870//1870 1869//1869
f 1870//1870 419//419 1829//1829
f 1869//1869 1829//1829 393//393
f 1875//1875 1870//1870 1873//1873
f 379//379 1873//1873 1870//1870
f 1873//1873 376//376 1875//1875
f 1870//1870 1875//1875 419//419
f 1833//1833 1829//1829 1835//1835
f 419//419 1835//1835 1829//1829
f 1835//1835 391//391 1833//1833
f 1829//1829 1833//1833 393//393
f 2014//2014 2015//2015 1869//1869
f 379//379 1869//1869 2015//2015
f 1869//1869 393//393 2014//2014
f 2015//2015 2014//2014 328//328
f 1773//1773 1774//1774 1775//1775
f 416//416 1775//1775 1774//1774
f 1775//1775 418//418 1773//1773
f 1774//1774 1773//1773 417//417
f 2607//2607 1775//1775 2606//2606
f 416//416 2606//2606 1775//1775
f 2606//2606 130//130 2607//2607
f 1775//1775 2607//2607 418//418
f 1781//1781 1773//1773 1780//1780
f 418//418 1780//1780 1773//1773
f 1780//1780 413//413 1781//1781
f 1773//1773 1781//1781 417//417
f 1820//1820 1821//1821 1774//1774
f 416//416 1774//1774 1821//1821
f 1774//1774 417//417 1820//1820
f 1821//1821 1820//1820 397//397
f 2630//2630 1783//1783 2629//2629
f 418//418 2629//2629 1783//1783
f 2629//2629 125//125 2630//2630
f 1783//1783 2630//2630 412//412
f 2626//2626 2629//2629 2607//2607
f 418//418 2607//2607 2629//2629
f 2607//2607 130//130 2626//2626
f 2629//2629 2626//2626 125//125
f 2618//2618 2630//2630 2628//2628
f 125//125 2628//2628 2630//2630
f 2628//2628 127//127 2618//2618
f 2630//2630 2618//2618 412//412
f 1782//1782 1780//1780 1783//1783
f 418//418 1783//1783 1780//1780
f 1783//1783 412//412 1782//1782
f 1780//1780 1782//1782 413//413
f 1827//1827 1828//1828 1776//1776
f 417//417 1776//1776 1828//1828
f 1776//1776 415//415 1827//1827
f 1828//1828 1827//1827 395//395
f 1779//1779 1776//1776 1781//1781
f 417//417 1781//1781 1776//1776
f 1781//1781 413//413 1779//1779
f 1776//1776 1779//1779 415//415
f 1970//1970 1827//1827 1969//1969
f 415//415 1969//1969 1827//1827
f 1969//1969 342//342 1970//1970
f 1827//1827 1970//1970 395//395
f 1826//1826 1820//1820 1828//1828
f 417//417 1828//1828 1820//1820
f 1828//1828 395//395 1826//1826
f 1820//1820 1826//1826 397//397
f 1813//1813 2578//2578 2579//2579
f 138//138 2579//2579 2578//2578
f 2579//2579 416//416 1813//1813
f 2578//2578 1813//1813 399//399
f 2606//2606 2579//2579 2604//2604
f 138//138 2604//2604 2579//2579
f 2604//2604 130//130 2606//2606
f 2579//2579 2606//2606 416//416
f 1819//1819 1813//1813 1821//1821
f 416//416 1821//1821 1813//1813
f 1821//1821 397//397 1819//1819
f 1813//1813 1819//1819 399//399
f 2666//2666 2668//2668 2578//2578
f 138//138 2578//2578 2668//2668
f 2578//2578 399//399 2666//2666
f 2668//2668 2666//2666 111//111
f 1789//1789 1795//1795 1796//1796
f 408//408 1796//1796 1795//1795
f 1796//1796 414//414 1789//1789
f 1795//1795 1789//1789 410//410
f 1905//1905 1796//1796 1904//1904
f 408//408 1904//1904 1796//1796
f 1904//1904 364//364 1905//1905
f 1796//1796 1905//1905 414//414
f 1787//1787 1789//1789 1778//1778
f 414//414 1778//1778 1789//1789
f 1778//1778 413//413 1787//1787
f 1789//1789 1787//1787 410//410
f 1790//1790 1794//1794 1795//1795
f 408//408 1795//1795 1794//1794
f 1795//1795 410//410 1790//1790
f 1794//1794 1790//1790 409//409
f 1912//1912 1777//1777 1911//1911
f 414//414 1911//1911 1777//1777
f 1911//1911 362//362 1912//1912
f 1777//1777 1912//1912 415//415
f 1909//1909 1911//1911 1905//1905
f 414//414 1905//1905 1911//1911
f 1905//1905 364//364 1909//1909
f 1911//1911 1909//1909 362//362
f 1969//1969 1912//1912 1967//1967
f 362//362 1967//1967 1912//1912
f 1967//1967 342//342 1969//1969
f 1912//1912 1969//1969 415//415
f 1779//1779 1778//1778 1777//1777
f 414//414 1777//1777 1778//1778
f 1777//1777 415//415 1779//1779
f 1778//1778 1779//1779 413//413
f 1784//1784 1786//1786 1788//1788
f 410//410 1788//1788 1786//1786
f 1788//1788 412//412 1784//1784
f 1786//1786 1784//1784 411//411
f 1782//1782 1788//1788 1787//1787
f 410//410 1787//1787 1788//1788
f 1787//1787 413//413 1782//1782
f 1788//1788 1782//1782 412//412
f 2617//2617 1784//1784 2618//2618
f 412//412 2618//2618 1784//1784
f 2618//2618 127//127 2617//2617
f 1784//1784 2617//2617 411//411
f 1791//1791 1790//1790 1786//1786
f 410//410 1786//1786 1790//1790
f 1786//1786 411//411 1791//1791
f 1790//1790 1791//1791 409//409
f 1797//1797 1898//1898 1899//1899
f 367//367 1899//1899 1898//1898
f 1899//1899 408//408 1797//1797
f 1898//1898 1797//1797 407//407
f 1904//1904 1899//1899 1902//1902
f 367//367 1902//1902 1899//1899
f 1902//1902 364//364 1904//1904
f 1899//1899 1904//1904 408//408
f 1798//1798 1797//1797 1794//1794
f 408//408 1794//1794 1797//1797
f 1794//1794 409//409 1798//1798
f 1797//1797 1798//1798 407//407
f 1922//1922 1920//1920 1898//1898
f 367//367 1898//1898 1920//1920
f 1898//1898 407//407 1922//1922
f 1920//1920 1922//1922 358//358
f 1801//1801 1802//1802 1803//1803
f 404//404 1803//1803 1802//1802
f 1803//1803 406//406 1801//1801
f 1802//1802 1801//1801 405//405
f 2656//2656 1803//1803 2655//2655
f 404//404 2655//2655 1803//1803
f 2655//2655 114//114 2656//2656
f 1803//1803 2656//2656 406//406
f 1809//1809 1801//1801 1808//1808
f 406//406 1808//1808 1801//1801
f 1808//1808 401//401 1809//1809
f 1801//1801 1809//1809 405//405
f 1860//1860 1861//1861 1802//1802
f 404//404 1802//1802 1861//1861
f 1802//1802 405//405 1860//1860
f 1861//1861 1860//1860 382//382
f 2679//2679 1811//1811 2678//2678
f 406//406 2678//2678 1811//1811
f 2678//2678 109//109 2679//2679
f 1811//1811 2679//2679 400//400
f 2675//2675 2678//2678 2656//2656
f 406//406 2656//2656 2678//2678
f 2656//2656 114//114 2675//2675
f 2678//2678 2675//2675 109//109
f 2667//2667 2679//2679 2677//2677
f 109//109 2677//2677 2679//2679
f 2677//2677 111//111 2667//2667
f 2679//2679 2667//2667 400//400
f 1810//1810 1808//1808 1811//1811
f 406//406 1811//1811 1808//1808
f 1811//1811 400//400 1810//1810
f 1808//1808 1810//1810 401//401
f 1867//1867 1868//1868 1804//1804
f 405//405 1804//1804 1868//1868
f 1804//1804 403//403 1867//1867
f 1868//1868 1867//1867 380//380
f 1807//1807 1804//1804 1809//1809
f 405//405 1809//1809 1804//1804
f 1809//1809 401//401 1807//1807
f 1804//1804 1807//1807 403//403
f 2037//2037 1867//1867 2036//2036
f 403//403 2036//2036 1867//1867
f 2036//2036 322//322 2037//2037
f 1867//1867 2037//2037 380//380
f 1866//1866 1860//1860 1868//1868
f 405//405 1868//1868 1860//1860
f 1868//1868 380//380 1866//1866
f 1860//1860 1866//1866 382//382
f 1853//1853 2634//2634 2635//2635
f 121//121 2635//2635 2634//2634
f 2635//2635 404//404 1853//1853
f 2634//2634 1853//1853 384//384
f 2655//2655 2635//2635 2653//2653
f 121//121 2653//2653 2635//2635
f 2653//2653 114//114 2655//2655
f 2635//2635 2655//2655 404//404
f 1859//1859 1853//1853 1861//1861
f 404//404 1861//1861 1853//1853
f 1861//1861 382//382 1859//1859
f 1853//1853 1859//1859 384//384
f 2733//2733 2735//2735 2634//2634
f 121//121 2634//2634 2735//2735
f 2634//2634 384//384 2733//2733
f 2735//2735 2733//2733 91//91
f 1817//1817 1823//1823 1824//1824
f 396//396 1824//1824 1823//1823
f 1824//1824 402//402 1817//1817
f 1823//1823 1817//1817 398//398
f 1953//1953 1824//1824 1952//1952
f 396//396 1952//1952 1824//1824
f 1952//1952 348//348 1953//1953
f 1824//1824 1953//1953 402//402
f 1815//1815 1817//1817 1806//1806
f 402//402 1806//1806 1817//1817
f 1806//1806 401//401 1815//1815
f 1817//1817 1815//1815 398//398
f 1818//1818 1822//1822 1823//1823
f 396//396 1823//1823 1822//1822
f 1823//1823 398//398 1818//1818
f 1822//1822 1818//1818 397//397
f 1960//1960 1805//1805 1959//1959
f 402//402 1959//1959 1805//1805
f 1959//1959 346//346 1960//1960
f 1805//1805 1960//1960 403//403
f 1957//1957 1959//1959 1953//1953
f 402//402 1953//1953 1959//1959
f 1953//1953 348//348 1957//1957
f 1959//1959 1957//1957 346//346
f 2036//2036 1960//1960 2034//2034
f 346//346 2034//2034 1960//1960
f 2034//2034 322//322 2036//2036
f 1960//1960 2036//2036 403//403
f 1807//1807 1806//1806 1805//1805
f 402//402 1805//1805 1806//1806
f 1805//1805 403//403 1807//1807
f 1806//1806 1807//1807 401//401
f 1812//1812 1814//1814 1816//1816
f 398//398 1816//1816 1814//1814
f 1816//1816 400//400 1812//1812
f 1814//1814 1812//1812 399//399
f 1810//1810 1816//1816 1815//1815
f 398//398 1815//1815 1816//1816
f 1815//1815 401//401 1810//1810
f 1816//1816 1810//1810 400//400
f 2666//2666 1812//1812 2667//2667
f 400//400 2667//2667 1812//1812
f 2667//2667 111//111 2666//2666
f 1812//1812 2666//2666 399//399
f 1819//1819 1818//1818 1814//1814
f 398//398 1814//1814 1818//1818
f 1814//1814 399//399 1819//1819
f 1818//1818 1819//1819 397//397
f 1825//1825 1946//1946 1947//1947
f 351//351 1947//1947 1946//1946
f 1947//1947 396//396 1825//1825
f 1946//1946 1825//1825 395//395
f 1952//1952 1947//1947 1950//1950
f 351//351 1950//1950 1947//1947
f 1950//1950 348//348 1952//1952
f 1947//1947 1952//1952 396//396
f 1826//1826 1825//1825 1822//1822
f 396//396 1822//1822 1825//1825
f 1822//1822 397//397 1826//1826
f 1825//1825 1826//1826 395//395
f 1970//1970 1968//1968 1946//1946
f 351//351 1946//1946 1968//1968
f 1946//1946 395//395 1970//1970
f 1968//1968 1970//1970 342//342
f 1831//1831 1837//1837 1838//1838
f 390//390 1838//1838 1837//1837
f 1838//1838 394//394 1831//1831
f 1837//1837 1831//1831 392//392
f 2723//2723 1838//1838 2722//2722
f 390//390 2722//2722 1838//1838
f 2722//2722 94//94 2723//2723
f 1838//1838 2723//2723 394//394
f 1849//1849 1831//1831 1848//1848
f 394//394 1848//1848 1831//1831
f 1848//1848 386//386 1849//1849
f 1831//1831 1849//1849 392//392
f 1832//1832 1836//1836 1837//1837
f 390//390 1837//1837 1836//1836
f 1837//1837 392//392 1832//1832
f 1836//1836 1832//1832 391//391
f 2746//2746 1851//1851 2745//2745
f 394//394 2745//2745 1851//1851
f 2745//2745 89//89 2746//2746
f 1851//1851 2746//2746 385//385
f 2742//2742 2745//2745 2723//2723
f 394//394 2723//2723 2745//2745
f 2723//2723 94//94 2742//2742
f 2745//2745 2742//2742 89//89
f 2734//2734 2746//2746 2744//2744
f 89//89 2744//2744 2746//2746
f 2744//2744 91//91 2734//2734
f 2746//2746 2734//2734 385//385
f 1850//1850 1848//1848 1851//1851
f 394//394 1851//1851 1848//1848
f 1851//1851 385//385 1850//1850
f 1848//1848 1850//1850 386//386
f 1844//1844 1830//1830 1843//1843
f 392//392 1843//1843 1830//1830
f 1843//1843 388//388 1844//1844
f 1830//1830 1844//1844 393//393
f 1847//1847 1843//1843 1849//1849
f 392//392 1849//1849 1843//1843
f 1849//1849 386//386 1847//1847
f 1843//1843 1847//1847 388//388
f 2014//2014 1844//1844 2013//2013
f 388//388 2013//2013 1844//1844
f 2013//2013 328//328 2014//2014
f 1844//1844 2014//2014 393//393
f 1833//1833 1832//1832 1830//1830
f 392//392 1830//1830 1832//1832
f 1830//1830 393//393 1833//1833
f 1832//1832 1833//1833 391//391
f 1839//1839 2700//2700 2701//2701
f 101//101 2701//2701 2700//2700
f 2701//2701 390//390 1839//1839
f 2700//2700 1839//1839 389//389
f 2722//2722 2701//2701 2720//2720
f 101//101 2720//2720 2701//2701
f 2720//2720 94//94 2722//2722
f 2701//2701 2722//2722 390//390
f 1840//1840 1839//1839 1836//1836
f 390//390 1836//1836 1839//1839
f 1836//1836 391//391 1840//1840
f 1839//1839 1840//1840 389//389
f 2697//2697 2699//2699 2700//2700
f 101//101 2700//2700 2699//2699
f 2700//2700 389//389 2697//2697
f 2699//2699 2697//2697 102//102
f 1857//1857 1863//1863 1864//1864
f 381//381 1864//1864 1863//1863
f 1864//1864 387//387 1857//1857
f 1863//1863 1857//1857 383//383
f 2003//2003 1864//1864 2002//2002
f 381//381 2002//2002 1864//1864
f 2002//2002 331//331 2003//2003
f 1864//1864 2003//2003 387//387
f 1855//1855 1857//1857 1846//1846
f 387//387 1846//1846 1857//1857
f 1846//1846 386//386 1855//1855
f 1857//1857 1855//1855 383//383
f 1858//1858 1862//1862 1863//1863
f 381//381 1863//1863 1862//1862
f 1863//1863 383//383 1858//1858
f 1862//1862 1858//1858 382//382
f 2026//2026 1845//1845 2025//2025
f 387//387 2025//2025 1845//1845
f 2025//2025 326//326 2026//2026
f 1845//1845 2026//2026 388//388
f 2022//2022 2025//2025 2003//2003
f 387//387 2003//2003 2025//2025
f 2003//2003 331//331 2022//2022
f 2025//2025 2022//2022 326//326
f 2013//2013 2026//2026 2024//2024
f 326//326 2024//2024 2026//2026
f 2024//2024 328//328 2013//2013
f 2026//2026 2013//2013 388//388
f 1847//1847 1846//1846 1845//1845
f 387//387 1845//1845 1846//1846
f 1845//1845 388//388 1847//1847
f 1846//1846 1847//1847 386//386
f 1852//1852 1854//1854 1856//1856
f 383//383 1856//1856 1854//1854
f 1856//1856 385//385 1852//1852
f 1854//1854 1852//1852 384//384
f 1850//1850 1856//1856 1855//1855
f 383//383 1855//1855 1856//1856
f 1855//1855 386//386 1850//1850
f 1856//1856 1850//1850 385//385
f 2733//2733 1852//1852 2734//2734
f 385//385 2734//2734 1852//1852
f 2734//2734 91//91 2733//2733
f 1852//1852 2733//2733 384//384
f 1859//1859 1858//1858 1854//1854
f 383//383 1854//1854 1858//1858
f 1854//1854 384//384 1859//1859
f 1858//1858 1859//1859 382//382
f 1865//1865 1994//1994 1995//1995
f 335//335 1995//1995 1994//1994
f 1995//1995 381//381 1865//1865
f 1994//1994 1865//1865 380//380
f 2002//2002 1995//1995 2000//2000
f 335//335 2000//2000 1995//1995
f 2000//2000 331//331 2002//2002
f 1995//1995 2002//2002 381//381
f 1866//1866 1865//1865 1862//1862
f 381//381 1862//1862 1865//1865
f 1862//1862 382//382 1866//1866
f 1865//1865 1866//1866 380//380
f 2037//2037 2035//2035 1994//1994
f 335//335 1994//1994 2035//2035
f 1994//1994 380//380 2037//2037
f 2035//2035 2037//2037 322//322
f 1872//1872 1877//1877 1879//1879
f 375//375 1879//1879 1877//1877
f 1879//1879 378//378 1872//1872
f 1877//1877 1872//1872 377//377
f 1874//1874 1879//1879 1878//1878
f 375//375 1878//1878 1879//1879
f 1878//1878 376//376 1874//1874
f 1879//1879 1874//1874 378//378
f 1889//1889 1872//1872 1888//1888
f 378//378 1888//1888 1872//1872
f 1888//1888 371//371 1889//1889
f 1872//1872 1889//1889 377//377
f 1937//1937 1938//1938 1877//1877
f 375//375 1877//1877 1938//1938
f 1877//1877 377//377 1937//1937
f 1938//1938 1937//1937 354//354
f 1891//1891 1892//1892 1871//1871
f 378//378 1871//1871 1892//1892
f 1871//1871 379//379 1891//1891
f 1892//1892 1891//1891 370//370
f 1873//1873 1871//1871 1874//1874
f 378//378 1874//1874 1871//1871
f 1874//1874 376//376 1873//1873
f 1871//1871 1873//1873 379//379
f 2012//2012 1891//1891 2015//2015
f 379//379 2015//2015 1891//1891
f 2015//2015 328//328 2012//2012
f 1891//1891 2012//2012 370//370
f 1890//1890 1888//1888 1892//1892
f 378//378 1892//1892 1888//1888
f 1892//1892 370//370 1890//1890
f 1888//1888 1890//1890 371//371
f 1944//1944 1945//1945 1884//1884
f 377//377 1884//1884 1945//1945
f 1884//1884 373//373 1944//1944
f 1945//1945 1944//1944 352//352
f 1887//1887 1884//1884 1889//1889
f 377//377 1889//1889 1884//1884
f 1889//1889 371//371 1887//1887
f 1884//1884 1887//1887 373//373
f 2114//2114 1944//1944 2113//2113
f 373//373 2113//2113 1944//1944
f 2113//2113 294//294 2114//2114
f 1944//1944 2114//2114 352//352
f 1943//1943 1937//1937 1945//1945
f 377//377 1945//1945 1937//1937
f 1945//1945 352//352 1943//1943
f 1937//1937 1943//1943 354//354
f 1929//1929 1930//1930 1881//1881
f 374//374 1881//1881 1930//1930
f 1881//1881 375//375 1929//1929
f 1930//1930 1929//1929 356//356
f 1878//1878 1881//1881 1880//1880
f 374//374 1880//1880 1881//1881
f 1880//1880 376//376 1878//1878
f 1881//1881 1878//1878 375//375
f 1936//1936 1929//1929 1938//1938
f 375//375 1938//1938 1929//1929
f 1938//1938 354//354 1936//1936
f 1929//1929 1936//1936 356//356
f 1928//1928 1919//1919 1930//1930
f 374//374 1930//1930 1919//1919
f 1930//1930 356//356 1928//1928
f 1919//1919 1928//1928 358//358
f 1895//1895 1896//1896 1897//1897
f 368//368 1897//1897 1896//1896
f 1897//1897 372//372 1895//1895
f 1896//1896 1895//1895 369//369
f 2068//2068 1897//1897 2067//2067
f 368//368 2067//2067 1897//1897
f 2067//2067 312//312 2068//2068
f 1897//1897 2068//2068 372//372
f 1893//1893 1895//1895 1886//1886
f 372//372 1886//1886 1895//1895
f 1886//1886 371//371 1893//1893
f 1895//1895 1893//1893 369//369
f 2006//2006 2007//2007 1896//1896
f 368//368 1896//1896 2007//2007
f 1896//1896 369//369 2006//2006
f 2007//2007 2006//2006 330//330
f 2075//2075 1885//1885 2074//2074
f 372//372 2074//2074 1885//1885
f 2074//2074 310//310 2075//2075
f 1885//1885 2075//2075 373//373
f 2072//2072 2074//2074 2068//2068
f 372//372 2068//2068 2074//2074
f 2068//2068 312//312 2072//2072
f 2074//2074 2072//2072 310//310
f 2113//2113 2075//2075 2111//2111
f 310//310 2111//2111 2075//2075
f 2111//2111 294//294 2113//2113
f 2075//2075 2113//2113 373//373
f 1887//1887 1886//1886 1885//1885
f 372//372 1885//1885 1886//1886
f 1885//1885 373//373 1887//1887
f 1886//1886 1887//1887 371//371
f 2019//2019 2020//2020 1894//1894
f 369//369 1894//1894 2020//2020
f 1894//1894 370//370 2019//2019
f 2020//2020 2019//2019 327//327
f 1890//1890 1894//1894 1893//1893
f 369//369 1893//1893 1894//1894
f 1893//1893 371//371 1890//1890
f 1894//1894 1890//1890 370//370
f 2016//2016 2019//2019 2012//2012
f 370//370 2012//2012 2019//2019
f 2012//2012 328//328 2016//2016
f 2019//2019 2016//2016 327//327
f 2018//2018 2006//2006 2020//2020
f 369//369 2020//2020 2006//2006
f 2020//2020 327//327 2018//2018
f 2006//2006 2018//2018 330//330
f 1997//1997 2061//2061 2062//2062
f 315//315 2062//2062 2061//2061
f 2062//2062 368//368 1997//1997
f 2061//2061 1997//1997 333//333
f 2067//2067 2062//2062 2065//2065
f 315//315 2065//2065 2062//2062
f 2065//2065 312//312 2067//2067
f 2062//2062 2067//2067 368//368
f 2005//2005 1997//1997 2007//2007
f 368//368 2007//2007 1997//1997
f 2007//2007 330//330 2005//2005
f 1997//1997 2005//2005 333//333
f 2206//2206 2207//2207 2061//2061
f 315//315 2061//2061 2207//2207
f 2061//2061 333//333 2206//2206
f 2207//2207 2206//2206 264//264
f 1901//1901 1906//1906 1908//1908
f 363//363 1908//1908 1906//1906
f 1908//1908 366//366 1901//1901
f 1906//1906 1901//1901 365//365
f 1903//1903 1908//1908 1907//1907
f 363//363 1907//1907 1908//1908
f 1907//1907 364//364 1903//1903
f 1908//1908 1903//1903 366//366
f 1918//1918 1901//1901 1917//1917
f 366//366 1917//1917 1901//1901
f 1917//1917 359//359 1918//1918
f 1901//1901 1918//1918 365//365
f 1985//1985 1986//1986 1906//1906
f 363//363 1906//1906 1986//1986
f 1906//1906 365//365 1985//1985
f 1986//1986 1985//1985 338//338
f 1925//1925 1926//1926 1900//1900
f 366//366 1900//1900 1926//1926
f 1900//1900 367//367 1925//1925
f 1926//1926 1925//1925 357//357
f 1902//1902 1900//1900 1903//1903
f 366//366 1903//1903 1900//1900
f 1903//1903 364//364 1902//1902
f 1900//1900 1902//1902 367//367
f 1923//1923 1925//1925 1920//1920
f 367//367 1920//1920 1925//1925
f 1920//1920 358//358 1923//1923
f 1925//1925 1923//1923 357//357
f 1924//1924 1917//1917 1926//1926
f 366//366 1926//1926 1917//1917
f 1926//1926 357//357 1924//1924
f 1917//1917 1924//1924 359//359
f 1992//1992 1993//1993 1913//1913
f 365//365 1913//1913 1993//1993
f 1913//1913 361//361 1992//1992
f 1993//1993 1992//1992 336//336
f 1916//1916 1913//1913 1918//1918
f 365//365 1918//1918 1913//1913
f 1918//1918 359//359 1916//1916
f 1913//1913 1916//1916 361//361
f 2162//2162 1992//1992 2161//2161
f 361//361 2161//2161 1992//1992
f 2161//2161 278//278 2162//2162
f 1992//1992 2162//2162 336//336
f 1991//1991 1985//1985 1993//1993
f 365//365 1993//1993 1985//1985
f 1993//1993 336//336 1991//1991
f 1985//1985 1991//1991 338//338
f 1977//1977 1978//1978 1910//1910
f 362//362 1910//1910 1978//1978
f 1910//1910 363//363 1977//1977
f 1978//1978 1977//1977 340//340
f 1907//1907 1910//1910 1909//1909
f 362//362 1909//1909 1910//1910
f 1909//1909 364//364 1907//1907
f 1910//1910 1907//1907 363//363
f 1984//1984 1977//1977 1986//1986
f 363//363 1986//1986 1977//1977
f 1986//1986 338//338 1984//1984
f 1977//1977 1984//1984 340//340
f 1976//1976 1967//1967 1978//1978
f 362//362 1978//1978 1967//1967
f 1978//1978 340//340 1976//1976
f 1967//1967 1976//1976 342//342
f 1934//1934 1940//1940 1941//1941
f 353//353 1941//1941 1940//1940
f 1941//1941 360//360 1934//1934
f 1940//1940 1934//1934 355//355
f 2097//2097 1941//1941 2096//2096
f 353//353 2096//2096 1941//1941
f 2096//2096 300//300 2097//2097
f 1941//1941 2097//2097 360//360
f 1932//1932 1934//1934 1915//1915
f 360//360 1915//1915 1934//1934
f 1915//1915 359//359 1932//1932
f 1934//1934 1932//1932 355//355
f 1935//1935 1939//1939 1940//1940
f 353//353 1940//1940 1939//1939
f 1940//1940 355//355 1935//1935
f 1939//1939 1935//1935 354//354
f 2104//2104 1914//1914 2103//2103
f 360//360 2103//2103 1914//1914
f 2103//2103 298//298 2104//2104
f 1914//1914 2104//2104 361//361
f 2101//2101 2103//2103 2097//2097
f 360//360 2097//2097 2103//2103
f 2097//2097 300//300 2101//2101
f 2103//2103 2101//2101 298//298
f 2161//2161 2104//2104 2159//2159
f 298//298 2159//2159 2104//2104
f 2159//2159 278//278 2161//2161
f 2104//2104 2161//2161 361//361
f 1916//1916 1915//1915 1914//1914
f 360//360 1914//1914 1915//1915
f 1914//1914 361//361 1916//1916
f 1915//1915 1916//1916 359//359
f 1927//1927 1931//1931 1933//1933
f 355//355 1933//1933 1931//1931
f 1933//1933 357//357 1927//1927
f 1931//1931 1927//1927 356//356
f 1924//1924 1933//1933 1932//1932
f 355//355 1932//1932 1933//1933
f 1932//1932 359//359 1924//1924
f 1933//1933 1924//1924 357//357
f 1928//1928 1927//1927 1923//1923
f 357//357 1923//1923 1927//1927
f 1923//1923 358//358 1928//1928
f 1927//1927 1928//1928 356//356
f 1936//1936 1935//1935 1931//1931
f 355//355 1931//1931 1935//1935
f 1931//1931 356//356 1936//1936
f 1935//1935 1936//1936 354//354
f 1942//1942 2090//2090 2091//2091
f 303//303 2091//2091 2090//2090
f 2091//2091 353//353 1942//1942
f 2090//2090 1942//1942 352//352
f 2096//2096 2091//2091 2094//2094
f 303//303 2094//2094 2091//2091
f 2094//2094 300//300 2096//2096
f 2091//2091 2096//2096 353//353
f 1943//1943 1942//1942 1939//1939
f 353//353 1939//1939 1942//1942
f 1939//1939 354//354 1943//1943
f 1942//1942 1943//1943 352//352
f 2114//2114 2112//2112 2090//2090
f 303//303 2090//2090 2112//2112
f 2090//2090 352//352 2114//2114
f 2112//2112 2114//2114 294//294
f 1949//1949 1954//1954 1956//1956
f 347//347 1956//1956 1954//1954
f 1956//1956 350//350 1949//1949
f 1954//1954 1949//1949 349//349
f 1951//1951 1956//1956 1955//1955
f 347//347 1955//1955 1956//1956
f 1955//1955 348//348 1951//1951
f 1956//1956 1951//1951 350//350
f 1966//1966 1949//1949 1965//1965
f 350//350 1965//1965 1949//1949
f 1965//1965 343//343 1966//1966
f 1949//1949 1966//1966 349//349
f 2052//2052 2053//2053 1954//1954
f 347//347 1954//1954 2053//2053
f 1954//1954 349//349 2052//2052
f 2053//2053 2052//2052 318//318
f 1973//1973 1974//1974 1948//1948
f 350//350 1948//1948 1974//1974
f 1948//1948 351//351 1973//1973
f 1974//1974 1973//1973 341//341
f 1950//1950 1948//1948 1951//1951
f 350//350 1951//1951 1948//1948
f 1951//1951 348//348 1950//1950
f 1948//1948 1950//1950 351//351
f 1971//1971 1973//1973 1968//1968
f 351//351 1968//1968 1973//1973
f 1968//1968 342//342 1971//1971
f 1973//1973 1971//1971 341//341
f 1972//1972 1965//1965 1974//1974
f 350//350 1974//1974 1965//1965
f 1974//1974 341//341 1972//1972
f 1965//1965 1972//1972 343//343
f 2059//2059 2060//2060 1961//1961
f 349//349 1961//1961 2060//2060
f 1961//1961 345//345 2059//2059
f 2060//2060 2059//2059 316//316
f 1964//1964 1961//1961 1966//1966
f 349//349 1966//1966 1961//1961
f 1966//1966 343//343 1964//1964
f 1961//1961 1964//1964 345//345
f 2229//2229 2059//2059 2228//2228
f 345//345 2228//2228 2059//2059
f 2228//2228 258//258 2229//2229
f 2059//2059 2229//2229 316//316
f 2058//2058 2052//2052 2060//2060
f 349//349 2060//2060 2052//2052
f 2060//2060 316//316 2058//2058
f 2052//2052 2058//2058 318//318
f 2044//2044 2045//2045 1958//1958
f 346//346 1958//1958 2045//2045
f 1958//1958 347//347 2044//2044
f 2045//2045 2044//2044 320//320
f 1955//1955 1958//1958 1957//1957
f 346//346 1957//1957 1958//1958
f 1957//1957 348//348 1955//1955
f 1958//1958 1955//1955 347//347
f 2051//2051 2044//2044 2053//2053
f 347//347 2053//2053 2044//2044
f 2053//2053 318//318 2051//2051
f 2044//2044 2051//2051 320//320
f 2043//2043 2034//2034 2045//2045
f 346//346 2045//2045 2034//2034
f 2045//2045 320//320 2043//2043
f 2034//2034 2043//2043 322//322
f 1982//1982 1988//1988 1989//1989
f 337//337 1989//1989 1988//1988
f 1989//1989 344//344 1982//1982
f 1988//1988 1982//1982 339//339
f 2145//2145 1989//1989 2144//2144
f 337//337 2144//2144 1989//1989
f 2144//2144 284//284 2145//2145
f 1989//1989 2145//2145 344//344
f 1980//1980 1982//1982 1963//1963
f 344//344 1963//1963 1982//1982
f 1963//1963 343//343 1980//1980
f 1982//1982 1980//1980 339//339
f 1983//1983 1987//1987 1988//1988
f 337//337 1988//1988 1987//1987
f 1988//1988 339//339 1983//1983
f 1987//1987 1983//1983 338//338
f 2152//2152 1962//1962 2151//2151
f 344//344 2151//2151 1962//1962
f 2151//2151 282//282 2152//2152
f 1962//1962 2152//2152 345//345
f 2149//2149 2151//2151 2145//2145
f 344//344 2145//2145 2151//2151
f 2145//2145 284//284 2149//2149
f 2151//2151 2149//2149 282//282
f 2228//2228 2152//2152 2226//2226
f 282//282 2226//2226 2152//2152
f 2226//2226 258//258 2228//2228
f 2152//2152 2228//2228 345//345
f 1964//1964 1963//1963 1962//1962
f 344//344 1962//1962 1963//1963
f 1962//1962 345//345 1964//1964
f 1963//1963 1964//1964 343//343
f 1975//1975 1979//1979 1981//1981
f 339//339 1981//1981 1979//1979
f 1981//1981 341//341 1975//1975
f 1979//1979 1975//1975 340//340
f 1972//1972 1981//1981 1980//1980
f 339//339 1980//1980 1981//1981
f 1980//1980 343//343 1972//1972
f 1981//1981 1972//1972 341//341
f 1976//1976 1975//1975 1971//1971
f 341//341 1971//1971 1975//1975
f 1971//1971 342//342 1976//1976
f 1975//1975 1976//1976 340//340
f 1984//1984 1983//1983 1979//1979
f 339//339 1979//1979 1983//1983
f 1979//1979 340//340 1984//1984
f 1983//1983 1984//1984 338//338
f 1990//1990 2138//2138 2139//2139
f 287//287 2139//2139 2138//2138
f 2139//2139 337//337 1990//1990
f 2138//2138 1990//1990 336//336
f 2144//2144 2139//2139 2142//2142
f 287//287 2142//2142 2139//2139
f 2142//2142 284//284 2144//2144
f 2139//2139 2144//2144 337//337
f 1991//1991 1990//1990 1987//1987
f 337//337 1987//1987 1990//1990
f 1987//1987 338//338 1991//1991
f 1990//1990 1991//1991 336//336
f 2162//2162 2160//2160 2138//2138
f 287//287 2138//2138 2160//2160
f 2138//2138 336//336 2162//2162
f 2160//2160 2162//2162 278//278
f 1999//1999 2009//2009 2011//2011
f 329//329 2011//2011 2009//2009
f 2011//2011 334//334 1999//1999
f 2009//2009 1999//1999 332//332
f 2001//2001 2011//2011 2010//2010
f 329//329 2010//2010 2011//2011
f 2010//2010 331//331 2001//2001
f 2011//2011 2001//2001 334//334
f 2033//2033 1999//1999 2032//2032
f 334//334 2032//2032 1999//1999
f 2032//2032 323//323 2033//2033
f 1999//1999 2033//2033 332//332
f 2004//2004 2008//2008 2009//2009
f 329//329 2009//2009 2008//2008
f 2009//2009 332//332 2004//2004
f 2008//2008 2004//2004 330//330
f 2040//2040 2041//2041 1996//1996
f 334//334 1996//1996 2041//2041
f 1996//1996 335//335 2040//2040
f 2041//2041 2040//2040 321//321
f 2000//2000 1996//1996 2001//2001
f 334//334 2001//2001 1996//1996
f 2001//2001 331//331 2000//2000
f 1996//1996 2000//2000 335//335
f 2038//2038 2040//2040 2035//2035
f 335//335 2035//2035 2040//2040
f 2035//2035 322//322 2038//2038
f 2040//2040 2038//2038 321//321
f 2039//2039 2032//2032 2041//2041
f 334//334 2041//2041 2032//2032
f 2041//2041 321//321 2039//2039
f 2032//2032 2039//2039 323//323
f 2028//2028 1998//1998 2027//2027
f 332//332 2027//2027 1998//1998
f 2027//2027 325//325 2028//2028
f 1998//1998 2028//2028 333//333
f 2031//2031 2027//2027 2033//2033
f 332//332 2033//2033 2027//2027
f 2033//2033 323//323 2031//2031
f 2027//2027 2031//2031 325//325
f 2206//2206 2028//2028 2205//2205
f 325//325 2205//2205 2028//2028
f 2205//2205 264//264 2206//2206
f 2028//2028 2206//2206 333//333
f 2005//2005 2004//2004 1998//1998
f 332//332 1998//1998 2004//2004
f 1998//1998 333//333 2005//2005
f 2004//2004 2005//2005 330//330
f 2017//2017 2021//2021 2023//2023
f 326//326 2023//2023 2021//2021
f 2023//2023 329//329 2017//2017
f 2021//2021 2017//2017 327//327
f 2010//2010 2023//2023 2022//2022
f 326//326 2022//2022 2023//2023
f 2022//2022 331//331 2010//2010
f 2023//2023 2010//2010 329//329
f 2018//2018 2017//2017 2008//2008
f 329//329 2008//2008 2017//2017
f 2008//2008 330//330 2018//2018
f 2017//2017 2018//2018 327//327
f 2016//2016 2024//2024 2021//2021
f 326//326 2021//2021 2024//2024
f 2021//2021 327//327 2016//2016
f 2024//2024 2016//2016 328//328
f 2049//2049 2055//2055 2056//2056
f 317//317 2056//2056 2055//2055
f 2056//2056 324//324 2049//2049
f 2055//2055 2049//2049 319//319
f 2195//2195 2056//2056 2194//2194
f 317//317 2194//2194 2056//2056
f 2194//2194 267//267 2195//2195
f 2056//2056 2195//2195 324//324
f 2047//2047 2049//2049 2030//2030
f 324//324 2030//2030 2049//2049
f 2030//2030 323//323 2047//2047
f 2049//2049 2047//2047 319//319
f 2050//2050 2054//2054 2055//2055
f 317//317 2055//2055 2054//2054
f 2055//2055 319//319 2050//2050
f 2054//2054 2050//2050 318//318
f 2218//2218 2029//2029 2217//2217
f 324//324 2217//2217 2029//2029
f 2217//2217 262//262 2218//2218
f 2029//2029 2218//2218 325//325
f 2214//2214 2217//2217 2195//2195
f 324//324 2195//2195 2217//2217
f 2195//2195 267//267 2214//2214
f 2217//2217 2214//2214 262//262
f 2205//2205 2218//2218 2216//2216
f 262//262 2216//2216 2218//2218
f 2216//2216 264//264 2205//2205
f 2218//2218 2205//2205 325//325
f 2031//2031 2030//2030 2029//2029
f 324//324 2029//2029 2030//2030
f 2029//2029 325//325 2031//2031
f 2030//2030 2031//2031 323//323
f 2042//2042 2046//2046 2048//2048
f 319//319 2048//2048 2046//2046
f 2048//2048 321//321 2042//2042
f 2046//2046 2042//2042 320//320
f 2039//2039 2048//2048 2047//2047
f 319//319 2047//2047 2048//2048
f 2047//2047 323//323 2039//2039
f 2048//2048 2039//2039 321//321
f 2043//2043 2042//2042 2038//2038
f 321//321 2038//2038 2042//2042
f 2038//2038 322//322 2043//2043
f 2042//2042 2043//2043 320//320
f 2051//2051 2050//2050 2046//2046
f 319//319 2046//2046 2050//2050
f 2046//2046 320//320 2051//2051
f 2050//2050 2051//2051 318//318
f 2057//2057 2186//2186 2187//2187
f 271//271 2187//2187 2186//2186
f 2187//2187 317//317 2057//2057
f 2186//2186 2057//2057 316//316
f 2194//2194 2187//2187 2192//2192
f 271//271 2192//2192 2187//2187
f 2192//2192 267//267 2194//2194
f 2187//2187 2194//2194 317//317
f 2058//2058 2057//2057 2054//2054
f 317//317 2054//2054 2057//2057
f 2054//2054 318//318 2058//2058
f 2057//2057 2058//2058 316//316
f 2229//2229 2227//2227 2186//2186
f 271//271 2186//2186 2227//2227
f 2186//2186 316//316 2229//2229
f 2227//2227 2229//2229 258//258
f 2064//2064 2069//2069 2071//2071
f 311//311 2071//2071 2069//2069
f 2071//2071 314//314 2064//2064
f 2069//2069 2064//2064 313//313
f 2066//2066 2071//2071 2070//2070
f 311//311 2070//2070 2071//2071
f 2070//2070 312//312 2066//2066
f 2071//2071 2066//2066 314//314
f 2081//2081 2064//2064 2080//2080
f 314//314 2080//2080 2064//2064
f 2080//2080 307//307 2081//2081
f 2064//2064 2081//2081 313//313
f 2129//2129 2130//2130 2069//2069
f 311//311 2069//2069 2130//2130
f 2069//2069 313//313 2129//2129
f 2130//2130 2129//2129 290//290
f 2083//2083 2084//2084 2063//2063
f 314//314 2063//2063 2084//2084
f 2063//2063 315//315 2083//2083
f 2084//2084 2083//2083 306//306
f 2065//2065 2063//2063 2066//2066
f 314//314 2066//2066 2063//2063
f 2066//2066 312//312 2065//2065
f 2063//2063 2065//2065 315//315
f 2204//2204 2083//2083 2207//2207
f 315//315 2207//2207 2083//2083
f 2207//2207 264//264 2204//2204
f 2083//2083 2204//2204 306//306
f 2082//2082 2080//2080 2084//2084
f 314//314 2084//2084 2080//2080
f 2084//2084 306//306 2082//2082
f 2080//2080 2082//2082 307//307
f 2136//2136 2137//2137 2076//2076
f 313//313 2076//2076 2137//2137
f 2076//2076 309//309 2136//2136
f 2137//2137 2136//2136 288//288
f 2079//2079 2076//2076 2081//2081
f 313//313 2081//2081 2076//2076
f 2081//2081 307//307 2079//2079
f 2076//2076 2079//2079 309//309
f 2306//2306 2136//2136 2305//2305
f 309//309 2305//2305 2136//2136
f 2305//2305 230//230 2306//2306
f 2136//2136 2306//2306 288//288
f 2135//2135 2129//2129 2137//2137
f 313//313 2137//2137 2129//2129
f 2137//2137 288//288 2135//2135
f 2129//2129 2135//2135 290//290
f 2121//2121 2122//2122 2073//2073
f 310//310 2073//2073 2122//2122
f 2073//2073 311//311 2121//2121
f 2122//2122 2121//2121 292//292
f 2070//2070 2073//2073 2072//2072
f 310//310 2072//2072 2073//2073
f 2072//2072 312//312 2070//2070
f 2073//2073 2070//2070 311//311
f 2128//2128 2121//2121 2130//2130
f 311//311 2130//2130 2121//2121
f 2130//2130 290//290 2128//2128
f 2121//2121 2128//2128 292//292
f 2120//2120 2111//2111 2122//2122
f 310//310 2122//2122 2111//2111
f 2122//2122 292//292 2120//2120
f 2111//2111 2120//2120 294//294
f 2087//2087 2088//2088 2089//2089
f 304//304 2089//2089 2088//2088
f 2089//2089 308//308 2087//2087
f 2088//2088 2087//2087 305//305
f 2260//2260 2089//2089 2259//2259
f 304//304 2259//2259 2089//2089
f 2259//2259 248//248 2260//2260
f 2089//2089 2260//2260 308//308
f 2085//2085 2087//2087 2078//2078
f 308//308 2078//2078 2087//2087
f 2078//2078 307//307 2085//2085
f 2087//2087 2085//2085 305//305
f 2198//2198 2199//2199 2088//2088
f 304//304 2088//2088 2199//2199
f 2088//2088 305//305 2198//2198
f 2199//2199 2198//2198 266//266
f 2267//2267 2077//2077 2266//2266
f 308//308 2266//2266 2077//2077
f 2266//2266 246//246 2267//2267
f 2077//2077 2267//2267 309//309
f 2264//2264 2266//2266 2260//2260
f 308//308 2260//2260 2266//2266
f 2260//2260 248//248 2264//2264
f 2266//2266 2264//2264 246//246
f 2305//2305 2267//2267 2303//2303
f 246//246 2303//2303 2267//2267
f 2303//2303 230//230 2305//2305
f 2267//2267 2305//2305 309//309
f 2079//2079 2078//2078 2077//2077
f 308//308 2077//2077 2078//2078
f 2077//2077 309//309 2079//2079
f 2078//2078 2079//2079 307//307
f 2211//2211 2212//2212 2086//2086
f 305//305 2086//2086 2212//2212
f 2086//2086 306//306 2211//2211
f 2212//2212 2211//2211 263//263
f 2082//2082 2086//2086 2085//2085
f 305//305 2085//2085 2086//2086
f 2085//2085 307//307 2082//2082
f 2086//2086 2082//2082 306//306
f 2208//2208 2211//2211 2204//2204
f 306//306 2204//2204 2211//2211
f 2204//2204 264//264 2208//2208
f 2211//2211 2208//2208 263//263
f 2210//2210 2198//2198 2212//2212
f 305//305 2212//2212 2198//2198
f 2212//2212 263//263 2210//2210
f 2198//2198 2210//2210 266//266
f 2189//2189 2253//2253 2254//2254
f 251//251 2254//2254 2253//2253
f 2254//2254 304//304 2189//2189
f 2253//2253 2189//2189 269//269
f 2259//2259 2254//2254 2257//2257
f 251//251 2257//2257 2254//2254
f 2257//2257 248//248 2259//2259
f 2254//2254 2259//2259 304//304
f 2197//2197 2189//2189 2199//2199
f 304//304 2199//2199 2189//2189
f 2199//2199 266//266 2197//2197
f 2189//2189 2197//2197 269//269
f 2398//2398 2399//2399 2253//2253
f 251//251 2253//2253 2399//2399
f 2253//2253 269//269 2398//2398
f 2399//2399 2398//2398 200//200
f 2093//2093 2098//2098 2100//2100
f 299//299 2100//2100 2098//2098
f 2100//2100 302//302 2093//2093
f 2098//2098 2093//2093 301//301
f 2095//2095 2100//2100 2099//2099
f 299//299 2099//2099 2100//2100
f 2099//2099 300//300 2095//2095
f 2100//2100 2095//2095 302//302
f 2110//2110 2093//2093 2109//2109
f 302//302 2109//2109 2093//2093
f 2109//2109 295//295 2110//2110
f 2093//2093 2110//2110 301//301
f 2177//2177 2178//2178 2098//2098
f 299//299 2098//2098 2178//2178
f 2098//2098 301//301 2177//2177
f 2178//2178 2177//2177 274//274
f 2117//2117 2118//2118 2092//2092
f 302//302 2092//2092 2118//2118
f 2092//2092 303//303 2117//2117
f 2118//2118 2117//2117 293//293
f 2094//2094 2092//2092 2095//2095
f 302//302 2095//2095 2092//2092
f 2095//2095 300//300 2094//2094
f 2092//2092 2094//2094 303//303
f 2115//2115 2117//2117 2112//2112
f 303//303 2112//2112 2117//2117
f 2112//2112 294//294 2115//2115
f 2117//2117 2115//2115 293//293
f 2116//2116 2109//2109 2118//2118
f 302//302 2118//2118 2109//2109
f 2118//2118 293//293 2116//2116
f 2109//2109 2116//2116 295//295
f 2184//2184 2185//2185 2105//2105
f 301//301 2105//2105 2185//2185
f 2105//2105 297//297 2184//2184
f 2185//2185 2184//2184 272//272
f 2108//2108 2105//2105 2110//2110
f 301//301 2110//2110 2105//2105
f 2110//2110 295//295 2108//2108
f 2105//2105 2108//2108 297//297
f 2354//2354 2184//2184 2353//2353
f 297//297 2353//2353 2184//2184
f 2353//2353 214//214 2354//2354
f 2184//2184 2354//2354 272//272
f 2183//2183 2177//2177 2185//2185
f 301//301 2185//2185 2177//2177
f 2185//2185 272//272 2183//2183
f 2177//2177 2183//2183 274//274
f 2169//2169 2170//2170 2102//2102
f 298//298 2102//2102 2170//2170
f 2102//2102 299//299 2169//2169
f 2170//2170 2169//2169 276//276
f 2099//2099 2102//2102 2101//2101
f 298//298 2101//2101 2102//2102
f 2101//2101 300//300 2099//2099
f 2102//2102 2099//2099 299//299
f 2176//2176 2169//2169 2178//2178
f 299//299 2178//2178 2169//2169
f 2178//2178 274//274 2176//2176
f 2169//2169 2176//2176 276//276
f 2168//2168 2159//2159 2170//2170
f 298//298 2170//2170 2159//2159
f 2170//2170 276//276 2168//2168
f 2159//2159 2168//2168 278//278
f 2126//2126 2132//2132 2133//2133
f 289//289 2133//2133 2132//2132
f 2133//2133 296//296 2126//2126
f 2132//2132 2126//2126 291//291
f 2289//2289 2133//2133 2288//2288
f 289//289 2288//2288 2133//2133
f 2288//2288 236//236 2289//2289
f 2133//2133 2289//2289 296//296
f 2124//2124 2126//2126 2107//2107
f 296//296 2107//2107 2126//2126
f 2107//2107 295//295 2124//2124
f 2126//2126 2124//2124 291//291
f 2127//2127 2131//2131 2132//2132
f 289//289 2132//2132 2131//2131
f 2132//2132 291//291 2127//2127
f 2131//2131 2127//2127 290//290
f 2296//2296 2106//2106 2295//2295
f 296//296 2295//2295 2106//2106
f 2295//2295 234//234 2296//2296
f 2106//2106 2296//2296 297//297
f 767//767 768//768 769//769
f 764//764 769//769 768//768
f 769//769 766//766 767//767
f 768//768 767//767 765//765
f 2293//2293 2295//2295 2289//2289
f 296//296 2289//2289 2295//2295
f 2289//2289 236//236 2293//2293
f 2295//2295 2293//2293 234//234
f 2353//2353 2296//2296 2351//2351
f 234//234 2351//2351 2296//2296
f 2351//2351 214//214 2353//2353
f 2296//2296 2353//2353 297//297
f 1519//1519 769//769 1518//1518
f 764//764 1518//1518 769//769
f 1518//1518 495//495 1519//1519
f 769//769 1519//1519 766//766
f 2108//2108 2107//2107 2106//2106
f 296//296 2106//2106 2107//2107
f 2106//2106 297//297 2108//2108
f 2107//2107 2108//2108 295//295
f 775//775 767//767 774//774
f 766//766 774//774 767//767
f 774//774 761//761 775//775
f 767//767 775//775 765//765
f 2119//2119 2123//2123 2125//2125
f 291//291 2125//2125 2123//2123
f 2125//2125 293//293 2119//2119
f 2123//2123 2119//2119 292//292
f 802//802 803//803 768//768
f 764//764 768//768 803//803
f 768//768 765//765 802//802
f 803//803 802//802 748//748
f 2116//2116 2125//2125 2124//2124
f 291//291 2124//2124 2125//2125
f 2124//2124 295//295 2116//2116
f 2125//2125 2116//2116 293//293
f 1526//1526 777//777 1525//1525
f 766//766 1525//1525 777//777
f 1525//1525 493//493 1526//1526
f 777//777 1526//1526 760//760
f 2120//2120 2119//2119 2115//2115
f 293//293 2115//2115 2119//2119
f 2115//2115 294//294 2120//2120
f 2119//2119 2120//2120 292//292
f 1523//1523 1525//1525 1519//1519
f 766//766 1519//1519 1525//1525
f 1519//1519 495//495 1523//1523
f 1525//1525 1523//1523 493//493
f 2128//2128 2127//2127 2123//2123
f 291//291 2123//2123 2127//2127
f 2123//2123 292//292 2128//2128
f 2127//2127 2128//2128 290//290
f 1700//1700 1526//1526 1698//1698
f 493//493 1698//1698 1526//1526
f 1698//1698 442//442 1700//1700
f 1526//1526 1700//1700 760//760
f 2134//2134 2282//2282 2283//2283
f 239//239 2283//2283 2282//2282
f 2283//2283 289//289 2134//2134
f 2282//2282 2134//2134 288//288
f 776//776 774//774 777//777
f 766//766 777//777 774//774
f 777//777 760//760 776//776
f 774//774 776//776 761//761
f 2288//2288 2283//2283 2286//2286
f 239//239 2286//2286 2283//2283
f 2286//2286 236//236 2288//2288
f 2283//2283 2288//2288 289//289
f 809//809 810//810 770//770
f 765//765 770//770 810//810
f 770//770 763//763 809//809
f 810//810 809//809 746//746
f 2135//2135 2134//2134 2131//2131
f 289//289 2131//2131 2134//2134
f 2131//2131 290//290 2135//2135
f 2134//2134 2135//2135 288//288
f 773//773 770//770 775//775
f 765//765 775//775 770//770
f 775//775 761//761 773//773
f 770//770 773//773 763//763
f 2306//2306 2304//2304 2282//2282
f 239//239 2282//2282 2304//2304
f 2282//2282 288//288 2306//2306
f 2304//2304 2306//2306 230//230
f 932//932 809//809 931//931
f 763//763 931//931 809//809
f 931//931 697//697 932//932
f 809//809 932//932 746//746
f 2141//2141 2146//2146 2148//2148
f 283//283 2148//2148 2146//2146
f 2148//2148 286//286 2141//2141
f 2146//2146 2141//2141 285//285
f 808//808 802//802 810//810
f 765//765 810//810 802//802
f 810//810 746//746 808//808
f 802//802 808//808 748//748
f 795//795 1500//1500 1501//1501
f 501//501 1501//1501 1500//1500
f 1501//1501 764//764 795//795
f 1500//1500 795//795 750//750
f 2143//2143 2148//2148 2147//2147
f 283//283 2147//2147 2148//2148
f 2147//2147 284//284 2143//2143
f 2148//2148 2143//2143 286//286
f 1518//1518 1501//1501 1516//1516
f 501//501 1516//1516 1501//1501
f 1516//1516 495//495 1518//1518
f 1501//1501 1518//1518 764//764
f 2158//2158 2141//2141 2157//2157
f 286//286 2157//2157 2141//2141
f 2157//2157 279//279 2158//2158
f 2141//2141 2158//2158 285//285
f 801//801 795//795 803//803
f 764//764 803//803 795//795
f 803//803 748//748 801//801
f 795//795 801//801 750//750
f 2244//2244 2245//2245 2146//2146
f 283//283 2146//2146 2245//2245
f 2146//2146 285//285 2244//2244
f 2245//2245 2244//2244 254//254
f 1581//1581 1583//1583 1500//1500
f 501//501 1500//1500 1583//1583
f 1500//1500 750//750 1581//1581
f 1583//1583 1581//1581 475//475
f 2165//2165 2166//2166 2140//2140
f 286//286 2140//2140 2166//2166
f 2140//2140 287//287 2165//2165
f 2166//2166 2165//2165 277//277
f 780//780 781//781 782//782
f 758//758 782//782 781//781
f 782//782 762//762 780//780
f 781//781 780//780 759//759
f 2142//2142 2140//2140 2143//2143
f 286//286 2143//2143 2140//2140
f 2143//2143 284//284 2142//2142
f 2140//2140 2142//2142 287//287
f 886//886 782//782 885//885
f 758//758 885//885 782//782
f 885//885 715//715 886//886
f 782//782 886//886 762//762
f 2163//2163 2165//2165 2160//2160
f 287//287 2160//2160 2165//2165
f 2160//2160 278//278 2163//2163
f 2165//2165 2163//2163 277//277
f 778//778 780//780 772//772
f 762//762 772//772 780//780
f 772//772 761//761 778//778
f 780//780 778//778 759//759
f 2164//2164 2157//2157 2166//2166
f 286//286 2166//2166 2157//2157
f 2166//2166 277//277 2164//2164
f 2157//2157 2164//2164 279//279
f 844//844 845//845 781//781
f 758//758 781//781 845//845
f 781//781 759//759 844//844
f 845//845 844//844 730//730
f 2251//2251 2252//2252 2153//2153
f 285//285 2153//2153 2252//2252
f 2153//2153 281//281 2251//2251
f 2252//2252 2251//2251 252//252
f 893//893 771//771 892//892
f 762//762 892//892 771//771
f 892//892 713//713 893//893
f 771//771 893//893 763//763
f 2156//2156 2153//2153 2158//2158
f 285//285 2158//2158 2153//2153
f 2158//2158 279//279 2156//2156
f 2153//2153 2156//2156 281//281
f 890//890 892//892 886//886
f 762//762 886//886 892//892
f 886//886 715//715 890//890
f 892//892 890//890 713//713
f 2421//2421 2251//2251 2420//2420
f 281//281 2420//2420 2251//2251
f 2420//2420 194//194 2421//2421
f 2251//2251 2421//2421 252//252
f 931//931 893//893 929//929
f 713//713 929//929 893//893
f 929//929 697//697 931//931
f 893//893 931//931 763//763
f 2250//2250 2244//2244 2252//2252
f 285//285 2252//2252 2244//2244
f 2252//2252 252//252 2250//2250
f 2244//2244 2250//2250 254//254
f 773//773 772//772 771//771
f 762//762 771//771 772//772
f 771//771 763//763 773//773
f 772//772 773//773 761//761
f 2236//2236 2237//2237 2150//2150
f 282//282 2150//2150 2237//2237
f 2150//2150 283//283 2236//2236
f 2237//2237 2236//2236 256//256
f 851//851 852//852 779//779
f 759//759 779//779 852//852
f 779//779 760//760 851//851
f 852//852 851//851 728//728
f 2147//2147 2150//2150 2149//2149
f 282//282 2149//2149 2150//2150
f 2149//2149 284//284 2147//2147
f 2150//2150 2147//2147 283//283
f 776//776 779//779 778//778
f 759//759 778//778 779//779
f 778//778 761//761 776//776
f 779//779 776//776 760//760
f 2243//2243 2236//2236 2245//2245
f 283//283 2245//2245 2236//2236
f 2245//2245 254//254 2243//2243
f 2236//2236 2243//2243 256//256
f 1699//1699 851//851 1700//1700
f 760//760 1700//1700 851//851
f 1700//1700 442//442 1699//1699
f 851//851 1699//1699 728//728
f 2235//2235 2226//2226 2237//2237
f 282//282 2237//2237 2226//2226
f 2237//2237 256//256 2235//2235
f 2226//2226 2235//2235 258//258
f 850//850 844//844 852//852
f 759//759 852//852 844//844
f 852//852 728//728 850//850
f 844//844 850//850 730//730
f 2174//2174 2180//2180 2181//2181
f 273//273 2181//2181 2180//2180
f 2181//2181 280//280 2174//2174
f 2180//2180 2174//2174 275//275
f 839//839 879//879 880//880
f 718//718 880//880 879//879
f 880//880 758//758 839//839
f 879//879 839//839 732//732
f 2337//2337 2181//2181 2336//2336
f 273//273 2336//2336 2181//2181
f 2336//2336 220//220 2337//2337
f 2181//2181 2337//2337 280//280
f 885//885 880//880 883//883
f 718//718 883//883 880//880
f 883//883 715//715 885//885
f 880//880 885//885 758//758
f 2172//2172 2174//2174 2155//2155
f 280//280 2155//2155 2174//2174
f 2155//2155 279//279 2172//2172
f 2174//2174 2172//2172 275//275
f 843//843 839//839 845//845
f 758//758 845//845 839//839
f 845//845 730//730 843//843
f 839//839 843//843 732//732
f 2175//2175 2179//2179 2180//2180
f 273//273 2180//2180 2179//2179
f 2180//2180 275//275 2175//2175
f 2179//2179 2175//2175 274//274
f 3058//3058 3059//3059 879//879
f 718//718 879//879 3059//3059
f 879//879 732//732 3058//3058
f 3059//3059 3058//3058 3//3
f 2344//2344 2154//2154 2343//2343
f 280//280 2343//2343 2154//2154
f 2343//2343 218//218 2344//2344
f 2154//2154 2344//2344 281//281
f 783//783 784//784 785//785
f 755//755 785//785 784//784
f 785//785 757//757 783//783
f 784//784 783//783 756//756
f 2341//2341 2343//2343 2337//2337
f 280//280 2337//2337 2343//2343
f 2337//2337 220//220 2341//2341
f 2343//2343 2341//2341 218//218
f 1571//1571 785//785 1570//1570
f 755//755 1570//1570 785//785
f 1570//1570 478//478 1571//1571
f 785//785 1571//1571 757//757
f 2420//2420 2344//2344 2418//2418
f 218//218 2418//2418 2344//2344
f 2418//2418 194//194 2420//2420
f 2344//2344 2420//2420 281//281
f 791//791 783//783 790//790
f 757//757 790//790 783//783
f 790//790 752//752 791//791
f 783//783 791//791 756//756
f 2156//2156 2155//2155 2154//2154
f 280//280 2154//2154 2155//2155
f 2154//2154 281//281 2156//2156
f 2155//2155 2156//2156 279//279
f 830//830 831//831 784//784
f 755//755 784//784 831//831
f 784//784 756//756 830//830
f 831//831 830//830 736//736
f 2167//2167 2171//2171 2173//2173
f 275//275 2173//2173 2171//2171
f 2173//2173 277//277 2167//2167
f 2171//2171 2167//2167 276//276
f 1594//1594 793//793 1593//1593
f 757//757 1593//1593 793//793
f 1593//1593 473//473 1594//1594
f 793//793 1594//1594 751//751
f 2164//2164 2173//2173 2172//2172
f 275//275 2172//2172 2173//2173
f 2172//2172 279//279 2164//2164
f 2173//2173 2164//2164 277//277
f 1590//1590 1593//1593 1571//1571
f 757//757 1571//1571 1593//1593
f 1571//1571 478//478 1590//1590
f 1593//1593 1590//1590 473//473
f 2168//2168 2167//2167 2163//2163
f 277//277 2163//2163 2167//2167
f 2163//2163 278//278 2168//2168
f 2167//2167 2168//2168 276//276
f 1582//1582 1594//1594 1592//1592
f 473//473 1592//1592 1594//1594
f 1592//1592 475//475 1582//1582
f 1594//1594 1582//1582 751//751
f 2176//2176 2175//2175 2171//2171
f 275//275 2171//2171 2175//2175
f 2171//2171 276//276 2176//2176
f 2175//2175 2176//2176 274//274
f 792//792 790//790 793//793
f 757//757 793//793 790//790
f 793//793 751//751 792//792
f 790//790 792//792 752//752
f 2182//2182 2330//2330 2331//2331
f 223//223 2331//2331 2330//2330
f 2331//2331 273//273 2182//2182
f 2330//2330 2182//2182 272//272
f 837//837 838//838 786//786
f 756//756 786//786 838//838
f 786//786 754//754 837//837
f 838//838 837//837 734//734
f 2336//2336 2331//2331 2334//2334
f 223//223 2334//2334 2331//2331
f 2334//2334 220//220 2336//2336
f 2331//2331 2336//2336 273//273
f 789//789 786//786 791//791
f 756//756 791//791 786//786
f 791//791 752//752 789//789
f 786//786 789//789 754//754
f 2183//2183 2182//2182 2179//2179
f 273//273 2179//2179 2182//2182
f 2179//2179 274//274 2183//2183
f 2182//2182 2183//2183 272//272
f 2961//2961 837//837 2960//2960
f 754//754 2960//2960 837//837
f 2960//2960 28//28 2961//2961
f 837//837 2961//2961 734//734
f 2354//2354 2352//2352 2330//2330
f 223//223 2330//2330 2352//2352
f 2330//2330 272//272 2354//2354
f 2352//2352 2354//2354 214//214
f 836//836 830//830 838//838
f 756//756 838//838 830//830
f 838//838 734//734 836//836
f 830//830 836//836 736//736
f 2191//2191 2201//2201 2203//2203
f 265//265 2203//2203 2201//2201
f 2203//2203 270//270 2191//2191
f 2201//2201 2191//2191 268//268
f 823//823 1542//1542 1543//1543
f 486//486 1543//1543 1542//1542
f 1543//1543 755//755 823//823
f 1542//1542 823//823 738//738
f 2193//2193 2203//2203 2202//2202
f 265//265 2202//2202 2203//2203
f 2202//2202 267//267 2193//2193
f 2203//2203 2193//2193 270//270
f 1570//1570 1543//1543 1568//1568
f 486//486 1568//1568 1543//1543
f 1568//1568 478//478 1570//1570
f 1543//1543 1570//1570 755//755
f 2225//2225 2191//2191 2224//2224
f 270//270 2224//2224 2191//2191
f 2224//2224 259//259 2225//2225
f 2191//2191 2225//2225 268//268
f 829//829 823//823 831//831
f 755//755 831//831 823//823
f 831//831 736//736 829//829
f 823//823 829//829 738//738
f 2196//2196 2200//2200 2201//2201
f 265//265 2201//2201 2200//2200
f 2201//2201 268//268 2196//2196
f 2200//2200 2196//2196 266//266
f 1649//1649 1651//1651 1542//1542
f 486//486 1542//1542 1651//1651
f 1542//1542 738//738 1649//1649
f 1651//1651 1649//1649 455//455
f 2232//2232 2233//2233 2188//2188
f 270//270 2188//2188 2233//2233
f 2188//2188 271//271 2232//2232
f 2233//2233 2232//2232 257//257
f 799//799 805//805 806//806
f 747//747 806//806 805//805
f 806//806 753//753 799//799
f 805//805 799//799 749//749
f 2192//2192 2188//2188 2193//2193
f 270//270 2193//2193 2188//2188
f 2193//2193 267//267 2192//2192
f 2188//2188 2192//2192 271//271
f 915//915 806//806 914//914
f 747//747 914//914 806//806
f 914//914 703//703 915//915
f 806//806 915//915 753//753
f 2230//2230 2232//2232 2227//2227
f 271//271 2227//2227 2232//2232
f 2227//2227 258//258 2230//2230
f 2232//2232 2230//2230 257//257
f 797//797 799//799 788//788
f 753//753 788//788 799//799
f 788//788 752//752 797//797
f 799//799 797//797 749//749
f 2231//2231 2224//2224 2233//2233
f 270//270 2233//2233 2224//2224
f 2233//2233 257//257 2231//2231
f 2224//2224 2231//2231 259//259
f 800//800 804//804 805//805
f 747//747 805//805 804//804
f 805//805 749//749 800//800
f 804//804 800//800 748//748
f 2220//2220 2190//2190 2219//2219
f 268//268 2219//2219 2190//2190
f 2219//2219 261//261 2220//2220
f 2190//2190 2220//2220 269//269
f 922//922 787//787 921//921
f 753//753 921//921 787//787
f 921//921 701//701 922//922
f 787//787 922//922 754//754
f 2223//2223 2219//2219 2225//2225
f 268//268 2225//2225 2219//2219
f 2225//2225 259//259 2223//2223
f 2219//2219 2223//2223 261//261
f 919//919 921//921 915//915
f 753//753 915//915 921//921
f 915//915 703//703 919//919
f 921//921 919//919 701//701
f 2398//2398 2220//2220 2397//2397
f 261//261 2397//2397 2220//2220
f 2397//2397 200//200 2398//2398
f 2220//2220 2398//2398 269//269
f 2960//2960 922//922 2958//2958
f 701//701 2958//2958 922//922
f 2958//2958 28//28 2960//2960
f 922//922 2960//2960 754//754
f 2197//2197 2196//2196 2190//2190
f 268//268 2190//2190 2196//2196
f 2190//2190 269//269 2197//2197
f 2196//2196 2197//2197 266//266
f 789//789 788//788 787//787
f 753//753 787//787 788//788
f 787//787 754//754 789//789
f 788//788 789//789 752//752
f 2209//2209 2213//2213 2215//2215
f 262//262 2215//2215 2213//2213
f 2215//2215 265//265 2209//2209
f 2213//2213 2209//2209 263//263
f 794//794 796//796 798//798
f 749//749 798//798 796//796
f 798//798 751//751 794//794
f 796//796 794//794 750//750
f 2202//2202 2215//2215 2214//2214
f 262//262 2214//2214 2215//2215
f 2214//2214 267//267 2202//2202
f 2215//2215 2202//2202 265//265
f 792//792 798//798 797//797
f 749//749 797//797 798//798
f 797//797 752//752 792//792
f 798//798 792//792 751//751
f 2210//2210 2209//2209 2200//2200
f 265//265 2200//2200 2209//2209
f 2200//2200 266//266 2210//2210
f 2209//2209 2210//2210 263//263
f 1581//1581 794//794 1582//1582
f 751//751 1582//1582 794//794
f 1582//1582 475//475 1581//1581
f 794//794 1581//1581 750//750
f 2208//2208 2216//2216 2213//2213
f 262//262 2213//2213 2216//2216
f 2213//2213 263//263 2208//2208
f 2216//2216 2208//2208 264//264
f 801//801 800//800 796//796
f 749//749 796//796 800//800
f 796//796 750//750 801//801
f 800//800 801//801 748//748
f 2241//2241 2247//2247 2248//2248
f 253//253 2248//2248 2247//2247
f 2248//2248 260//260 2241//2241
f 2247//2247 2241//2241 255//255
f 807//807 908//908 909//909
f 706//706 909//909 908//908
f 909//909 747//747 807//807
f 908//908 807//807 746//746
f 2387//2387 2248//2248 2386//2386
f 253//253 2386//2386 2248//2248
f 2386//2386 203//203 2387//2387
f 2248//2248 2387//2387 260//260
f 914//914 909//909 912//912
f 706//706 912//912 909//909
f 912//912 703//703 914//914
f 909//909 914//914 747//747
f 2239//2239 2241//2241 2222//2222
f 260//260 2222//2222 2241//2241
f 2222//2222 259//259 2239//2239
f 2241//2241 2239//2239 255//255
f 808//808 807//807 804//804
f 747//747 804//804 807//807
f 804//804 748//748 808//808
f 807//807 808//808 746//746
f 2242//2242 2246//2246 2247//2247
f 253//253 2247//2247 2246//2246
f 2247//2247 255//255 2242//2242
f 2246//2246 2242//2242 254//254
f 932//932 930//930 908//908
f 706//706 908//908 930//930
f 908//908 746//746 932//932
f 930//930 932//932 697//697
f 2410//2410 2221//2221 2409//2409
f 260//260 2409//2409 2221//2221
f 2409//2409 198//198 2410//2410
f 2221//2221 2410//2410 261//261
f 811//811 812//812 813//813
f 743//743 813//813 812//812
f 813//813 745//745 811//811
f 812//812 811//811 744//744
f 2406//2406 2409//2409 2387//2387
f 260//260 2387//2387 2409//2409
f 2387//2387 203//203 2406//2406
f 2409//2409 2406//2406 198//198
f 1639//1639 813//813 1638//1638
f 743//743 1638//1638 813//813
f 1638//1638 458//458 1639//1639
f 813//813 1639//1639 745//745
f 2397//2397 2410//2410 2408//2408
f 198//198 2408//2408 2410//2410
f 2408//2408 200//200 2397//2397
f 2410//2410 2397//2397 261//261
f 819//819 811//811 818//818
f 745//745 818//818 811//811
f 818//818 740//740 819//819
f 811//811 819//819 744//744
f 2223//2223 2222//2222 2221//2221
f 260//260 2221//2221 2222//2222
f 2221//2221 261//261 2223//2223
f 2222//2222 2223//2223 259//259
f 870//870 871//871 812//812
f 743//743 812//812 871//871
f 812//812 744//744 870//870
f 871//871 870//870 721//721
f 2234//2234 2238//2238 2240//2240
f 255//255 2240//2240 2238//2238
f 2240//2240 257//257 2234//2234
f 2238//2238 2234//2234 256//256
f 1662//1662 821//821 1661//1661
f 745//745 1661//1661 821//821
f 1661//1661 453//453 1662//1662
f 821//821 1662//1662 739//739
f 2231//2231 2240//2240 2239//2239
f 255//255 2239//2239 2240//2240
f 2239//2239 259//259 2231//2231
f 2240//2240 2231//2231 257//257
f 1658//1658 1661//1661 1639//1639
f 745//745 1639//1639 1661//1661
f 1639//1639 458//458 1658//1658
f 1661//1661 1658//1658 453//453
f 2235//2235 2234//2234 2230//2230
f 257//257 2230//2230 2234//2234
f 2230//2230 258//258 2235//2235
f 2234//2234 2235//2235 256//256
f 1650//1650 1662//1662 1660//1660
f 453//453 1660//1660 1662//1662
f 1660//1660 455//455 1650//1650
f 1662//1662 1650//1650 739//739
f 2243//2243 2242//2242 2238//2238
f 255//255 2238//2238 2242//2242
f 2238//2238 256//256 2243//2243
f 2242//2242 2243//2243 254//254
f 820//820 818//818 821//821
f 745//745 821//821 818//818
f 821//821 739//739 820//820
f 818//818 820//820 740//740
f 2249//2249 2378//2378 2379//2379
f 207//207 2379//2379 2378//2378
f 2379//2379 253//253 2249//2249
f 2378//2378 2249//2249 252//252
f 877//877 878//878 814//814
f 744//744 814//814 878//878
f 814//814 742//742 877//877
f 878//878 877//877 719//719
f 2386//2386 2379//2379 2384//2384
f 207//207 2384//2384 2379//2379
f 2384//2384 203//203 2386//2386
f 2379//2379 2386//2386 253//253
f 817//817 814//814 819//819
f 744//744 819//819 814//814
f 819//819 740//740 817//817
f 814//814 817//817 742//742
f 2250//2250 2249//2249 2246//2246
f 253//253 2246//2246 2249//2249
f 2246//2246 254//254 2250//2250
f 2249//2249 2250//2250 252//252
f 2799//2799 877//877 2798//2798
f 742//742 2798//2798 877//877
f 2798//2798 72//72 2799//2799
f 877//877 2799//2799 719//719
f 2421//2421 2419//2419 2378//2378
f 207//207 2378//2378 2419//2419
f 2378//2378 252//252 2421//2421
f 2419//2419 2421//2421 194//194
f 876//876 870//870 878//878
f 744//744 878//878 870//870
f 878//878 719//719 876//876
f 870//870 876//876 721//721
f 2256//2256 2261//2261 2263//2263
f 247//247 2263//2263 2261//2261
f 2263//2263 250//250 2256//2256
f 2261//2261 2256//2256 249//249
f 863//863 1610//1610 1611//1611
f 466//466 1611//1611 1610//1610
f 1611//1611 743//743 863//863
f 1610//1610 863//863 723//723
f 2258//2258 2263//2263 2262//2262
f 247//247 2262//2262 2263//2263
f 2262//2262 248//248 2258//2258
f 2263//2263 2258//2258 250//250
f 1638//1638 1611//1611 1636//1636
f 466//466 1636//1636 1611//1611
f 1636//1636 458//458 1638//1638
f 1611//1611 1638//1638 743//743
f 2273//2273 2256//2256 2272//2272
f 250//250 2272//2272 2256//2256
f 2272//2272 243//243 2273//2273
f 2256//2256 2273//2273 249//249
f 869//869 863//863 871//871
f 743//743 871//871 863//863
f 871//871 721//721 869//869
f 863//863 869//869 723//723
f 2321//2321 2322//2322 2261//2261
f 247//247 2261//2261 2322//2322
f 2261//2261 249//249 2321//2321
f 2322//2322 2321//2321 226//226
f 1743//1743 1745//1745 1610//1610
f 466//466 1610//1610 1745//1745
f 1610//1610 723//723 1743//1743
f 1745//1745 1743//1743 430//430
f 2275//2275 2276//2276 2255//2255
f 250//250 2255//2255 2276//2276
f 2255//2255 251//251 2275//2275
f 2276//2276 2275//2275 242//242
f 827//827 833//833 834//834
f 735//735 834//834 833//833
f 834//834 741//741 827//827
f 833//833 827//827 737//737
f 2257//2257 2255//2255 2258//2258
f 250//250 2258//2258 2255//2255
f 2258//2258 248//248 2257//2257
f 2255//2255 2257//2257 251//251
f 2757//2757 834//834 2756//2756
f 735//735 2756//2756 834//834
f 2756//2756 84//84 2757//2757
f 834//834 2757//2757 741//741
f 2396//2396 2275//2275 2399//2399
f 251//251 2399//2399 2275//2275
f 2399//2399 200//200 2396//2396
f 2275//2275 2396//2396 242//242
f 825//825 827//827 816//816
f 741//741 816//816 827//827
f 816//816 740//740 825//825
f 827//827 825//825 737//737
f 2274//2274 2272//2272 2276//2276
f 250//250 2276//2276 2272//2272
f 2276//2276 242//242 2274//2274
f 2272//2272 2274//2274 243//243
f 828//828 832//832 833//833
f 735//735 833//833 832//832
f 833//833 737//737 828//828
f 832//832 828//828 736//736
f 2328//2328 2329//2329 2268//2268
f 249//249 2268//2268 2329//2329
f 2268//2268 245//245 2328//2328
f 2329//2329 2328//2328 224//224
f 2774//2774 815//815 2773//2773
f 741//741 2773//2773 815//815
f 2773//2773 80//80 2774//2774
f 815//815 2774//2774 742//742
f 2271//2271 2268//2268 2273//2273
f 249//249 2273//2273 2268//2268
f 2273//2273 243//243 2271//2271
f 2268//2268 2271//2271 245//245
f 2771//2771 2773//2773 2757//2757
f 741//741 2757//2757 2773//2773
f 2757//2757 84//84 2771//2771
f 2773//2773 2771//2771 80//80
f 2498//2498 2328//2328 2497//2497
f 245//245 2497//2497 2328//2328
f 2497//2497 166//166 2498//2498
f 2328//2328 2498//2498 224//224
f 2327//2327 2321//2321 2329//2329
f 249//249 2329//2329 2321//2321
f 2329//2329 224//224 2327//2327
f 2321//2321 2327//2327 226//226
f 2798//2798 2774//2774 2794//2794
f 80//80 2794//2794 2774//2774
f 2794//2794 72//72 2798//2798
f 2774//2774 2798//2798 742//742
f 2313//2313 2314//2314 2265//2265
f 246//246 2265//2265 2314//2314
f 2265//2265 247//247 2313//2313
f 2314//2314 2313//2313 228//228
f 817//817 816//816 815//815
f 741//741 815//815 816//816
f 815//815 742//742 817//817
f 816//816 817//817 740//740
f 2262//2262 2265//2265 2264//2264
f 246//246 2264//2264 2265//2265
f 2264//2264 248//248 2262//2262
f 2265//2265 2262//2262 247//247
f 822//822 824//824 826//826
f 737//737 826//826 824//824
f 826//826 739//739 822//822
f 824//824 822//822 738//738
f 2320//2320 2313//2313 2322//2322
f 247//247 2322//2322 2313//2313
f 2322//2322 226//226 2320//2320
f 2313//2313 2320//2320 228//228
f 820//820 826//826 825//825
f 737//737 825//825 826//826
f 825//825 740//740 820//820
f 826//826 820//820 739//739
f 2312//2312 2303//2303 2314//2314
f 246//246 2314//2314 2303//2303
f 2314//2314 228//228 2312//2312
f 2303//2303 2312//2312 230//230
f 1649//1649 822//822 1650//1650
f 739//739 1650//1650 822//822
f 1650//1650 455//455 1649//1649
f 822//822 1649//1649 738//738
f 2279//2279 2280//2280 2281//2281
f 240//240 2281//2281 2280//2280
f 2281//2281 244//244 2279//2279
f 2280//2280 2279//2279 241//241
f 829//829 828//828 824//824
f 737//737 824//824 828//828
f 824//824 738//738 829//829
f 828//828 829//829 736//736
f 2452//2452 2281//2281 2451//2451
f 240//240 2451//2451 2281//2281
f 2451//2451 184//184 2452//2452
f 2281//2281 2452//2452 244//244
f 835//835 2747//2747 2748//2748
f 88//88 2748//2748 2747//2747
f 2748//2748 735//735 835//835
f 2747//2747 835//835 734//734
f 2277//2277 2279//2279 2270//2270
f 244//244 2270//2270 2279//2279
f 2270//2270 243//243 2277//2277
f 2279//2279 2277//2277 241//241
f 2756//2756 2748//2748 2754//2754
f 88//88 2754//2754 2748//2748
f 2754//2754 84//84 2756//2756
f 2748//2748 2756//2756 735//735
f 2390//2390 2391//2391 2280//2280
f 240//240 2280//2280 2391//2391
f 2280//2280 241//241 2390//2390
f 2391//2391 2390//2390 202//202
f 836//836 835//835 832//832
f 735//735 832//832 835//835
f 832//832 736//736 836//836
f 835//835 836//836 734//734
f 2459//2459 2269//2269 2458//2458
f 244//244 2458//2458 2269//2269
f 2458//2458 182//182 2459//2459
f 2269//2269 2459//2459 245//245
f 2961//2961 2959//2959 2747//2747
f 88//88 2747//2747 2959//2959
f 2747//2747 734//734 2961//2961
f 2959//2959 2961//2961 28//28
f 2456//2456 2458//2458 2452//2452
f 244//244 2452//2452 2458//2458
f 2452//2452 184//184 2456//2456
f 2458//2458 2456//2456 182//182
f 841//841 847//847 848//848
f 729//729 848//848 847//847
f 848//848 733//733 841//841
f 847//847 841//841 731//731
f 1733//1733 848//848 1732//1732
f 729//729 1732//1732 848//848
f 1732//1732 433//433 1733//1733
f 848//848 1733//1733 733//733
f 2497//2497 2459//2459 2495//2495
f 182//182 2495//2495 2459//2459
f 2495//2495 166//166 2497//2497
f 2459//2459 2497//2497 245//245
f 859//859 841//841 858//858
f 733//733 858//858 841//841
f 858//858 725//725 859//859
f 841//841 859//859 731//731
f 2271//2271 2270//2270 2269//2269
f 244//244 2269//2269 2270//2270
f 2269//2269 245//245 2271//2271
f 2270//2270 2271//2271 243//243
f 842//842 846//846 847//847
f 729//729 847//847 846//846
f 847//847 731//731 842//842
f 846//846 842//842 730//730
f 2403//2403 2404//2404 2278//2278
f 241//241 2278//2278 2404//2404
f 2278//2278 242//242 2403//2403
f 2404//2404 2403//2403 199//199
f 1756//1756 861//861 1755//1755
f 733//733 1755//1755 861//861
f 1755//1755 428//428 1756//1756
f 861//861 1756//1756 724//724
f 2274//2274 2278//2278 2277//2277
f 241//241 2277//2277 2278//2278
f 2277//2277 243//243 2274//2274
f 2278//2278 2274//2274 242//242
f 1752//1752 1755//1755 1733//1733
f 733//733 1733//1733 1755//1755
f 1733//1733 433//433 1752//1752
f 1755//1755 1752//1752 428//428
f 2400//2400 2403//2403 2396//2396
f 242//242 2396//2396 2403//2403
f 2396//2396 200//200 2400//2400
f 2403//2403 2400//2400 199//199
f 1744//1744 1756//1756 1754//1754
f 428//428 1754//1754 1756//1756
f 1754//1754 430//430 1744//1744
f 1756//1756 1744//1744 724//724
f 2402//2402 2390//2390 2404//2404
f 241//241 2404//2404 2390//2390
f 2404//2404 199//199 2402//2402
f 2390//2390 2402//2402 202//202
f 860//860 858//858 861//861
f 733//733 861//861 858//858
f 861//861 724//724 860//860
f 858//858 860//860 725//725
f 2381//2381 2445//2445 2446//2446
f 187//187 2446//2446 2445//2445
f 2446//2446 240//240 2381//2381
f 2445//2445 2381//2381 205//205
f 854//854 840//840 853//853
f 731//731 853//853 840//840
f 853//853 727//727 854//854
f 840//840 854//854 732//732
f 2451//2451 2446//2446 2449//2449
f 187//187 2449//2449 2446//2446
f 2449//2449 184//184 2451//2451
f 2446//2446 2451//2451 240//240
f 857//857 853//853 859//859
f 731//731 859//859 853//853
f 859//859 725//725 857//857
f 853//853 857//857 727//727
f 2389//2389 2381//2381 2391//2391
f 240//240 2391//2391 2381//2381
f 2391//2391 202//202 2389//2389
f 2381//2381 2389//2389 205//205
f 3058//3058 854//854 3057//3057
f 727//727 3057//3057 854//854
f 3057//3057 3//3 3058//3058
f 854//854 3058//3058 732//732
f 3028//3028 3029//3029 2445//2445
f 187//187 2445//2445 3029//3029
f 2445//2445 205//205 3028//3028
f 3029//3029 3028//3028 10//10
f 843//843 842//842 840//840
f 731//731 840//840 842//842
f 840//840 732//732 843//843
f 842//842 843//843 730//730
f 2285//2285 2290//2290 2292//2292
f 235//235 2292//2292 2290//2290
f 2292//2292 238//238 2285//2285
f 2290//2290 2285//2285 237//237
f 849//849 1702//1702 1703//1703
f 441//441 1703//1703 1702//1702
f 1703//1703 729//729 849//849
f 1702//1702 849//849 728//728
f 2287//2287 2292//2292 2291//2291
f 235//235 2291//2291 2292//2292
f 2291//2291 236//236 2287//2287
f 2292//2292 2287//2287 238//238
f 1732//1732 1703//1703 1730//1730
f 441//441 1730//1730 1703//1703
f 1730//1730 433//433 1732//1732
f 1703//1703 1732//1732 729//729
f 2302//2302 2285//2285 2301//2301
f 238//238 2301//2301 2285//2285
f 2301//2301 231//231 2302//2302
f 2285//2285 2302//2302 237//237
f 850//850 849//849 846//846
f 729//729 846//846 849//849
f 846//846 730//730 850//850
f 849//849 850//850 728//728
f 2369//2369 2370//2370 2290//2290
f 235//235 2290//2290 2370//2370
f 2290//2290 237//237 2369//2369
f 2370//2370 2369//2369 210//210
f 1699//1699 1701//1701 1702//1702
f 441//441 1702//1702 1701//1701
f 1702//1702 728//728 1699//1699
f 1701//1701 1699//1699 442//442
f 2309//2309 2310//2310 2284//2284
f 238//238 2284//2284 2310//2310
f 2284//2284 239//239 2309//2309
f 2310//2310 2309//2309 229//229
f 867//867 873//873 874//874
f 720//720 874//874 873//873
f 874//874 726//726 867//867
f 873//873 867//867 722//722
f 2286//2286 2284//2284 2287//2287
f 238//238 2287//2287 2284//2284
f 2287//2287 236//236 2286//2286
f 2284//2284 2286//2286 239//239
f 2789//2789 874//874 2787//2787
f 720//720 2787//2787 874//874
f 2787//2787 74//74 2789//2789
f 874//874 2789//2789 726//726
f 2307//2307 2309//2309 2304//2304
f 239//239 2304//2304 2309//2309
f 2304//2304 230//230 2307//2307
f 2309//2309 2307//2307 229//229
f 865//865 867//867 856//856
f 726//726 856//856 867//867
f 856//856 725//725 865//865
f 867//867 865//865 722//722
f 2308//2308 2301//2301 2310//2310
f 238//238 2310//2310 2301//2301
f 2310//2310 229//229 2308//2308
f 2301//2301 2308//2308 231//231
f 868//868 872//872 873//873
f 720//720 873//873 872//872
f 873//873 722//722 868//868
f 872//872 868//868 721//721
f 2376//2376 2377//2377 2297//2297
f 237//237 2297//2297 2377//2377
f 2297//2297 233//233 2376//2376
f 2377//2377 2376//2376 208//208
f 2779//2779 855//855 2778//2778
f 726//726 2778//2778 855//855
f 2778//2778 77//77 2779//2779
f 855//855 2779//2779 727//727
f 2300//2300 2297//2297 2302//2302
f 237//237 2302//2302 2297//2297
f 2302//2302 231//231 2300//2300
f 2297//2297 2300//2300 233//233
f 2788//2788 2778//2778 2789//2789
f 726//726 2789//2789 2778//2778
f 2789//2789 74//74 2788//2788
f 2778//2778 2788//2788 77//77
f 2914//2914 2376//2376 2913//2913
f 233//233 2913//2913 2376//2376
f 2913//2913 40//40 2914//2914
f 2376//2376 2914//2914 208//208
f 3057//3057 2779//2779 3054//3054
f 77//77 3054//3054 2779//2779
f 3054//3054 3//3 3057//3057
f 2779//2779 3057//3057 727//727
f 2375//2375 2369//2369 2377//2377
f 237//237 2377//2377 2369//2369
f 2377//2377 208//208 2375//2375
f 2369//2369 2375//2375 210//210
f 857//857 856//856 855//855
f 726//726 855//855 856//856
f 855//855 727//727 857//857
f 856//856 857//857 725//725
f 2361//2361 2362//2362 2294//2294
f 234//234 2294//2294 2362//2362
f 2294//2294 235//235 2361//2361
f 2362//2362 2361//2361 212//212
f 862//862 864//864 866//866
f 722//722 866//866 864//864
f 866//866 724//724 862//862
f 864//864 862//862 723//723
f 2291//2291 2294//2294 2293//2293
f 234//234 2293//2293 2294//2294
f 2293//2293 236//236 2291//2291
f 2294//2294 2291//2291 235//235
f 860//860 866//866 865//865
f 722//722 865//865 866//866
f 865//865 725//725 860//860
f 866//866 860//860 724//724
f 2368//2368 2361//2361 2370//2370
f 235//235 2370//2370 2361//2361
f 2370//2370 210//210 2368//2368
f 2361//2361 2368//2368 212//212
f 1743//1743 862//862 1744//1744
f 724//724 1744//1744 862//862
f 1744//1744 430//430 1743//1743
f 862//862 1743//1743 723//723
f 2360//2360 2351//2351 2362//2362
f 234//234 2362//2362 2351//2351
f 2362//2362 212//212 2360//2360
f 2351//2351 2360//2360 214//214
f 869//869 868//868 864//864
f 722//722 864//864 868//868
f 864//864 723//723 869//869
f 868//868 869//869 721//721
f 2318//2318 2324//2324 2325//2325
f 225//225 2325//2325 2324//2324
f 2325//2325 232//232 2318//2318
f 2324//2324 2318//2318 227//227
f 875//875 2802//2802 2804//2804
f 71//71 2804//2804 2802//2802
f 2804//2804 720//720 875//875
f 2802//2802 875//875 719//719
f 2481//2481 2325//2325 2480//2480
f 225//225 2480//2480 2325//2325
f 2480//2480 172//172 2481//2481
f 2325//2325 2481//2481 232//232
f 2787//2787 2804//2804 2803//2803
f 71//71 2803//2803 2804//2804
f 2803//2803 74//74 2787//2787
f 2804//2804 2787//2787 720//720
f 2316//2316 2318//2318 2299//2299
f 232//232 2299//2299 2318//2318
f 2299//2299 231//231 2316//2316
f 2318//2318 2316//2316 227//227
f 876//876 875//875 872//872
f 720//720 872//872 875//875
f 872//872 721//721 876//876
f 875//875 876//876 719//719
f 2319//2319 2323//2323 2324//2324
f 225//225 2324//2324 2323//2323
f 2324//2324 227//227 2319//2319
f 2323//2323 2319//2319 226//226
f 2799//2799 2800//2800 2802//2802
f 71//71 2802//2802 2800//2800
f 2802//2802 719//719 2799//2799
f 2800//2800 2799//2799 72//72
f 2488//2488 2298//2298 2487//2487
f 232//232 2487//2487 2298//2298
f 2487//2487 170//170 2488//2488
f 2298//2298 2488//2488 233//233
f 882//882 887//887 889//889
f 714//714 889//889 887//887
f 889//889 717//717 882//882
f 887//887 882//882 716//716
f 2485//2485 2487//2487 2481//2481
f 232//232 2481//2481 2487//2487
f 2481//2481 172//172 2485//2485
f 2487//2487 2485//2485 170//170
f 884//884 889//889 888//888
f 714//714 888//888 889//889
f 888//888 715//715 884//884
f 889//889 884//884 717//717
f 2913//2913 2488//2488 2911//2911
f 170//170 2911//2911 2488//2488
f 2911//2911 40//40 2913//2913
f 2488//2488 2913//2913 233//233
f 899//899 882//882 898//898
f 717//717 898//898 882//882
f 898//898 710//710 899//899
f 882//882 899//899 716//716
f 2300//2300 2299//2299 2298//2298
f 232//232 2298//2298 2299//2299
f 2298//2298 233//233 2300//2300
f 2299//2299 2300//2300 231//231
f 947//947 948//948 887//887
f 714//714 887//887 948//948
f 887//887 716//716 947//947
f 948//948 947//947 693//693
f 2311//2311 2315//2315 2317//2317
f 227//227 2317//2317 2315//2315
f 2317//2317 229//229 2311//2311
f 2315//2315 2311//2311 228//228
f 901//901 902//902 881//881
f 717//717 881//881 902//902
f 881//881 718//718 901//901
f 902//902 901//901 709//709
f 2308//2308 2317//2317 2316//2316
f 227//227 2316//2316 2317//2317
f 2316//2316 231//231 2308//2308
f 2317//2317 2308//2308 229//229
f 883//883 881//881 884//884
f 717//717 884//884 881//881
f 884//884 715//715 883//883
f 881//881 883//883 718//718
f 2312//2312 2311//2311 2307//2307
f 229//229 2307//2307 2311//2311
f 2307//2307 230//230 2312//2312
f 2311//2311 2312//2312 228//228
f 3056//3056 901//901 3059//3059
f 718//718 3059//3059 901//901
f 3059//3059 3//3 3056//3056
f 901//901 3056//3056 709//709
f 2320//2320 2319//2319 2315//2315
f 227//227 2315//2315 2319//2319
f 2315//2315 228//228 2320//2320
f 2319//2319 2320//2320 226//226
f 900//900 898//898 902//902
f 717//717 902//902 898//898
f 902//902 709//709 900//900
f 898//898 900//900 710//710
f 2326//2326 2474//2474 2475//2475
f 175//175 2475//2475 2474//2474
f 2475//2475 225//225 2326//2326
f 2474//2474 2326//2326 224//224
f 954//954 955//955 894//894
f 716//716 894//894 955//955
f 894//894 712//712 954//954
f 955//955 954//954 691//691
f 2480//2480 2475//2475 2478//2478
f 175//175 2478//2478 2475//2475
f 2478//2478 172//172 2480//2480
f 2475//2475 2480//2480 225//225
f 897//897 894//894 899//899
f 716//716 899//899 894//894
f 899//899 710//710 897//897
f 894//894 897//897 712//712
f 2327//2327 2326//2326 2323//2323
f 225//225 2323//2323 2326//2326
f 2323//2323 226//226 2327//2327
f 2326//2326 2327//2327 224//224
f 1008//1008 954//954 1007//1007
f 712//712 1007//1007 954//954
f 1007//1007 669//669 1008//1008
f 954//954 1008//1008 691//691
f 2498//2498 2496//2496 2474//2474
f 175//175 2474//2474 2496//2496
f 2474//2474 224//224 2498//2498
f 2496//2496 2498//2498 166//166
f 953//953 947//947 955//955
f 716//716 955//955 947//947
f 955//955 691//691 953//953
f 947//947 953//953 693//693
f 2333//2333 2338//2338 2340//2340
f 219//219 2340//2340 2338//2338
f 2340//2340 222//222 2333//2333
f 2338//2338 2333//2333 221//221
f 939//939 940//940 891//891
f 713//713 891//891 940//940
f 891//891 714//714 939//939
f 940//940 939//939 695//695
f 2335//2335 2340//2340 2339//2339
f 219//219 2339//2339 2340//2340
f 2339//2339 220//220 2335//2335
f 2340//2340 2335//2335 222//222
f 888//888 891//891 890//890
f 713//713 890//890 891//891
f 890//890 715//715 888//888
f 891//891 888//888 714//714
f 2350//2350 2333//2333 2349//2349
f 222//222 2349//2349 2333//2333
f 2349//2349 215//215 2350//2350
f 2333//2333 2350//2350 221//221
f 946//946 939//939 948//948
f 714//714 948//948 939//939
f 948//948 693//693 946//946
f 939//939 946//946 695//695
f 2436//2436 2437//2437 2338//2338
f 219//219 2338//2338 2437//2437
f 2338//2338 221//221 2436//2436
f 2437//2437 2436//2436 190//190
f 938//938 929//929 940//940
f 713//713 940//940 929//929
f 940//940 695//695 938//938
f 929//929 938//938 697//697
f 2357//2357 2358//2358 2332//2332
f 222//222 2332//2332 2358//2358
f 2332//2332 223//223 2357//2357
f 2358//2358 2357//2357 213//213
f 905//905 906//906 907//907
f 707//707 907//907 906//906
f 907//907 711//711 905//905
f 906//906 905//905 708//708
f 2334//2334 2332//2332 2335//2335
f 222//222 2335//2335 2332//2332
f 2335//2335 220//220 2334//2334
f 2332//2332 2334//2334 223//223
f 962//962 907//907 961//961
f 707//707 961//961 907//907
f 961//961 687//687 962//962
f 907//907 962//962 711//711
f 2355//2355 2357//2357 2352//2352
f 223//223 2352//2352 2357//2357
f 2352//2352 214//214 2355//2355
f 2357//2357 2355//2355 213//213
f 903//903 905//905 896//896
f 711//711 896//896 905//905
f 896//896 710//710 903//903
f 905//905 903//903 708//708
f 2356//2356 2349//2349 2358//2358
f 222//222 2358//2358 2349//2349
f 2358//2358 213//213 2356//2356
f 2349//2349 2356//2356 215//215
f 2988//2988 2989//2989 906//906
f 707//707 906//906 2989//2989
f 906//906 708//708 2988//2988
f 2989//2989 2988//2988 21//21
f 2443//2443 2444//2444 2345//2345
f 221//221 2345//2345 2444//2444
f 2345//2345 217//217 2443//2443
f 2444//2444 2443//2443 188//188
f 969//969 895//895 968//968
f 711//711 968//968 895//895
f 968//968 685//685 969//969
f 895//895 969//969 712//712
f 2348//2348 2345//2345 2350//2350
f 221//221 2350//2350 2345//2345
f 2350//2350 215//215 2348//2348
f 2345//2345 2348//2348 217//217
f 966//966 968//968 962//962
f 711//711 962//962 968//968
f 962//962 687//687 966//966
f 968//968 966//966 685//685
f 2860//2860 2443//2443 2859//2859
f 217//217 2859//2859 2443//2443
f 2859//2859 53//53 2860//2860
f 2443//2443 2860//2860 188//188
f 1007//1007 969//969 1005//1005
f 685//685 1005//1005 969//969
f 1005//1005 669//669 1007//1007
f 969//969 1007//1007 712//712
f 2442//2442 2436//2436 2444//2444
f 221//221 2444//2444 2436//2436
f 2444//2444 188//188 2442//2442
f 2436//2436 2442//2442 190//190
f 897//897 896//896 895//895
f 711//711 895//895 896//896
f 895//895 712//712 897//897
f 896//896 897//897 710//710
f 2428//2428 2429//2429 2342//2342
f 218//218 2342//2342 2429//2429
f 2342//2342 219//219 2428//2428
f 2429//2429 2428//2428 192//192
f 2991//2991 2992//2992 904//904
f 708//708 904//904 2992//2992
f 904//904 709//709 2991//2991
f 2992//2992 2991//2991 20//20
f 2339//2339 2342//2342 2341//2341
f 218//218 2341//2341 2342//2342
f 2341//2341 220//220 2339//2339
f 2342//2342 2339//2339 219//219
f 900//900 904//904 903//903
f 708//708 903//903 904//904
f 903//903 710//710 900//900
f 904//904 900//900 709//709
f 2435//2435 2428//2428 2437//2437
f 219//219 2437//2437 2428//2428
f 2437//2437 190//190 2435//2435
f 2428//2428 2435//2435 192//192
f 3055//3055 2991//2991 3056//3056
f 709//709 3056//3056 2991//2991
f 3056//3056 3//3 3055//3055
f 2991//2991 3055//3055 20//20
f 2427//2427 2418//2418 2429//2429
f 218//218 2429//2429 2418//2418
f 2429//2429 192//192 2427//2427
f 2418//2418 2427//2427 194//194
f 2990//2990 2988//2988 2992//2992
f 708//708 2992//2992 2988//2988
f 2992//2992 20//20 2990//2990
f 2988//2988 2990//2990 21//21
f 2366//2366 2372//2372 2373//2373
f 209//209 2373//2373 2372//2372
f 2373//2373 216//216 2366//2366
f 2372//2372 2366//2366 211//211
f 2982//2982 2983//2983 956//956
f 690//690 956//956 2983//2983
f 956//956 707//707 2982//2982
f 2983//2983 2982//2982 23//23
f 2821//2821 2373//2373 2820//2820
f 209//209 2820//2820 2373//2373
f 2820//2820 65//65 2821//2821
f 2373//2373 2821//2821 216//216
f 961//961 956//956 959//959
f 690//690 959//959 956//956
f 959//959 687//687 961//961
f 956//956 961//961 707//707
f 2364//2364 2366//2366 2347//2347
f 216//216 2347//2347 2366//2366
f 2347//2347 215//215 2364//2364
f 2366//2366 2364//2364 211//211
f 2987//2987 2982//2982 2989//2989
f 707//707 2989//2989 2982//2982
f 2989//2989 21//21 2987//2987
f 2982//2982 2987//2987 23//23
f 2367//2367 2371//2371 2372//2372
f 209//209 2372//2372 2371//2371
f 2372//2372 211//211 2367//2367
f 2371//2371 2367//2367 210//210
f 2981//2981 2976//2976 2983//2983
f 690//690 2983//2983 2976//2976
f 2983//2983 23//23 2981//2981
f 2976//2976 2981//2981 25//25
f 2838//2838 2346//2346 2837//2837
f 216//216 2837//2837 2346//2346
f 2837//2837 61//61 2838//2838
f 2346//2346 2838//2838 217//217
f 911//911 916//916 918//918
f 702//702 918//918 916//916
f 918//918 705//705 911//911
f 916//916 911//911 704//704
f 2835//2835 2837//2837 2821//2821
f 216//216 2821//2821 2837//2837
f 2821//2821 65//65 2835//2835
f 2837//2837 2835//2835 61//61
f 913//913 918//918 917//917
f 702//702 917//917 918//918
f 917//917 703//703 913//913
f 918//918 913//913 705//705
f 2859//2859 2838//2838 2858//2858
f 61//61 2858//2858 2838//2838
f 2858//2858 53//53 2859//2859
f 2838//2838 2859//2859 217//217
f 928//928 911//911 927//927
f 705//705 927//927 911//911
f 927//927 698//698 928//928
f 911//911 928//928 704//704
f 2348//2348 2347//2347 2346//2346
f 216//216 2346//2346 2347//2347
f 2346//2346 217//217 2348//2348
f 2347//2347 2348//2348 215//215
f 2880//2880 2881//2881 916//916
f 702//702 916//916 2881//2881
f 916//916 704//704 2880//2880
f 2881//2881 2880//2880 48//48
f 2359//2359 2363//2363 2365//2365
f 211//211 2365//2365 2363//2363
f 2365//2365 213//213 2359//2359
f 2363//2363 2359//2359 212//212
f 935//935 936//936 910//910
f 705//705 910//910 936//936
f 910//910 706//706 935//935
f 936//936 935//935 696//696
f 2356//2356 2365//2365 2364//2364
f 211//211 2364//2364 2365//2365
f 2364//2364 215//215 2356//2356
f 2365//2365 2356//2356 213//213
f 912//912 910//910 913//913
f 705//705 913//913 910//910
f 913//913 703//703 912//912
f 910//910 912//912 706//706
f 2360//2360 2359//2359 2355//2355
f 213//213 2355//2355 2359//2359
f 2355//2355 214//214 2360//2360
f 2359//2359 2360//2360 212//212
f 933//933 935//935 930//930
f 706//706 930//930 935//935
f 930//930 697//697 933//933
f 935//935 933//933 696//696
f 2368//2368 2367//2367 2363//2363
f 211//211 2363//2363 2367//2367
f 2363//2363 212//212 2368//2368
f 2367//2367 2368//2368 210//210
f 934//934 927//927 936//936
f 705//705 936//936 927//927
f 936//936 696//696 934//934
f 927//927 934//934 698//698
f 2374//2374 2811//2811 2812//2812
f 69//69 2812//2812 2811//2811
f 2812//2812 209//209 2374//2374
f 2811//2811 2374//2374 208//208
f 2889//2889 2890//2890 923//923
f 704//704 923//923 2890//2890
f 923//923 700//700 2889//2889
f 2890//2890 2889//2889 46//46
f 2820//2820 2812//2812 2818//2818
f 69//69 2818//2818 2812//2812
f 2818//2818 65//65 2820//2820
f 2812//2812 2820//2820 209//209
f 926//926 923//923 928//928
f 704//704 928//928 923//923
f 928//928 698//698 926//926
f 923//923 926//926 700//700
f 2375//2375 2374//2374 2371//2371
f 209//209 2371//2371 2374//2374
f 2371//2371 210//210 2375//2375
f 2374//2374 2375//2375 208//208
f 2887//2887 2889//2889 2886//2886
f 700//700 2886//2886 2889//2889
f 2886//2886 47//47 2887//2887
f 2889//2889 2887//2887 46//46
f 2914//2914 2912//2912 2811//2811
f 69//69 2811//2811 2912//2912
f 2811//2811 208//208 2914//2914
f 2912//2912 2914//2914 40//40
f 2383//2383 2393//2393 2395//2395
f 201//201 2395//2395 2393//2393
f 2395//2395 206//206 2383//2383
f 2393//2393 2383//2383 204//204
f 2888//2888 2880//2880 2890//2890
f 704//704 2890//2890 2880//2880
f 2890//2890 46//46 2888//2888
f 2880//2880 2888//2888 48//48
f 2385//2385 2395//2395 2394//2394
f 201//201 2394//2394 2395//2395
f 2394//2394 203//203 2385//2385
f 2395//2395 2385//2385 206//206
f 2875//2875 2876//2876 920//920
f 701//701 920//920 2876//2876
f 920//920 702//702 2875//2875
f 2876//2876 2875//2875 50//50
f 2417//2417 2383//2383 2416//2416
f 206//206 2416//2416 2383//2383
f 2416//2416 195//195 2417//2417
f 2383//2383 2417//2417 204//204
f 917//917 920//920 919//919
f 701//701 919//919 920//920
f 919//919 703//703 917//917
f 920//920 917//917 702//702
f 2388//2388 2392//2392 2393//2393
f 201//201 2393//2393 2392//2392
f 2393//2393 204//204 2388//2388
f 2392//2392 2388//2388 202//202
f 2879//2879 2875//2875 2881//2881
f 702//702 2881//2881 2875//2875
f 2881//2881 48//48 2879//2879
f 2875//2875 2879//2879 50//50
f 2424//2424 2425//2425 2380//2380
f 206//206 2380//2380 2425//2425
f 2380//2380 207//207 2424//2424
f 2425//2425 2424//2424 193//193
f 2957//2957 2958//2958 2876//2876
f 701//701 2876//2876 2958//2958
f 2876//2876 50//50 2957//2957
f 2958//2958 2957//2957 28//28
f 2384//2384 2380//2380 2385//2385
f 206//206 2385//2385 2380//2380
f 2385//2385 203//203 2384//2384
f 2380//2380 2384//2384 207//207
f 944//944 950//950 951//951
f 692//692 951//951 950//950
f 951//951 699//699 944//944
f 950//950 944//944 694//694
f 2422//2422 2424//2424 2419//2419
f 207//207 2419//2419 2424//2424
f 2419//2419 194//194 2422//2422
f 2424//2424 2422//2422 193//193
f 991//991 951//951 990//990
f 692//692 990//990 951//951
f 990//990 675//675 991//991
f 951//951 991//991 699//699
f 2423//2423 2416//2416 2425//2425
f 206//206 2425//2425 2416//2416
f 2425//2425 193//193 2423//2423
f 2416//2416 2423//2423 195//195
f 942//942 944//944 925//925
f 699//699 925//925 944//944
f 925//925 698//698 942//942
f 944//944 942//942 694//694
f 2412//2412 2382//2382 2411//2411
f 204//204 2411//2411 2382//2382
f 2411//2411 197//197 2412//2412
f 2382//2382 2412//2412 205//205
f 945//945 949//949 950//950
f 692//692 950//950 949//949
f 950//950 694//694 945//945
f 949//949 945//945 693//693
f 2415//2415 2411//2411 2417//2417
f 204//204 2417//2417 2411//2411
f 2417//2417 195//195 2415//2415
f 2411//2411 2415//2415 197//197
f 998//998 924//924 997//997
f 699//699 997//997 924//924
f 997//997 673//673 998//998
f 924//924 998//998 700//700
f 3028//3028 2412//2412 3027//3027
f 197//197 3027//3027 2412//2412
f 3027//3027 10//10 3028//3028
f 2412//2412 3028//3028 205//205
f 995//995 997//997 991//991
f 699//699 991//991 997//997
f 991//991 675//675 995//995
f 997//997 995//995 673//673
f 2886//2886 998//998 2885//2885
f 673//673 2885//2885 998//998
f 2885//2885 47//47 2886//2886
f 998//998 2886//2886 700//700
f 2389//2389 2388//2388 2382//2382
f 204//204 2382//2382 2388//2388
f 2382//2382 205//205 2389//2389
f 2388//2388 2389//2389 202//202
f 926//926 925//925 924//924
f 699//699 924//924 925//925
f 924//924 700//700 926//926
f 925//925 926//926 698//698
f 2401//2401 2405//2405 2407//2407
f 198//198 2407//2407 2405//2405
f 2407//2407 201//201 2401//2401
f 2405//2405 2401//2401 199//199
f 937//937 941//941 943//943
f 694//694 943//943 941//941
f 943//943 696//696 937//937
f 941//941 937//937 695//695
f 2394//2394 2407//2407 2406//2406
f 198//198 2406//2406 2407//2407
f 2406//2406 203//203 2394//2394
f 2407//2407 2394//2394 201//201
f 934//934 943//943 942//942
f 694//694 942//942 943//943
f 942//942 698//698 934//934
f 943//943 934//934 696//696
f 2402//2402 2401//2401 2392//2392
f 201//201 2392//2392 2401//2401
f 2392//2392 202//202 2402//2402
f 2401//2401 2402//2402 199//199
f 938//938 937//937 933//933
f 696//696 933//933 937//937
f 933//933 697//697 938//938
f 937//937 938//938 695//695
f 2400//2400 2408//2408 2405//2405
f 198//198 2405//2405 2408//2408
f 2405//2405 199//199 2400//2400
f 2408//2408 2400//2400 200//200
f 946//946 945//945 941//941
f 694//694 941//941 945//945
f 941//941 695//695 946//946
f 945//945 946//946 693//693
f 2433//2433 2439//2439 2440//2440
f 189//189 2440//2440 2439//2439
f 2440//2440 196//196 2433//2433
f 2439//2439 2433//2433 191//191
f 952//952 984//984 985//985
f 678//678 985//985 984//984
f 985//985 692//692 952//952
f 984//984 952//952 691//691
f 2853//2853 2440//2440 2851//2851
f 189//189 2851//2851 2440//2440
f 2851//2851 55//55 2853//2853
f 2440//2440 2853//2853 196//196
f 990//990 985//985 988//988
f 678//678 988//988 985//985
f 988//988 675//675 990//990
f 985//985 990//990 692//692
f 2431//2431 2433//2433 2414//2414
f 196//196 2414//2414 2433//2433
f 2414//2414 195//195 2431//2431
f 2433//2433 2431//2431 191//191
f 953//953 952//952 949//949
f 692//692 949//949 952//952
f 949//949 693//693 953//953
f 952//952 953//953 691//691
f 2434//2434 2438//2438 2439//2439
f 189//189 2439//2439 2438//2438
f 2439//2439 191//191 2434//2434
f 2438//2438 2434//2434 190//190
f 1008//1008 1006//1006 984//984
f 678//678 984//984 1006//1006
f 984//984 691//691 1008//1008
f 1006//1006 1008//1008 669//669
f 2843//2843 2413//2413 2842//2842
f 196//196 2842//2842 2413//2413
f 2842//2842 58//58 2843//2843
f 2413//2413 2843//2843 197//197
f 958//958 963//963 965//965
f 686//686 965//965 963//963
f 965//965 689//689 958//958
f 963//963 958//958 688//688
f 2852//2852 2842//2842 2853//2853
f 196//196 2853//2853 2842//2842
f 2853//2853 55//55 2852//2852
f 2842//2842 2852//2852 58//58
f 960//960 965//965 964//964
f 686//686 964//964 965//965
f 964//964 687//687 960//960
f 965//965 960//960 689//689
f 3027//3027 2843//2843 3025//3025
f 58//58 3025//3025 2843//2843
f 3025//3025 10//10 3027//3027
f 2843//2843 3027//3027 197//197
f 975//975 958//958 974//974
f 689//689 974//974 958//958
f 974//974 682//682 975//975
f 958//958 975//975 688//688
f 2415//2415 2414//2414 2413//2413
f 196//196 2413//2413 2414//2414
f 2413//2413 197//197 2415//2415
f 2414//2414 2415//2415 195//195
f 1023//1023 1024//1024 963//963
f 686//686 963//963 1024//1024
f 963//963 688//688 1023//1023
f 1024//1024 1023//1023 665//665
f 2426//2426 2430//2430 2432//2432
f 191//191 2432//2432 2430//2430
f 2432//2432 193//193 2426//2426
f 2430//2430 2426//2426 192//192
f 977//977 978//978 957//957
f 689//689 957//957 978//978
f 957//957 690//690 977//977
f 978//978 977//977 681//681
f 2423//2423 2432//2432 2431//2431
f 191//191 2431//2431 2432//2432
f 2431//2431 195//195 2423//2423
f 2432//2432 2423//2423 193//193
f 959//959 957//957 960//960
f 689//689 960//960 957//957
f 960//960 687//687 959//959
f 957//957 959//959 690//690
f 2427//2427 2426//2426 2422//2422
f 193//193 2422//2422 2426//2426
f 2422//2422 194//194 2427//2427
f 2426//2426 2427//2427 192//192
f 2975//2975 977//977 2976//2976
f 690//690 2976//2976 977//977
f 2976//2976 25//25 2975//2975
f 977//977 2975//2975 681//681
f 2435//2435 2434//2434 2430//2430
f 191//191 2430//2430 2434//2434
f 2430//2430 192//192 2435//2435
f 2434//2434 2435//2435 190//190
f 976//976 974//974 978//978
f 689//689 978//978 974//974
f 978//978 681//681 976//976
f 974//974 976//976 682//682
f 2441//2441 2866//2866 2868//2868
f 52//52 2868//2868 2866//2866
f 2868//2868 189//189 2441//2441
f 2866//2866 2441//2441 188//188
f 1030//1030 1031//1031 970//970
f 688//688 970//970 1031//1031
f 970//970 684//684 1030//1030
f 1031//1031 1030//1030 663//663
f 2851//2851 2868//2868 2867//2867
f 52//52 2867//2867 2868//2868
f 2867//2867 55//55 2851//2851
f 2868//2868 2851//2851 189//189
f 973//973 970//970 975//975
f 688//688 975//975 970//970
f 975//975 682//682 973//973
f 970//970 973//973 684//684
f 2442//2442 2441//2441 2438//2438
f 189//189 2438//2438 2441//2441
f 2438//2438 190//190 2442//2442
f 2441//2441 2442//2442 188//188
f 1154//1154 1030//1030 1153//1153
f 684//684 1153//1153 1030//1030
f 1153//1153 614//614 1154//1154
f 1030//1030 1154//1154 663//663
f 2860//2860 2864//2864 2866//2866
f 52//52 2866//2866 2864//2864
f 2866//2866 188//188 2860//2860
f 2864//2864 2860//2860 53//53
f 1029//1029 1023//1023 1031//1031
f 688//688 1031//1031 1023//1023
f 1031//1031 663//663 1029//1029
f 1023//1023 1029//1029 665//665
f 2448//2448 2453//2453 2455//2455
f 183//183 2455//2455 2453//2453
f 2455//2455 186//186 2448//2448
f 2453//2453 2448//2448 185//185
f 1015//1015 1016//1016 967//967
f 685//685 967//967 1016//1016
f 967//967 686//686 1015//1015
f 1016//1016 1015//1015 667//667
f 2450//2450 2455//2455 2454//2454
f 183//183 2454//2454 2455//2455
f 2454//2454 184//184 2450//2450
f 2455//2455 2450//2450 186//186
f 964//964 967//967 966//966
f 685//685 966//966 967//967
f 966//966 687//687 964//964
f 967//967 964//964 686//686
f 2465//2465 2448//2448 2464//2464
f 186//186 2464//2464 2448//2448
f 2464//2464 179//179 2465//2465
f 2448//2448 2465//2465 185//185
f 1022//1022 1015//1015 1024//1024
f 686//686 1024//1024 1015//1015
f 1024//1024 665//665 1022//1022
f 1015//1015 1022//1022 667//667
f 2513//2513 2514//2514 2453//2453
f 183//183 2453//2453 2514//2514
f 2453//2453 185//185 2513//2513
f 2514//2514 2513//2513 162//162
f 1014//1014 1005//1005 1016//1016
f 685//685 1016//1016 1005//1005
f 1016//1016 667//667 1014//1014
f 1005//1005 1014//1014 669//669
f 2467//2467 2468//2468 2447//2447
f 186//186 2447//2447 2468//2468
f 2447//2447 187//187 2467//2467
f 2468//2468 2467//2467 178//178
f 981//981 982//982 983//983
f 679//679 983//983 982//982
f 983//983 683//683 981//981
f 982//982 981//981 680//680
f 2449//2449 2447//2447 2450//2450
f 186//186 2450//2450 2447//2447
f 2450//2450 184//184 2449//2449
f 2447//2447 2449//2449 187//187
f 1108//1108 983//983 1107//1107
f 679//679 1107//1107 983//983
f 1107//1107 632//632 1108//1108
f 983//983 1108//1108 683//683
f 3026//3026 2467//2467 3029//3029
f 187//187 3029//3029 2467//2467
f 3029//3029 10//10 3026//3026
f 2467//2467 3026//3026 178//178
f 979//979 981//981 972//972
f 683//683 972//972 981//981
f 972//972 682//682 979//979
f 981//981 979//979 680//680
f 2466//2466 2464//2464 2468//2468
f 186//186 2468//2468 2464//2464
f 2468//2468 178//178 2466//2466
f 2464//2464 2466//2466 179//179
f 1066//1066 1067//1067 982//982
f 679//679 982//982 1067//1067
f 982//982 680//680 1066//1066
f 1067//1067 1066//1066 647//647
f 2520//2520 2521//2521 2460//2460
f 185//185 2460//2460 2521//2521
f 2460//2460 181//181 2520//2520
f 2521//2521 2520//2520 160//160
f 1115//1115 971//971 1114//1114
f 683//683 1114//1114 971//971
f 1114//1114 630//630 1115//1115
f 971//971 1115//1115 684//684
f 2463//2463 2460//2460 2465//2465
f 185//185 2465//2465 2460//2460
f 2465//2465 179//179 2463//2463
f 2460//2460 2463//2463 181//181
f 1112//1112 1114//1114 1108//1108
f 683//683 1108//1108 1114//1114
f 1108//1108 632//632 1112//1112
f 1114//1114 1112//1112 630//630
f 2591//2591 2520//2520 2590//2590
f 181//181 2590//2590 2520//2520
f 2590//2590 134//134 2591//2591
f 2520//2520 2591//2591 160//160
f 1153//1153 1115//1115 1151//1151
f 630//630 1151//1151 1115//1115
f 1151//1151 614//614 1153//1153
f 1115//1115 1153//1153 684//684
f 2519//2519 2513//2513 2521//2521
f 185//185 2521//2521 2513//2513
f 2521//2521 160//160 2519//2519
f 2513//2513 2519//2519 162//162
f 973//973 972//972 971//971
f 683//683 971//971 972//972
f 971//971 684//684 973//973
f 972//972 973//973 682//682
f 2505//2505 2506//2506 2457//2457
f 182//182 2457//2457 2506//2506
f 2457//2457 183//183 2505//2505
f 2506//2506 2505//2505 164//164
f 1073//1073 1074//1074 980//980
f 680//680 980//980 1074//1074
f 980//980 681//681 1073//1073
f 1074//1074 1073//1073 645//645
f 2454//2454 2457//2457 2456//2456
f 182//182 2456//2456 2457//2457
f 2456//2456 184//184 2454//2454
f 2457//2457 2454//2454 183//183
f 976//976 980//980 979//979
f 680//680 979//979 980//980
f 979//979 682//682 976//976
f 980//980 976//976 681//681
f 2512//2512 2505//2505 2514//2514
f 183//183 2514//2514 2505//2505
f 2514//2514 162//162 2512//2512
f 2505//2505 2512//2512 164//164
f 2974//2974 1073//1073 2975//2975
f 681//681 2975//2975 1073//1073
f 2975//2975 25//25 2974//2974
f 1073//1073 2974//2974 645//645
f 2504//2504 2495//2495 2506//2506
f 182//182 2506//2506 2495//2495
f 2506//2506 164//164 2504//2504
f 2495//2495 2504//2504 166//166
f 1072//1072 1066//1066 1074//1074
f 680//680 1074//1074 1066//1066
f 1074//1074 645//645 1072//1072
f 1066//1066 1072//1072 647//647
f 2471//2471 2472//2472 2473//2473
f 176//176 2473//2473 2472//2472
f 2473//2473 180//180 2471//2471
f 2472//2472 2471//2471 177//177
f 1061//1061 1101//1101 1102//1102
f 635//635 1102//1102 1101//1101
f 1102//1102 679//679 1061//1061
f 1101//1101 1061//1061 649//649
f 2528//2528 2473//2473 2527//2527
f 176//176 2527//2527 2473//2473
f 2527//2527 156//156 2528//2528
f 2473//2473 2528//2528 180//180
f 1107//1107 1102//1102 1105//1105
f 635//635 1105//1105 1102//1102
f 1105//1105 632//632 1107//1107
f 1102//1102 1107//1107 679//679
f 2469//2469 2471//2471 2462//2462
f 180//180 2462//2462 2471//2471
f 2462//2462 179//179 2469//2469
f 2471//2471 2469//2469 177//177
f 1065//1065 1061//1061 1067//1067
f 679//679 1067//1067 1061//1061
f 1067//1067 647//647 1065//1065
f 1061//1061 1065//1065 649//649
f 3022//3022 3023//3023 2472//2472
f 176//176 2472//2472 3023//3023
f 2472//2472 177//177 3022//3022
f 3023//3023 3022//3022 11//11
f 1246//1246 1247//1247 1101//1101
f 635//635 1101//1101 1247//1247
f 1101//1101 649//649 1246//1246
f 1247//1247 1246//1246 584//584
f 2535//2535 2461//2461 2534//2534
f 180//180 2534//2534 2461//2461
f 2534//2534 154//154 2535//2535
f 2461//2461 2535//2535 181//181
f 987//987 992//992 994//994
f 674//674 994//994 992//992
f 994//994 677//677 987//987
f 992//992 987//987 676//676
f 2532//2532 2534//2534 2528//2528
f 180//180 2528//2528 2534//2534
f 2528//2528 156//156 2532//2532
f 2534//2534 2532//2532 154//154
f 989//989 994//994 993//993
f 674//674 993//993 994//994
f 993//993 675//675 989//989
f 994//994 989//989 677//677
f 2590//2590 2535//2535 2588//2588
f 154//154 2588//2588 2535//2535
f 2588//2588 134//134 2590//2590
f 2535//2535 2590//2590 181//181
f 1004//1004 987//987 1003//1003
f 677//677 1003//1003 987//987
f 1003//1003 670//670 1004//1004
f 987//987 1004//1004 676//676
f 2463//2463 2462//2462 2461//2461
f 180//180 2461//2461 2462//2462
f 2461//2461 181//181 2463//2463
f 2462//2462 2463//2463 179//179
f 1052//1052 1053//1053 992//992
f 674//674 992//992 1053//1053
f 992//992 676//676 1052//1052
f 1053//1053 1052//1052 653//653
f 3032//3032 3033//3033 2470//2470
f 177//177 2470//2470 3033//3033
f 2470//2470 178//178 3032//3032
f 3033//3033 3032//3032 9//9
f 1011//1011 1012//1012 986//986
f 677//677 986//986 1012//1012
f 986//986 678//678 1011//1011
f 1012//1012 1011//1011 668//668
f 2466//2466 2470//2470 2469//2469
f 177//177 2469//2469 2470//2470
f 2469//2469 179//179 2466//2466
f 2470//2470 2466//2466 178//178
f 988//988 986//986 989//989
f 677//677 989//989 986//986
f 989//989 675//675 988//988
f 986//986 988//988 678//678
f 3030//3030 3032//3032 3026//3026
f 178//178 3026//3026 3032//3032
f 3026//3026 10//10 3030//3030
f 3032//3032 3030//3030 9//9
f 1009//1009 1011//1011 1006//1006
f 678//678 1006//1006 1011//1011
f 1006//1006 669//669 1009//1009
f 1011//1011 1009//1009 668//668
f 3031//3031 3022//3022 3033//3033
f 177//177 3033//3033 3022//3022
f 3033//3033 9//9 3031//3031
f 3022//3022 3031//3031 11//11
f 1010//1010 1003//1003 1012//1012
f 677//677 1012//1012 1003//1003
f 1012//1012 668//668 1010//1010
f 1003//1003 1010//1010 670//670
f 3016//3016 3017//3017 2522//2522
f 159//159 2522//2522 3017//3017
f 2522//2522 176//176 3016//3016
f 3017//3017 3016//3016 13//13
f 1059//1059 1060//1060 999//999
f 676//676 999//999 1060//1060
f 999//999 672//672 1059//1059
f 1060//1060 1059//1059 651//651
f 2527//2527 2522//2522 2525//2525
f 159//159 2525//2525 2522//2522
f 2525//2525 156//156 2527//2527
f 2522//2522 2527//2527 176//176
f 1002//1002 999//999 1004//1004
f 676//676 1004//1004 999//999
f 1004//1004 670//670 1002//1002
f 999//999 1002//1002 672//672
f 3021//3021 3016//3016 3023//3023
f 176//176 3023//3023 3016//3016
f 3023//3023 11//11 3021//3021
f 3016//3016 3021//3021 13//13
f 1202//1202 1059//1059 1201//1201
f 672//672 1201//1201 1059//1059
f 1201//1201 598//598 1202//1202
f 1059//1059 1202//1202 651//651
f 3015//3015 3010//3010 3017//3017
f 159//159 3017//3017 3010//3010
f 3017//3017 13//13 3015//3015
f 3010//3010 3015//3015 15//15
f 1058//1058 1052//1052 1060//1060
f 676//676 1060//1060 1052//1052
f 1060//1060 651//651 1058//1058
f 1052//1052 1058//1058 653//653
f 2477//2477 2482//2482 2484//2484
f 171//171 2484//2484 2482//2482
f 2484//2484 174//174 2477//2477
f 2482//2482 2477//2477 173//173
f 1044//1044 1045//1045 996//996
f 673//673 996//996 1045//1045
f 996//996 674//674 1044//1044
f 1045//1045 1044//1044 655//655
f 2479//2479 2484//2484 2483//2483
f 171//171 2483//2483 2484//2484
f 2483//2483 172//172 2479//2479
f 2484//2484 2479//2479 174//174
f 993//993 996//996 995//995
f 673//673 995//995 996//996
f 995//995 675//675 993//993
f 996//996 993//993 674//674
f 2494//2494 2477//2477 2493//2493
f 174//174 2493//2493 2477//2477
f 2493//2493 167//167 2494//2494
f 2477//2477 2494//2494 173//173
f 1051//1051 1044//1044 1053//1053
f 674//674 1053//1053 1044//1044
f 1053//1053 653//653 1051//1051
f 1044//1044 1051//1051 655//655
f 2926//2926 2927//2927 2482//2482
f 171//171 2482//2482 2927//2927
f 2482//2482 173//173 2926//2926
f 2927//2927 2926//2926 36//36
f 2883//2883 2885//2885 1045//1045
f 673//673 1045//1045 2885//2885
f 1045//1045 655//655 2883//2883
f 2885//2885 2883//2883 47//47
f 2501//2501 2502//2502 2476//2476
f 174//174 2476//2476 2502//2502
f 2476//2476 175//175 2501//2501
f 2502//2502 2501//2501 165//165
f 1020//1020 1026//1026 1027//1027
f 664//664 1027//1027 1026//1026
f 1027//1027 671//671 1020//1020
f 1026//1026 1020//1020 666//666
f 2478//2478 2476//2476 2479//2479
f 174//174 2479//2479 2476//2476
f 2479//2479 172//172 2478//2478
f 2476//2476 2478//2478 175//175
f 1137//1137 1027//1027 1136//1136
f 664//664 1136//1136 1027//1027
f 1136//1136 620//620 1137//1137
f 1027//1027 1137//1137 671//671
f 2499//2499 2501//2501 2496//2496
f 175//175 2496//2496 2501//2501
f 2496//2496 166//166 2499//2499
f 2501//2501 2499//2499 165//165
f 1018//1018 1020//1020 1001//1001
f 671//671 1001//1001 1020//1020
f 1001//1001 670//670 1018//1018
f 1020//1020 1018//1018 666//666
f 2500//2500 2493//2493 2502//2502
f 174//174 2502//2502 2493//2493
f 2502//2502 165//165 2500//2500
f 2493//2493 2500//2500 167//167
f 1021//1021 1025//1025 1026//1026
f 664//664 1026//1026 1025//1025
f 1026//1026 666//666 1021//1021
f 1025//1025 1021//1021 665//665
f 2935//2935 2936//2936 2489//2489
f 173//173 2489//2489 2936//2936
f 2489//2489 169//169 2935//2935
f 2936//2936 2935//2935 34//34
f 1144//1144 1000//1000 1143//1143
f 671//671 1143//1143 1000//1000
f 1143//1143 618//618 1144//1144
f 1000//1000 1144//1144 672//672
f 2492//2492 2489//2489 2494//2494
f 173//173 2494//2494 2489//2489
f 2494//2494 167//167 2492//2492
f 2489//2489 2492//2492 169//169
f 1141//1141 1143//1143 1137//1137
f 671//671 1137//1137 1143//1143
f 1137//1137 620//620 1141//1141
f 1143//1143 1141//1141 618//618
f 2933//2933 2935//2935 2932//2932
f 169//169 2932//2932 2935//2935
f 2932//2932 35//35 2933//2933
f 2935//2935 2933//2933 34//34
f 1201//1201 1144//1144 1199//1199
f 618//618 1199//1199 1144//1144
f 1199//1199 598//598 1201//1201
f 1144//1144 1201//1201 672//672
f 2934//2934 2926//2926 2936//2936
f 173//173 2936//2936 2926//2926
f 2936//2936 34//34 2934//2934
f 2926//2926 2934//2934 36//36
f 1002//1002 1001//1001 1000//1000
f 671//671 1000//1000 1001//1001
f 1000//1000 672//672 1002//1002
f 1001//1001 1002//1002 670//670
f 2920//2920 2921//2921 2486//2486
f 170//170 2486//2486 2921//2921
f 2486//2486 171//171 2920//2920
f 2921//2921 2920//2920 38//38
f 1013//1013 1017//1017 1019//1019
f 666//666 1019//1019 1017//1017
f 1019//1019 668//668 1013//1013
f 1017//1017 1013//1013 667//667
f 2483//2483 2486//2486 2485//2485
f 170//170 2485//2485 2486//2486
f 2485//2485 172//172 2483//2483
f 2486//2486 2483//2483 171//171
f 1010//1010 1019//1019 1018//1018
f 666//666 1018//1018 1019//1019
f 1018//1018 670//670 1010//1010
f 1019//1019 1010//1010 668//668
f 2925//2925 2920//2920 2927//2927
f 171//171 2927//2927 2920//2920
f 2927//2927 36//36 2925//2925
f 2920//2920 2925//2925 38//38
f 1014//1014 1013//1013 1009//1009
f 668//668 1009//1009 1013//1013
f 1009//1009 669//669 1014//1014
f 1013//1013 1014//1014 667//667
f 2919//2919 2911//2911 2921//2921
f 170//170 2921//2921 2911//2911
f 2921//2921 38//38 2919//2919
f 2911//2911 2919//2919 40//40
f 1022//1022 1021//1021 1017//1017
f 666//666 1017//1017 1021//1021
f 1017//1017 667//667 1022//1022
f 1021//1021 1022//1022 665//665
f 2510//2510 2516//2516 2517//2517
f 161//161 2517//2517 2516//2516
f 2517//2517 168//168 2510//2510
f 2516//2516 2510//2510 163//163
f 1028//1028 1130//1130 1131//1131
f 623//623 1131//1131 1130//1130
f 1131//1131 664//664 1028//1028
f 1130//1130 1028//1028 663//663
f 2570//2570 2517//2517 2569//2569
f 161//161 2569//2569 2517//2517
f 2569//2569 141//141 2570//2570
f 2517//2517 2570//2570 168//168
f 1136//1136 1131//1131 1134//1134
f 623//623 1134//1134 1131//1131
f 1134//1134 620//620 1136//1136
f 1131//1131 1136//1136 664//664
f 2508//2508 2510//2510 2491//2491
f 168//168 2491//2491 2510//2510
f 2491//2491 167//167 2508//2508
f 2510//2510 2508//2508 163//163
f 1029//1029 1028//1028 1025//1025
f 664//664 1025//1025 1028//1028
f 1025//1025 665//665 1029//1029
f 1028//1028 1029//1029 663//663
f 2511//2511 2515//2515 2516//2516
f 161//161 2516//2516 2515//2515
f 2516//2516 163//163 2511//2511
f 2515//2515 2511//2511 162//162
f 1154//1154 1152//1152 1130//1130
f 623//623 1130//1130 1152//1152
f 1130//1130 663//663 1154//1154
f 1152//1152 1154//1154 614//614
f 2577//2577 2490//2490 2576//2576
f 168//168 2576//2576 2490//2490
f 2576//2576 139//139 2577//2577
f 2490//2490 2577//2577 169//169
f 1032//1032 1033//1033 1034//1034
f 660//660 1034//1034 1033//1033
f 1034//1034 662//662 1032//1032
f 1033//1033 1032//1032 661//661
f 2574//2574 2576//2576 2570//2570
f 168//168 2570//2570 2576//2576
f 2570//2570 141//141 2574//2574
f 2576//2576 2574//2574 139//139
f 2932//2932 2577//2577 2931//2931
f 139//139 2931//2931 2577//2577
f 2931//2931 35//35 2932//2932
f 2577//2577 2932//2932 169//169
f 2825//2825 1034//1034 2823//2823
f 660//660 2823//2823 1034//1034
f 2823//2823 64//64 2825//2825
f 1034//1034 2825//2825 662//662
f 2492//2492 2491//2491 2490//2490
f 168//168 2490//2490 2491//2491
f 2490//2490 169//169 2492//2492
f 2491//2491 2492//2492 167//167
f 1040//1040 1032//1032 1039//1039
f 662//662 1039//1039 1032//1032
f 1039//1039 657//657 1040//1040
f 1032//1032 1040//1040 661//661
f 2503//2503 2507//2507 2509//2509
f 163//163 2509//2509 2507//2507
f 2509//2509 165//165 2503//2503
f 2507//2507 2503//2503 164//164
f 1092//1092 1093//1093 1033//1033
f 660//660 1033//1033 1093//1093
f 1033//1033 661//661 1092//1092
f 1093//1093 1092//1092 638//638
f 2500//2500 2509//2509 2508//2508
f 163//163 2508//2508 2509//2509
f 2508//2508 167//167 2500//2500
f 2509//2509 2500//2500 165//165
f 2815//2815 1042//1042 2814//2814
f 662//662 2814//2814 1042//1042
f 2814//2814 67//67 2815//2815
f 1042//1042 2815//2815 656//656
f 2504//2504 2503//2503 2499//2499
f 165//165 2499//2499 2503//2503
f 2499//2499 166//166 2504//2504
f 2503//2503 2504//2504 164//164
f 2824//2824 2814//2814 2825//2825
f 662//662 2825//2825 2814//2814
f 2825//2825 64//64 2824//2824
f 2814//2814 2824//2824 67//67
f 2512//2512 2511//2511 2507//2507
f 163//163 2507//2507 2511//2511
f 2507//2507 164//164 2512//2512
f 2511//2511 2512//2512 162//162
f 2884//2884 2815//2815 2882//2882
f 67//67 2882//2882 2815//2815
f 2882//2882 47//47 2884//2884
f 2815//2815 2884//2884 656//656
f 2518//2518 2563//2563 2564//2564
f 144//144 2564//2564 2563//2563
f 2564//2564 161//161 2518//2518
f 2563//2563 2518//2518 160//160
f 1041//1041 1039//1039 1042//1042
f 662//662 1042//1042 1039//1039
f 1042//1042 656//656 1041//1041
f 1039//1039 1041//1041 657//657
f 2569//2569 2564//2564 2567//2567
f 144//144 2567//2567 2564//2564
f 2567//2567 141//141 2569//2569
f 2564//2564 2569//2569 161//161
f 1099//1099 1100//1100 1035//1035
f 661//661 1035//1035 1100//1100
f 1035//1035 659//659 1099//1099
f 1100//1100 1099//1099 636//636
f 2519//2519 2518//2518 2515//2515
f 161//161 2515//2515 2518//2518
f 2515//2515 162//162 2519//2519
f 2518//2518 2519//2519 160//160
f 1038//1038 1035//1035 1040//1040
f 661//661 1040//1040 1035//1035
f 1040//1040 657//657 1038//1038
f 1035//1035 1038//1038 659//659
f 2591//2591 2589//2589 2563//2563
f 144//144 2563//2563 2589//2589
f 2563//2563 160//160 2591//2591
f 2589//2589 2591//2591 134//134
f 1269//1269 1099//1099 1268//1268
f 659//659 1268//1268 1099//1099
f 1268//1268 578//578 1269//1269
f 1099//1099 1269//1269 636//636
f 2524//2524 2529//2529 2531//2531
f 155//155 2531//2531 2529//2529
f 2531//2531 158//158 2524//2524
f 2529//2529 2524//2524 157//157
f 1098//1098 1092//1092 1100//1100
f 661//661 1100//1100 1092//1092
f 1100//1100 636//636 1098//1098
f 1092//1092 1098//1098 638//638
f 1085//1085 2831//2831 2833//2833
f 62//62 2833//2833 2831//2831
f 2833//2833 660//660 1085//1085
f 2831//2831 1085//1085 640//640
f 2526//2526 2531//2531 2530//2530
f 155//155 2530//2530 2531//2531
f 2530//2530 156//156 2526//2526
f 2531//2531 2526//2526 158//158
f 2823//2823 2833//2833 2832//2832
f 62//62 2832//2832 2833//2833
f 2832//2832 64//64 2823//2823
f 2833//2833 2823//2823 660//660
f 2545//2545 2524//2524 2544//2544
f 158//158 2544//2544 2524//2524
f 2544//2544 150//150 2545//2545
f 2524//2524 2545//2545 157//157
f 1091//1091 1085//1085 1093//1093
f 660//660 1093//1093 1085//1085
f 1093//1093 638//638 1091//1091
f 1085//1085 1091//1091 640//640
f 2610//2610 2611//2611 2529//2529
f 155//155 2529//2529 2611//2611
f 2529//2529 157//157 2610//2610
f 2611//2611 2610//2610 129//129
f 2861//2861 2863//2863 2831//2831
f 62//62 2831//2831 2863//2863
f 2831//2831 640//640 2861//2861
f 2863//2863 2861//2861 53//53
f 2547//2547 2548//2548 2523//2523
f 158//158 2523//2523 2548//2548
f 2523//2523 159//159 2547//2547
f 2548//2548 2547//2547 149//149
f 1049//1049 1055//1055 1056//1056
f 652//652 1056//1056 1055//1055
f 1056//1056 658//658 1049//1049
f 1055//1055 1049//1049 654//654
f 2525//2525 2523//2523 2526//2526
f 158//158 2526//2526 2523//2523
f 2526//2526 156//156 2525//2525
f 2523//2523 2525//2525 159//159
f 1185//1185 1056//1056 1184//1184
f 652//652 1184//1184 1056//1056
f 1184//1184 604//604 1185//1185
f 1056//1056 1185//1185 658//658
f 3009//3009 2547//2547 3010//3010
f 159//159 3010//3010 2547//2547
f 3010//3010 15//15 3009//3009
f 2547//2547 3009//3009 149//149
f 1047//1047 1049//1049 1037//1037
f 658//658 1037//1037 1049//1049
f 1037//1037 657//657 1047//1047
f 1049//1049 1047//1047 654//654
f 2546//2546 2544//2544 2548//2548
f 158//158 2548//2548 2544//2544
f 2548//2548 149//149 2546//2546
f 2544//2544 2546//2546 150//150
f 1050//1050 1054//1054 1055//1055
f 652//652 1055//1055 1054//1054
f 1055//1055 654//654 1050//1050
f 1054//1054 1050//1050 653//653
f 2623//2623 2624//2624 2539//2539
f 157//157 2539//2539 2624//2624
f 2539//2539 152//152 2623//2623
f 2624//2624 2623//2623 126//126
f 1192//1192 1036//1036 1191//1191
f 658//658 1191//1191 1036//1036
f 1191//1191 602//602 1192//1192
f 1036//1036 1192//1192 659//659
f 2543//2543 2539//2539 2545//2545
f 157//157 2545//2545 2539//2539
f 2545//2545 150//150 2543//2543
f 2539//2539 2543//2543 152//152
f 1189//1189 1191//1191 1185//1185
f 658//658 1185//1185 1191//1191
f 1185//1185 604//604 1189//1189
f 1191//1191 1189//1189 602//602
f 2620//2620 2623//2623 2616//2616
f 152//152 2616//2616 2623//2623
f 2616//2616 127//127 2620//2620
f 2623//2623 2620//2620 126//126
f 1268//1268 1192//1192 1266//1266
f 602//602 1266//1266 1192//1192
f 1266//1266 578//578 1268//1268
f 1192//1192 1268//1268 659//659
f 2622//2622 2610//2610 2624//2624
f 157//157 2624//2624 2610//2610
f 2624//2624 126//126 2622//2622
f 2610//2610 2622//2622 129//129
f 1038//1038 1037//1037 1036//1036
f 658//658 1036//1036 1037//1037
f 1036//1036 659//659 1038//1038
f 1037//1037 1038//1038 657//657
f 2598//2598 2599//2599 2533//2533
f 154//154 2533//2533 2599//2599
f 2533//2533 155//155 2598//2598
f 2599//2599 2598//2598 132//132
f 1043//1043 1046//1046 1048//1048
f 654//654 1048//1048 1046//1046
f 1048//1048 656//656 1043//1043
f 1046//1046 1043//1043 655//655
f 2530//2530 2533//2533 2532//2532
f 154//154 2532//2532 2533//2533
f 2532//2532 156//156 2530//2530
f 2533//2533 2530//2530 155//155
f 1041//1041 1048//1048 1047//1047
f 654//654 1047//1047 1048//1048
f 1047//1047 657//657 1041//1041
f 1048//1048 1041//1041 656//656
f 2609//2609 2598//2598 2611//2611
f 155//155 2611//2611 2598//2598
f 2611//2611 129//129 2609//2609
f 2598//2598 2609//2609 132//132
f 2883//2883 1043//1043 2884//2884
f 656//656 2884//2884 1043//1043
f 2884//2884 47//47 2883//2883
f 1043//1043 2883//2883 655//655
f 2597//2597 2588//2588 2599//2599
f 154//154 2599//2599 2588//2588
f 2599//2599 132//132 2597//2597
f 2588//2588 2597//2597 134//134
f 1051//1051 1050//1050 1046//1046
f 654//654 1046//1046 1050//1050
f 1046//1046 655//655 1051//1051
f 1050//1050 1051//1051 653//653
f 2551//2551 2556//2556 2558//2558
f 146//146 2558//2558 2556//2556
f 2558//2558 151//151 2551//2551
f 2556//2556 2551//2551 148//148
f 1057//1057 1178//1178 1179//1179
f 607//607 1179//1179 1178//1178
f 1179//1179 652//652 1057//1057
f 1178//1178 1057//1057 651//651
f 2553//2553 2558//2558 2557//2557
f 146//146 2557//2557 2558//2558
f 2557//2557 147//147 2553//2553
f 2558//2558 2553//2553 151//151
f 1184//1184 1179//1179 1182//1182
f 607//607 1182//1182 1179//1179
f 1182//1182 604//604 1184//1184
f 1179//1179 1184//1184 652//652
f 2549//2549 2551//2551 2542//2542
f 151//151 2542//2542 2551//2551
f 2542//2542 150//150 2549//2549
f 2551//2551 2549//2549 148//148
f 1058//1058 1057//1057 1054//1054
f 652//652 1054//1054 1057//1057
f 1054//1054 653//653 1058//1058
f 1057//1057 1058//1058 651//651
f 2686//2686 2687//2687 2556//2556
f 146//146 2556//2556 2687//2687
f 2556//2556 148//148 2686//2686
f 2687//2687 2686//2686 105//105
f 1202//1202 1200//1200 1178//1178
f 607//607 1178//1178 1200//1200
f 1178//1178 651//651 1202//1202
f 1200//1200 1202//1202 598//598
f 2538//2538 2540//2540 2541//2541
f 151//151 2541//2541 2540//2540
f 2541//2541 153//153 2538//2538
f 2540//2540 2538//2538 152//152
f 1063//1063 1069//1069 1070//1070
f 646//646 1070//1070 1069//1069
f 1070//1070 650//650 1063//1063
f 1069//1069 1063//1063 648//648
f 2552//2552 2541//2541 2553//2553
f 151//151 2553//2553 2541//2541
f 2553//2553 147//147 2552//2552
f 2541//2541 2552//2552 153//153
f 2849//2849 1070//1070 2848//2848
f 646//646 2848//2848 1070//1070
f 2848//2848 56//56 2849//2849
f 1070//1070 2849//2849 650//650
f 2616//2616 2538//2538 2619//2619
f 153//153 2619//2619 2538//2538
f 2619//2619 127//127 2616//2616
f 2538//2538 2616//2616 152//152
f 1081//1081 1063//1063 1080//1080
f 650//650 1080//1080 1063//1063
f 1080//1080 642//642 1081//1081
f 1063//1063 1081//1081 648//648
f 2543//2543 2542//2542 2540//2540
f 151//151 2540//2540 2542//2542
f 2540//2540 152//152 2543//2543
f 2542//2542 2543//2543 150//150
f 1064//1064 1068//1068 1069//1069
f 646//646 1069//1069 1068//1068
f 1069//1069 648//648 1064//1064
f 1068//1068 1064//1064 647//647
f 2693//2693 2694//2694 2550//2550
f 148//148 2550//2550 2694//2694
f 2550//2550 149//149 2693//2693
f 2694//2694 2693//2693 103//103
f 2874//2874 1083//1083 2873//2873
f 650//650 2873//2873 1083//1083
f 2873//2873 51//51 2874//2874
f 1083//1083 2874//2874 641//641
f 2546//2546 2550//2550 2549//2549
f 148//148 2549//2549 2550//2550
f 2549//2549 150//150 2546//2546
f 2550//2550 2546//2546 149//149
f 2870//2870 2873//2873 2849//2849
f 650//650 2849//2849 2873//2873
f 2849//2849 56//56 2870//2870
f 2873//2873 2870//2870 51//51
f 3008//3008 2693//2693 3009//3009
f 149//149 3009//3009 2693//2693
f 3009//3009 15//15 3008//3008
f 2693//2693 3008//3008 103//103
f 2862//2862 2874//2874 2872//2872
f 51//51 2872//2872 2874//2874
f 2872//2872 53//53 2862//2862
f 2874//2874 2862//2862 641//641
f 2692//2692 2686//2686 2694//2694
f 148//148 2694//2694 2686//2686
f 2694//2694 103//103 2692//2692
f 2686//2686 2692//2692 105//105
f 1082//1082 1080//1080 1083//1083
f 650//650 1083//1083 1080//1080
f 1083//1083 641//641 1082//1082
f 1080//1080 1082//1082 642//642
f 2680//2680 2681//2681 2560//2560
f 145//145 2560//2560 2681//2681
f 2560//2560 146//146 2680//2680
f 2681//2681 2680//2680 107//107
f 1076//1076 1062//1062 1075//1075
f 648//648 1075//1075 1062//1062
f 1075//1075 644//644 1076//1076
f 1062//1062 1076//1076 649//649
f 2557//2557 2560//2560 2559//2559
f 145//145 2559//2559 2560//2560
f 2559//2559 147//147 2557//2557
f 2560//2560 2557//2557 146//146
f 1079//1079 1075//1075 1081//1081
f 648//648 1081//1081 1075//1075
f 1081//1081 642//642 1079//1079
f 1075//1075 1079//1079 644//644
f 2685//2685 2680//2680 2687//2687
f 146//146 2687//2687 2680//2680
f 2687//2687 105//105 2685//2685
f 2680//2680 2685//2685 107//107
f 1246//1246 1076//1076 1245//1245
f 644//644 1245//1245 1076//1076
f 1245//1245 584//584 1246//1246
f 1076//1076 1246//1246 649//649
f 2695//2695 2696//2696 2681//2681
f 145//145 2681//2681 2696//2696
f 2681//2681 107//107 2695//2695
f 2696//2696 2695//2695 102//102
f 1065//1065 1064//1064 1062//1062
f 648//648 1062//1062 1064//1064
f 1062//1062 649//649 1065//1065
f 1064//1064 1065//1065 647//647
f 2566//2566 2571//2571 2573//2573
f 140//140 2573//2573 2571//2571
f 2573//2573 143//143 2566//2566
f 2571//2571 2566//2566 142//142
f 1071//1071 2839//2839 2840//2840
f 60//60 2840//2840 2839//2839
f 2840//2840 646//646 1071//1071
f 2839//2839 1071//1071 645//645
f 2568//2568 2573//2573 2572//2572
f 140//140 2572//2572 2573//2573
f 2572//2572 141//141 2568//2568
f 2573//2573 2568//2568 143//143
f 2848//2848 2840//2840 2846//2846
f 60//60 2846//2846 2840//2840
f 2846//2846 56//56 2848//2848
f 2840//2840 2848//2848 646//646
f 2587//2587 2566//2566 2586//2586
f 143//143 2586//2586 2566//2566
f 2586//2586 135//135 2587//2587
f 2566//2566 2587//2587 142//142
f 1072//1072 1071//1071 1068//1068
f 646//646 1068//1068 1071//1071
f 1068//1068 647//647 1072//1072
f 1071//1071 1072//1072 645//645
f 2659//2659 2660//2660 2571//2571
f 140//140 2571//2571 2660//2660
f 2571//2571 142//142 2659//2659
f 2660//2660 2659//2659 113//113
f 2974//2974 2973//2973 2839//2839
f 60//60 2839//2839 2973//2973
f 2839//2839 645//645 2974//2974
f 2973//2973 2974//2974 25//25
f 2594//2594 2595//2595 2565//2565
f 143//143 2565//2565 2595//2595
f 2565//2565 144//144 2594//2594
f 2595//2595 2594//2594 133//133
f 1089//1089 1095//1095 1096//1096
f 637//637 1096//1096 1095//1095
f 1096//1096 643//643 1089//1089
f 1095//1095 1089//1089 639//639
f 2567//2567 2565//2565 2568//2568
f 143//143 2568//2568 2565//2565
f 2568//2568 141//141 2567//2567
f 2565//2565 2567//2567 144//144
f 1235//1235 1096//1096 1234//1234
f 637//637 1234//1234 1096//1096
f 1234//1234 587//587 1235//1235
f 1096//1096 1235//1235 643//643
f 2592//2592 2594//2594 2589//2589
f 144//144 2589//2589 2594//2594
f 2589//2589 134//134 2592//2592
f 2594//2594 2592//2592 133//133
f 1087//1087 1089//1089 1078//1078
f 643//643 1078//1078 1089//1089
f 1078//1078 642//642 1087//1087
f 1089//1089 1087//1087 639//639
f 2593//2593 2586//2586 2595//2595
f 143//143 2595//2595 2586//2586
f 2595//2595 133//133 2593//2593
f 2586//2586 2593//2593 135//135
f 1090//1090 1094//1094 1095//1095
f 637//637 1095//1095 1094//1094
f 1095//1095 639//639 1090//1090
f 1094//1094 1090//1090 638//638
f 2672//2672 2673//2673 2581//2581
f 142//142 2581//2581 2673//2673
f 2581//2581 137//137 2672//2672
f 2673//2673 2672//2672 110//110
f 1258//1258 1077//1077 1257//1257
f 643//643 1257//1257 1077//1077
f 1257//1257 582//582 1258//1258
f 1077//1077 1258//1258 644//644
f 2585//2585 2581//2581 2587//2587
f 142//142 2587//2587 2581//2581
f 2587//2587 135//135 2585//2585
f 2581//2581 2585//2585 137//137
f 1254//1254 1257//1257 1235//1235
f 643//643 1235//1235 1257//1257
f 1235//1235 587//587 1254//1254
f 1257//1257 1254//1254 582//582
f 2669//2669 2672//2672 2665//2665
f 137//137 2665//2665 2672//2672
f 2665//2665 111//111 2669//2669
f 2672//2672 2669//2669 110//110
f 1245//1245 1258//1258 1256//1256
f 582//582 1256//1256 1258//1258
f 1256//1256 584//584 1245//1245
f 1258//1258 1245//1245 644//644
f 2671//2671 2659//2659 2673//2673
f 142//142 2673//2673 2659//2659
f 2673//2673 110//110 2671//2671
f 2659//2659 2671//2671 113//113
f 1079//1079 1078//1078 1077//1077
f 643//643 1077//1077 1078//1078
f 1077//1077 644//644 1079//1079
f 1078//1078 1079//1079 642//642
f 2647//2647 2648//2648 2575//2575
f 139//139 2575//2575 2648//2648
f 2575//2575 140//140 2647//2647
f 2648//2648 2647//2647 116//116
f 1084//1084 1086//1086 1088//1088
f 639//639 1088//1088 1086//1086
f 1088//1088 641//641 1084//1084
f 1086//1086 1084//1084 640//640
f 2572//2572 2575//2575 2574//2574
f 139//139 2574//2574 2575//2575
f 2574//2574 141//141 2572//2572
f 2575//2575 2572//2572 140//140
f 1082//1082 1088//1088 1087//1087
f 639//639 1087//1087 1088//1088
f 1087//1087 642//642 1082//1082
f 1088//1088 1082//1082 641//641
f 2658//2658 2647//2647 2660//2660
f 140//140 2660//2660 2647//2647
f 2660//2660 113//113 2658//2658
f 2647//2647 2658//2658 116//116
f 2861//2861 1084//1084 2862//2862
f 641//641 2862//2862 1084//1084
f 2862//2862 53//53 2861//2861
f 1084//1084 2861//2861 640//640
f 2929//2929 2931//2931 2648//2648
f 139//139 2648//2648 2931//2931
f 2648//2648 116//116 2929//2929
f 2931//2931 2929//2929 35//35
f 1091//1091 1090//1090 1086//1086
f 639//639 1086//1086 1090//1090
f 1086//1086 640//640 1091//1091
f 1090//1090 1091//1091 638//638
f 2603//2603 2613//2613 2615//2615
f 128//128 2615//2615 2613//2613
f 2615//2615 136//136 2603//2603
f 2613//2613 2603//2603 131//131
f 1097//1097 1226//1226 1227//1227
f 591//591 1227//1227 1226//1226
f 1227//1227 637//637 1097//1097
f 1226//1226 1097//1097 636//636
f 2605//2605 2615//2615 2614//2614
f 128//128 2614//2614 2615//2615
f 2614//2614 130//130 2605//2605
f 2615//2615 2605//2605 136//136
f 1234//1234 1227//1227 1232//1232
f 591//591 1232//1232 1227//1227
f 1232//1232 587//587 1234//1234
f 1227//1227 1234//1234 637//637
f 2601//2601 2603//2603 2584//2584
f 136//136 2584//2584 2603//2603
f 2584//2584 135//135 2601//2601
f 2603//2603 2601//2601 131//131
f 1098//1098 1097//1097 1094//1094
f 637//637 1094//1094 1097//1097
f 1094//1094 638//638 1098//1098
f 1097//1097 1098//1098 636//636
f 2608//2608 2612//2612 2613//2613
f 128//128 2613//2613 2612//2612
f 2613//2613 131//131 2608//2608
f 2612//2612 2608//2608 129//129
f 1269//1269 1267//1267 1226//1226
f 591//591 1226//1226 1267//1267
f 1226//1226 636//636 1269//1269
f 1267//1267 1269//1269 578//578
f 2580//2580 2582//2582 2583//2583
f 136//136 2583//2583 2582//2582
f 2583//2583 138//138 2580//2580
f 2582//2582 2580//2580 137//137
f 1104//1104 1109//1109 1111//1111
f 631//631 1111//1111 1109//1109
f 1111//1111 634//634 1104//1104
f 1109//1109 1104//1104 633//633
f 2604//2604 2583//2583 2605//2605
f 136//136 2605//2605 2583//2583
f 2605//2605 130//130 2604//2604
f 2583//2583 2604//2604 138//138
f 1106//1106 1111//1111 1110//1110
f 631//631 1110//1110 1111//1111
f 1110//1110 632//632 1106//1106
f 1111//1111 1106//1106 634//634
f 2665//2665 2580//2580 2668//2668
f 138//138 2668//2668 2580//2580
f 2668//2668 111//111 2665//2665
f 2580//2580 2665//2665 137//137
f 1121//1121 1104//1104 1120//1120
f 634//634 1120//1120 1104//1104
f 1120//1120 627//627 1121//1121
f 1104//1104 1121//1121 633//633
f 2585//2585 2584//2584 2582//2582
f 136//136 2582//2582 2584//2584
f 2582//2582 137//137 2585//2585
f 2584//2584 2585//2585 135//135
f 1169//1169 1170//1170 1109//1109
f 631//631 1109//1109 1170//1170
f 1109//1109 633//633 1169//1169
f 1170//1170 1169//1169 610//610
f 2596//2596 2600//2600 2602//2602
f 131//131 2602//2602 2600//2600
f 2602//2602 133//133 2596//2596
f 2600//2600 2596//2596 132//132
f 1123//1123 1124//1124 1103//1103
f 634//634 1103//1103 1124//1124
f 1103//1103 635//635 1123//1123
f 1124//1124 1123//1123 626//626
f 2593//2593 2602//2602 2601//2601
f 131//131 2601//2601 2602//2602
f 2601//2601 135//135 2593//2593
f 2602//2602 2593//2593 133//133
f 1105//1105 1103//1103 1106//1106
f 634//634 1106//1106 1103//1103
f 1106//1106 632//632 1105//1105
f 1103//1103 1105//1105 635//635
f 2597//2597 2596//2596 2592//2592
f 133//133 2592//2592 2596//2596
f 2592//2592 134//134 2597//2597
f 2596//2596 2597//2597 132//132
f 1244//1244 1123//1123 1247//1247
f 635//635 1247//1247 1123//1123
f 1247//1247 584//584 1244//1244
f 1123//1123 1244//1244 626//626
f 2609//2609 2608//2608 2600//2600
f 131//131 2600//2600 2608//2608
f 2600//2600 132//132 2609//2609
f 2608//2608 2609//2609 129//129
f 1122//1122 1120//1120 1124//1124
f 634//634 1124//1124 1120//1120
f 1124//1124 626//626 1122//1122
f 1120//1120 1122//1122 627//627
f 2621//2621 2625//2625 2627//2627
f 125//125 2627//2627 2625//2625
f 2627//2627 128//128 2621//2621
f 2625//2625 2621//2621 126//126
f 1176//1176 1177//1177 1116//1116
f 633//633 1116//1116 1177//1177
f 1116//1116 629//629 1176//1176
f 1177//1177 1176//1176 608//608
f 2614//2614 2627//2627 2626//2626
f 125//125 2626//2626 2627//2627
f 2626//2626 130//130 2614//2614
f 2627//2627 2614//2614 128//128
f 1119//1119 1116//1116 1121//1121
f 633//633 1121//1121 1116//1116
f 1121//1121 627//627 1119//1119
f 1116//1116 1119//1119 629//629
f 2622//2622 2621//2621 2612//2612
f 128//128 2612//2612 2621//2621
f 2612//2612 129//129 2622//2622
f 2621//2621 2622//2622 126//126
f 1346//1346 1176//1176 1345//1345
f 629//629 1345//1345 1176//1176
f 1345//1345 550//550 1346//1346
f 1176//1176 1346//1346 608//608
f 2620//2620 2628//2628 2625//2625
f 125//125 2625//2625 2628//2628
f 2625//2625 126//126 2620//2620
f 2628//2628 2620//2620 127//127
f 1175//1175 1169//1169 1177//1177
f 633//633 1177//1177 1169//1169
f 1177//1177 608//608 1175//1175
f 1169//1169 1175//1175 610//610
f 2631//2631 2632//2632 2633//2633
f 122//122 2633//2633 2632//2632
f 2633//2633 124//124 2631//2631
f 2632//2632 2631//2631 123//123
f 1161//1161 1162//1162 1113//1113
f 630//630 1113//1113 1162//1162
f 1113//1113 631//631 1161//1161
f 1162//1162 1161//1161 612//612
f 2761//2761 2633//2633 2759//2759
f 122//122 2759//2759 2633//2633
f 2759//2759 83//83 2761//2761
f 2633//2633 2761//2761 124//124
f 1110//1110 1113//1113 1112//1112
f 630//630 1112//1112 1113//1113
f 1112//1112 632//632 1110//1110
f 1113//1113 1110//1110 631//631
f 2643//2643 2631//2631 2642//2642
f 124//124 2642//2642 2631//2631
f 2642//2642 118//118 2643//2643
f 2631//2631 2643//2643 123//123
f 1168//1168 1161//1161 1170//1170
f 631//631 1170//1170 1161//1161
f 1170//1170 610//610 1168//1168
f 1161//1161 1168//1168 612//612
f 2726//2726 2727//2727 2632//2632
f 122//122 2632//2632 2727//2727
f 2632//2632 123//123 2726//2726
f 2727//2727 2726//2726 93//93
f 1160//1160 1151//1151 1162//1162
f 630//630 1162//1162 1151//1151
f 1162//1162 612//612 1160//1160
f 1151//1151 1160//1160 614//614
f 2751//2751 2645//2645 2750//2750
f 124//124 2750//2750 2645//2645
f 2750//2750 86//86 2751//2751
f 2645//2645 2751//2751 117//117
f 1127//1127 1128//1128 1129//1129
f 624//624 1129//1129 1128//1128
f 1129//1129 628//628 1127//1127
f 1128//1128 1127//1127 625//625
f 2760//2760 2750//2750 2761//2761
f 124//124 2761//2761 2750//2750
f 2761//2761 83//83 2760//2760
f 2750//2750 2760//2760 86//86
f 1300//1300 1129//1129 1299//1299
f 624//624 1299//1299 1129//1129
f 1299//1299 568//568 1300//1300
f 1129//1129 1300//1300 628//628
f 2930//2930 2751//2751 2928//2928
f 86//86 2928//2928 2751//2751
f 2928//2928 35//35 2930//2930
f 2751//2751 2930//2930 117//117
f 1125//1125 1127//1127 1118//1118
f 628//628 1118//1118 1127//1127
f 1118//1118 627//627 1125//1125
f 1127//1127 1125//1125 625//625
f 2644//2644 2642//2642 2645//2645
f 124//124 2645//2645 2642//2642
f 2645//2645 117//117 2644//2644
f 2642//2642 2644//2644 118//118
f 1238//1238 1239//1239 1128//1128
f 624//624 1128//1128 1239//1239
f 1128//1128 625//625 1238//1238
f 1239//1239 1238//1238 586//586
f 2739//2739 2740//2740 2637//2637
f 123//123 2637//2637 2740//2740
f 2637//2637 120//120 2739//2739
f 2740//2740 2739//2739 90//90
f 1307//1307 1117//1117 1306//1306
f 628//628 1306//1306 1117//1117
f 1306//1306 566//566 1307//1307
f 1117//1117 1307//1307 629//629
f 2641//2641 2637//2637 2643//2643
f 123//123 2643//2643 2637//2637
f 2643//2643 118//118 2641//2641
f 2637//2637 2641//2641 120//120
f 1304//1304 1306//1306 1300//1300
f 628//628 1300//1300 1306//1306
f 1300//1300 568//568 1304//1304
f 1306//1306 1304//1304 566//566
f 2736//2736 2739//2739 2732//2732
f 120//120 2732//2732 2739//2739
f 2732//2732 91//91 2736//2736
f 2739//2739 2736//2736 90//90
f 2738//2738 2726//2726 2740//2740
f 123//123 2740//2740 2726//2726
f 2740//2740 90//90 2738//2738
f 2726//2726 2738//2738 93//93
f 1345//1345 1307//1307 1343//1343
f 566//566 1343//1343 1307//1307
f 1343//1343 550//550 1345//1345
f 1307//1307 1345//1345 629//629
f 2715//2715 2767//2767 2769//2769
f 81//81 2769//2769 2767//2767
f 2769//2769 122//122 2715//2715
f 2767//2767 2715//2715 96//96
f 1119//1119 1118//1118 1117//1117
f 628//628 1117//1117 1118//1118
f 1117//1117 629//629 1119//1119
f 1118//1118 1119//1119 627//627
f 2759//2759 2769//2769 2768//2768
f 81//81 2768//2768 2769//2769
f 2768//2768 83//83 2759//2759
f 2769//2769 2759//2759 122//122
f 1251//1251 1252//1252 1126//1126
f 625//625 1126//1126 1252//1252
f 1126//1126 626//626 1251//1251
f 1252//1252 1251//1251 583//583
f 2725//2725 2715//2715 2727//2727
f 122//122 2727//2727 2715//2715
f 2727//2727 93//93 2725//2725
f 2715//2715 2725//2725 96//96
f 1122//1122 1126//1126 1125//1125
f 625//625 1125//1125 1126//1126
f 1125//1125 627//627 1122//1122
f 1126//1126 1122//1122 626//626
f 2795//2795 2797//2797 2767//2767
f 81//81 2767//2767 2797//2797
f 2767//2767 96//96 2795//2795
f 2797//2797 2795//2795 72//72
f 1248//1248 1251//1251 1244//1244
f 626//626 1244//1244 1251//1251
f 1244//1244 584//584 1248//1248
f 1251//1251 1248//1248 583//583
f 2652//2652 2662//2662 2664//2664
f 112//112 2664//2664 2662//2662
f 2664//2664 119//119 2652//2652
f 2662//2662 2652//2652 115//115
f 1250//1250 1238//1238 1252//1252
f 625//625 1252//1252 1238//1238
f 1252//1252 583//583 1250//1250
f 1238//1238 1250//1250 586//586
f 2654//2654 2664//2664 2663//2663
f 112//112 2663//2663 2664//2664
f 2663//2663 114//114 2654//2654
f 2664//2664 2654//2654 119//119
f 1229//1229 1293//1293 1294//1294
f 571//571 1294//1294 1293//1293
f 1294//1294 624//624 1229//1229
f 1293//1293 1229//1229 589//589
f 2650//2650 2652//2652 2640//2640
f 119//119 2640//2640 2652//2652
f 2640//2640 118//118 2650//2650
f 2652//2652 2650//2650 115//115
f 1299//1299 1294//1294 1297//1297
f 571//571 1297//1297 1294//1294
f 1297//1297 568//568 1299//1299
f 1294//1294 1299//1299 624//624
f 2657//2657 2661//2661 2662//2662
f 112//112 2662//2662 2661//2661
f 2662//2662 115//115 2657//2657
f 2661//2661 2657//2657 113//113
f 1237//1237 1229//1229 1239//1239
f 624//624 1239//1239 1229//1229
f 1239//1239 586//586 1237//1237
f 1229//1229 1237//1237 589//589
f 2636//2636 2638//2638 2639//2639
f 119//119 2639//2639 2638//2638
f 2639//2639 121//121 2636//2636
f 2638//2638 2636//2636 120//120
f 1438//1438 1439//1439 1293//1293
f 571//571 1293//1293 1439//1439
f 1293//1293 589//589 1438//1438
f 1439//1439 1438//1438 520//520
f 2653//2653 2639//2639 2654//2654
f 119//119 2654//2654 2639//2639
f 2654//2654 114//114 2653//2653
f 2639//2639 2653//2653 121//121
f 1133//1133 1138//1138 1140//1140
f 619//619 1140//1140 1138//1138
f 1140//1140 622//622 1133//1133
f 1138//1138 1133//1133 621//621
f 1135//1135 1140//1140 1139//1139
f 619//619 1139//1139 1140//1140
f 1139//1139 620//620 1135//1135
f 1140//1140 1135//1135 622//622
f 2732//2732 2636//2636 2735//2735
f 121//121 2735//2735 2636//2636
f 2735//2735 91//91 2732//2732
f 2636//2636 2732//2732 120//120
f 1150//1150 1133//1133 1149//1149
f 622//622 1149//1149 1133//1133
f 1149//1149 615//615 1150//1150
f 1133//1133 1150//1150 621//621
f 2641//2641 2640//2640 2638//2638
f 119//119 2638//2638 2640//2640
f 2638//2638 120//120 2641//2641
f 2640//2640 2641//2641 118//118
f 1217//1217 1218//1218 1138//1138
f 619//619 1138//1138 1218//1218
f 1138//1138 621//621 1217//1217
f 1218//1218 1217//1217 594//594
f 2646//2646 2649//2649 2651//2651
f 115//115 2651//2651 2649//2649
f 2651//2651 117//117 2646//2646
f 2649//2649 2646//2646 116//116
f 1157//1157 1158//1158 1132//1132
f 622//622 1132//1132 1158//1158
f 1132//1132 623//623 1157//1157
f 1158//1158 1157//1157 613//613
f 2644//2644 2651//2651 2650//2650
f 115//115 2650//2650 2651//2651
f 2650//2650 118//118 2644//2644
f 2651//2651 2644//2644 117//117
f 1134//1134 1132//1132 1135//1135
f 622//622 1135//1135 1132//1132
f 1135//1135 620//620 1134//1134
f 1132//1132 1134//1134 623//623
f 2929//2929 2646//2646 2930//2930
f 117//117 2930//2930 2646//2646
f 2930//2930 35//35 2929//2929
f 2646//2646 2929//2929 116//116
f 1155//1155 1157//1157 1152//1152
f 623//623 1152//1152 1157//1157
f 1152//1152 614//614 1155//1155
f 1157//1157 1155//1155 613//613
f 2658//2658 2657//2657 2649//2649
f 115//115 2649//2649 2657//2657
f 2649//2649 116//116 2658//2658
f 2657//2657 2658//2658 113//113
f 1156//1156 1149//1149 1158//1158
f 622//622 1158//1158 1149//1149
f 1158//1158 613//613 1156//1156
f 1149//1149 1156//1156 615//615
f 2670//2670 2674//2674 2676//2676
f 109//109 2676//2676 2674//2674
f 2676//2676 112//112 2670//2670
f 2674//2674 2670//2670 110//110
f 1224//1224 1225//1225 1145//1145
f 621//621 1145//1145 1225//1225
f 1145//1145 617//617 1224//1224
f 1225//1225 1224//1224 592//592
f 2663//2663 2676//2676 2675//2675
f 109//109 2675//2675 2676//2676
f 2675//2675 114//114 2663//2663
f 2676//2676 2663//2663 112//112
f 1148//1148 1145//1145 1150//1150
f 621//621 1150//1150 1145//1145
f 1150//1150 615//615 1148//1148
f 1145//1145 1148//1148 617//617
f 2671//2671 2670//2670 2661//2661
f 112//112 2661//2661 2670//2670
f 2661//2661 113//113 2671//2671
f 2670//2670 2671//2671 110//110
f 1394//1394 1224//1224 1393//1393
f 617//617 1393//1393 1224//1224
f 1393//1393 534//534 1394//1394
f 1224//1224 1394//1394 592//592
f 2669//2669 2677//2677 2674//2674
f 109//109 2674//2674 2677//2677
f 2674//2674 110//110 2669//2669
f 2677//2677 2669//2669 111//111
f 1223//1223 1217//1217 1225//1225
f 621//621 1225//1225 1217//1217
f 1225//1225 592//592 1223//1223
f 1217//1217 1223//1223 594//594
f 2683//2683 2689//2689 2690//2690
f 104//104 2690//2690 2689//2689
f 2690//2690 108//108 2683//2683
f 2689//2689 2683//2683 106//106
f 1209//1209 1210//1210 1142//1142
f 618//618 1142//1142 1210//1210
f 1142//1142 619//619 1209//1209
f 1210//1210 1209//1209 596//596
f 2785//2785 2690//2690 2784//2784
f 104//104 2784//2784 2690//2690
f 2784//2784 75//75 2785//2785
f 2690//2690 2785//2785 108//108
f 1139//1139 1142//1142 1141//1141
f 618//618 1141//1141 1142//1142
f 1141//1141 620//620 1139//1139
f 1142//1142 1139//1139 619//619
f 2711//2711 2683//2683 2710//2710
f 108//108 2710//2710 2683//2683
f 2710//2710 98//98 2711//2711
f 2683//2683 2711//2711 106//106
f 1216//1216 1209//1209 1218//1218
f 619//619 1218//1218 1209//1209
f 1218//1218 594//594 1216//1216
f 1209//1209 1216//1216 596//596
f 2684//2684 2688//2688 2689//2689
f 104//104 2689//2689 2688//2688
f 2689//2689 106//106 2684//2684
f 2688//2688 2684//2684 105//105
f 1208//1208 1199//1199 1210//1210
f 618//618 1210//1210 1199//1199
f 1210//1210 596//596 1208//1208
f 1199//1199 1208//1208 598//598
f 2810//2810 2713//2713 2809//2809
f 108//108 2809//2809 2713//2713
f 2809//2809 70//70 2810//2810
f 2713//2713 2810//2810 97//97
f 1166//1166 1172//1172 1173//1173
f 609//609 1173//1173 1172//1172
f 1173//1173 616//616 1166//1166
f 1172//1172 1166//1166 611//611
f 2806//2806 2809//2809 2785//2785
f 108//108 2785//2785 2809//2809
f 2785//2785 75//75 2806//2806
f 2809//2809 2806//2806 70//70
f 1329//1329 1173//1173 1328//1328
f 609//609 1328//1328 1173//1173
f 1328//1328 556//556 1329//1329
f 1173//1173 1329//1329 616//616
f 2796//2796 2810//2810 2808//2808
f 70//70 2808//2808 2810//2810
f 2808//2808 72//72 2796//2796
f 2810//2810 2796//2796 97//97
f 1164//1164 1166//1166 1147//1147
f 616//616 1147//1147 1166//1166
f 1147//1147 615//615 1164//1164
f 1166//1166 1164//1164 611//611
f 2712//2712 2710//2710 2713//2713
f 108//108 2713//2713 2710//2710
f 2713//2713 97//97 2712//2712
f 2710//2710 2712//2712 98//98
f 1167//1167 1171//1171 1172//1172
f 609//609 1172//1172 1171//1171
f 1172//1172 611//611 1167//1167
f 1171//1171 1167//1167 610//610
f 2705//2705 2682//2682 2704//2704
f 106//106 2704//2704 2682//2682
f 2704//2704 100//100 2705//2705
f 2682//2682 2705//2705 107//107
f 1336//1336 1146//1146 1335//1335
f 616//616 1335//1335 1146//1146
f 1335//1335 554//554 1336//1336
f 1146//1146 1336//1336 617//617
f 2709//2709 2704//2704 2711//2711
f 106//106 2711//2711 2704//2704
f 2711//2711 98//98 2709//2709
f 2704//2704 2709//2709 100//100
f 1333//1333 1335//1335 1329//1329
f 616//616 1329//1329 1335//1335
f 1329//1329 556//556 1333//1333
f 1335//1335 1333//1333 554//554
f 2695//2695 2705//2705 2703//2703
f 100//100 2703//2703 2705//2705
f 2703//2703 102//102 2695//2695
f 2705//2705 2695//2695 107//107
f 1393//1393 1336//1336 1391//1391
f 554//554 1391//1391 1336//1336
f 1391//1391 534//534 1393//1393
f 1336//1336 1393//1393 617//617
f 2685//2685 2684//2684 2682//2682
f 106//106 2682//2682 2684//2684
f 2682//2682 107//107 2685//2685
f 2684//2684 2685//2685 105//105
f 1148//1148 1147//1147 1146//1146
f 616//616 1146//1146 1147//1147
f 1146//1146 617//617 1148//1148
f 1147//1147 1148//1148 615//615
f 2691//2691 2775//2775 2776//2776
f 79//79 2776//2776 2775//2775
f 2776//2776 104//104 2691//2691
f 2775//2775 2691//2691 103//103
f 1159//1159 1163//1163 1165//1165
f 611//611 1165//1165 1163//1163
f 1165//1165 613//613 1159//1159
f 1163//1163 1159//1159 612//612
f 2784//2784 2776//2776 2782//2782
f 79//79 2782//2782 2776//2776
f 2782//2782 75//75 2784//2784
f 2776//2776 2784//2784 104//104
f 1156//1156 1165//1165 1164//1164
f 611//611 1164//1164 1165//1165
f 1164//1164 615//615 1156//1156
f 1165//1165 1156//1156 613//613
f 2692//2692 2691//2691 2688//2688
f 104//104 2688//2688 2691//2691
f 2688//2688 105//105 2692//2692
f 2691//2691 2692//2692 103//103
f 1160//1160 1159//1159 1155//1155
f 613//613 1155//1155 1159//1159
f 1155//1155 614//614 1160//1160
f 1159//1159 1160//1160 612//612
f 3008//3008 3007//3007 2775//2775
f 79//79 2775//2775 3007//3007
f 2775//2775 103//103 3008//3008
f 3007//3007 3008//3008 15//15
f 1168//1168 1167//1167 1163//1163
f 611//611 1163//1163 1167//1167
f 1163//1163 612//612 1168//1168
f 1167//1167 1168//1168 610//610
f 2719//2719 2729//2729 2731//2731
f 92//92 2731//2731 2729//2729
f 2731//2731 99//99 2719//2719
f 2729//2729 2719//2719 95//95
f 1174//1174 1322//1322 1323//1323
f 559//559 1323//1323 1322//1322
f 1323//1323 609//609 1174//1174
f 1322//1322 1174//1174 608//608
f 2721//2721 2731//2731 2730//2730
f 92//92 2730//2730 2731//2731
f 2730//2730 94//94 2721//2721
f 2731//2731 2721//2721 99//99
f 1328//1328 1323//1323 1326//1326
f 559//559 1326//1326 1323//1323
f 1326//1326 556//556 1328//1328
f 1323//1323 1328//1328 609//609
f 2717//2717 2719//2719 2708//2708
f 99//99 2708//2708 2719//2719
f 2708//2708 98//98 2717//2717
f 2719//2719 2717//2717 95//95
f 1175//1175 1174//1174 1171//1171
f 609//609 1171//1171 1174//1174
f 1171//1171 610//610 1175//1175
f 1174//1174 1175//1175 608//608
f 2724//2724 2728//2728 2729//2729
f 92//92 2729//2729 2728//2728
f 2729//2729 95//95 2724//2724
f 2728//2728 2724//2724 93//93
f 1346//1346 1344//1344 1322//1322
f 559//559 1322//1322 1344//1344
f 1322//1322 608//608 1346//1346
f 1344//1344 1346//1346 550//550
f 2702//2702 2706//2706 2707//2707
f 99//99 2707//2707 2706//2706
f 2707//2707 101//101 2702//2702
f 2706//2706 2702//2702 100//100
f 1181//1181 1186//1186 1188//1188
f 603//603 1188//1188 1186//1186
f 1188//1188 606//606 1181//1181
f 1186//1186 1181//1181 605//605
f 2720//2720 2707//2707 2721//2721
f 99//99 2721//2721 2707//2707
f 2721//2721 94//94 2720//2720
f 2707//2707 2720//2720 101//101
f 1183//1183 1188//1188 1187//1187
f 603//603 1187//1187 1188//1188
f 1187//1187 604//604 1183//1183
f 1188//1188 1183//1183 606//606
f 2703//2703 2702//2702 2699//2699
f 101//101 2699//2699 2702//2702
f 2699//2699 102//102 2703//2703
f 2702//2702 2703//2703 100//100
f 1198//1198 1181//1181 1197//1197
f 606//606 1197//1197 1181//1181
f 1197//1197 599//599 1198//1198
f 1181//1181 1198//1198 605//605
f 2709//2709 2708//2708 2706//2706
f 99//99 2706//2706 2708//2708
f 2706//2706 100//100 2709//2709
f 2708//2708 2709//2709 98//98
f 1284//1284 1285//1285 1186//1186
f 603//603 1186//1186 1285//1285
f 1186//1186 605//605 1284//1284
f 1285//1285 1284//1284 574//574
f 2714//2714 2716//2716 2718//2718
f 95//95 2718//2718 2716//2716
f 2718//2718 97//97 2714//2714
f 2716//2716 2714//2714 96//96
f 1205//1205 1206//1206 1180//1180
f 606//606 1180//1180 1206//1206
f 1180//1180 607//607 1205//1205
f 1206//1206 1205//1205 597//597
f 2712//2712 2718//2718 2717//2717
f 95//95 2717//2717 2718//2718
f 2717//2717 98//98 2712//2712
f 2718//2718 2712//2712 97//97
f 1182//1182 1180//1180 1183//1183
f 606//606 1183//1183 1180//1180
f 1183//1183 604//604 1182//1182
f 1180//1180 1182//1182 607//607
f 2795//2795 2714//2714 2796//2796
f 97//97 2796//2796 2714//2714
f 2796//2796 72//72 2795//2795
f 2714//2714 2795//2795 96//96
f 1203//1203 1205//1205 1200//1200
f 607//607 1200//1200 1205//1205
f 1200//1200 598//598 1203//1203
f 1205//1205 1203//1203 597//597
f 2725//2725 2724//2724 2716//2716
f 95//95 2716//2716 2724//2724
f 2716//2716 96//96 2725//2725
f 2724//2724 2725//2725 93//93
f 1204//1204 1197//1197 1206//1206
f 606//606 1206//1206 1197//1197
f 1206//1206 597//597 1204//1204
f 1197//1197 1204//1204 599//599
f 2737//2737 2741//2741 2743//2743
f 89//89 2743//2743 2741//2741
f 2743//2743 92//92 2737//2737
f 2741//2741 2737//2737 90//90
f 1291//1291 1292//1292 1193//1193
f 605//605 1193//1193 1292//1292
f 1193//1193 601//601 1291//1291
f 1292//1292 1291//1291 572//572
f 2730//2730 2743//2743 2742//2742
f 89//89 2742//2742 2743//2743
f 2742//2742 94//94 2730//2730
f 2743//2743 2730//2730 92//92
f 1196//1196 1193//1193 1198//1198
f 605//605 1198//1198 1193//1193
f 1198//1198 599//599 1196//1196
f 1193//1193 1196//1196 601//601
f 2738//2738 2737//2737 2728//2728
f 92//92 2728//2728 2737//2737
f 2728//2728 93//93 2738//2738
f 2737//2737 2738//2738 90//90
f 1461//1461 1291//1291 1460//1460
f 601//601 1460//1460 1291//1291
f 1460//1460 514//514 1461//1461
f 1291//1291 1461//1461 572//572
f 2736//2736 2744//2744 2741//2741
f 89//89 2741//2741 2744//2744
f 2741//2741 90//90 2736//2736
f 2744//2744 2736//2736 91//91
f 1290//1290 1284//1284 1292//1292
f 605//605 1292//1292 1284//1284
f 1292//1292 572//572 1290//1290
f 1284//1284 1290//1290 574//574
f 2753//2753 2763//2763 2765//2765
f 82//82 2765//2765 2763//2763
f 2765//2765 87//87 2753//2753
f 2763//2763 2753//2753 85//85
f 1276//1276 1277//1277 1190//1190
f 602//602 1190//1190 1277//1277
f 1190//1190 603//603 1276//1276
f 1277//1277 1276//1276 576//576
f 2755//2755 2765//2765 2764//2764
f 82//82 2764//2764 2765//2765
f 2764//2764 84//84 2755//2755
f 2765//2765 2755//2755 87//87
f 1187//1187 1190//1190 1189//1189
f 602//602 1189//1189 1190//1190
f 1189//1189 604//604 1187//1187
f 1190//1190 1187//1187 603//603
f 2952//2952 2753//2753 2951//2951
f 87//87 2951//2951 2753//2753
f 2951//2951 30//30 2952//2952
f 2753//2753 2952//2952 85//85
f 1283//1283 1276//1276 1285//1285
f 603//603 1285//1285 1276//1276
f 1285//1285 574//574 1283//1283
f 1276//1276 1283//1283 576//576
f 2758//2758 2762//2762 2763//2763
f 82//82 2763//2763 2762//2762
f 2763//2763 85//85 2758//2758
f 2762//2762 2758//2758 83//83
f 1275//1275 1266//1266 1277//1277
f 602//602 1277//1277 1266//1266
f 1277//1277 576//576 1275//1275
f 1266//1266 1275//1275 578//578
f 2965//2965 2966//2966 2749//2749
f 87//87 2749//2749 2966//2966
f 2749//2749 88//88 2965//2965
f 2966//2966 2965//2965 27//27
f 1214//1214 1220//1220 1221//1221
f 593//593 1221//1221 1220//1220
f 1221//1221 600//600 1214//1214
f 1220//1220 1214//1214 595//595
f 2754//2754 2749//2749 2755//2755
f 87//87 2755//2755 2749//2749
f 2755//2755 84//84 2754//2754
f 2749//2749 2754//2754 88//88
f 1377//1377 1221//1221 1376//1376
f 593//593 1376//1376 1221//1221
f 1376//1376 540//540 1377//1377
f 1221//1221 1377//1377 600//600
f 2962//2962 2965//2965 2959//2959
f 88//88 2959//2959 2965//2965
f 2959//2959 28//28 2962//2962
f 2965//2965 2962//2962 27//27
f 1212//1212 1214//1214 1195//1195
f 600//600 1195//1195 1214//1214
f 1195//1195 599//599 1212//1212
f 1214//1214 1212//1212 595//595
f 2964//2964 2951//2951 2966//2966
f 87//87 2966//2966 2951//2951
f 2966//2966 27//27 2964//2964
f 2951//2951 2964//2964 30//30
f 1215//1215 1219//1219 1220//1220
f 593//593 1220//1220 1219//1219
f 1220//1220 595//595 1215//1215
f 1219//1219 1215//1215 594//594
f 2940//2940 2752//2752 2939//2939
f 85//85 2939//2939 2752//2752
f 2939//2939 33//33 2940//2940
f 2752//2752 2940//2940 86//86
f 1384//1384 1194//1194 1383//1383
f 600//600 1383//1383 1194//1194
f 1383//1383 538//538 1384//1384
f 1194//1194 1384//1384 601//601
f 2950//2950 2939//2939 2952//2952
f 85//85 2952//2952 2939//2939
f 2952//2952 30//30 2950//2950
f 2939//2939 2950//2950 33//33
f 1381//1381 1383//1383 1377//1377
f 600//600 1377//1377 1383//1383
f 1377//1377 540//540 1381//1381
f 1383//1383 1381//1381 538//538
f 2928//2928 2940//2940 2938//2938
f 33//33 2938//2938 2940//2940
f 2938//2938 35//35 2928//2928
f 2940//2940 2928//2928 86//86
f 1460//1460 1384//1384 1458//1458
f 538//538 1458//1458 1384//1384
f 1458//1458 514//514 1460//1460
f 1384//1384 1460//1460 601//601
f 2760//2760 2758//2758 2752//2752
f 85//85 2752//2752 2758//2758
f 2752//2752 86//86 2760//2760
f 2758//2758 2760//2760 83//83
f 1196//1196 1195//1195 1194//1194
f 600//600 1194//1194 1195//1195
f 1194//1194 601//601 1196//1196
f 1195//1195 1196//1196 599//599
f 2766//2766 2770//2770 2772//2772
f 80//80 2772//2772 2770//2770
f 2772//2772 82//82 2766//2766
f 2770//2770 2766//2766 81//81
f 1207//1207 1211//1211 1213//1213
f 595//595 1213//1213 1211//1211
f 1213//1213 597//597 1207//1207
f 1211//1211 1207//1207 596//596
f 2764//2764 2772//2772 2771//2771
f 80//80 2771//2771 2772//2772
f 2771//2771 84//84 2764//2764
f 2772//2772 2764//2764 82//82
f 1204//1204 1213//1213 1212//1212
f 595//595 1212//1212 1213//1213
f 1212//1212 599//599 1204//1204
f 1213//1213 1204//1204 597//597
f 2768//2768 2766//2766 2762//2762
f 82//82 2762//2762 2766//2766
f 2762//2762 83//83 2768//2768
f 2766//2766 2768//2768 81//81
f 1208//1208 1207//1207 1203//1203
f 597//597 1203//1203 1207//1207
f 1203//1203 598//598 1208//1208
f 1207//1207 1208//1208 596//596
f 2797//2797 2794//2794 2770//2770
f 80//80 2770//2770 2794//2794
f 2770//2770 81//81 2797//2797
f 2794//2794 2797//2797 72//72
f 1216//1216 1215//1215 1211//1211
f 595//595 1211//1211 1215//1215
f 1211//1211 596//596 1216//1216
f 1215//1215 1216//1216 594//594
f 2781//2781 2791//2791 2793//2793
f 73//73 2793//2793 2791//2791
f 2793//2793 78//78 2781//2781
f 2791//2791 2781//2781 76//76
f 1222//1222 1370//1370 1371//1371
f 543//543 1371//1371 1370//1370
f 1371//1371 593//593 1222//1222
f 1370//1370 1222//1222 592//592
f 2783//2783 2793//2793 2792//2792
f 73//73 2792//2792 2793//2793
f 2792//2792 75//75 2783//2783
f 2793//2793 2783//2783 78//78
f 1376//1376 1371//1371 1374//1374
f 543//543 1374//1374 1371//1371
f 1374//1374 540//540 1376//1376
f 1371//1371 1376//1376 593//593
f 3045//3045 2781//2781 3044//3044
f 78//78 3044//3044 2781//2781
f 3044//3044 6//6 3045//3045
f 2781//2781 3045//3045 76//76
f 1223//1223 1222//1222 1219//1219
f 593//593 1219//1219 1222//1222
f 1219//1219 594//594 1223//1223
f 1222//1222 1223//1223 592//592
f 2786//2786 2790//2790 2791//2791
f 73//73 2791//2791 2790//2790
f 2791//2791 76//76 2786//2786
f 2790//2790 2786//2786 74//74
f 1394//1394 1392//1392 1370//1370
f 543//543 1370//1370 1392//1392
f 1370//1370 592//592 1394//1394
f 1392//1392 1394//1394 534//534
f 3012//3012 3013//3013 2777//2777
f 78//78 2777//2777 3013//3013
f 2777//2777 79//79 3012//3012
f 3013//3013 3012//3012 14//14
f 1231//1231 1241//1241 1243//1243
f 585//585 1243//1243 1241//1241
f 1243//1243 590//590 1231//1231
f 1241//1241 1231//1231 588//588
f 2782//2782 2777//2777 2783//2783
f 78//78 2783//2783 2777//2777
f 2783//2783 75//75 2782//2782
f 2777//2777 2782//2782 79//79
f 1233//1233 1243//1243 1242//1242
f 585//585 1242//1242 1243//1243
f 1242//1242 587//587 1233//1233
f 1243//1243 1233//1233 590//590
f 3011//3011 3012//3012 3007//3007
f 79//79 3007//3007 3012//3012
f 3007//3007 15//15 3011//3011
f 3012//3012 3011//3011 14//14
f 1265//1265 1231//1231 1264//1264
f 590//590 1264//1264 1231//1231
f 1264//1264 579//579 1265//1265
f 1231//1231 1265//1265 588//588
f 3042//3042 3044//3044 3013//3013
f 78//78 3013//3013 3044//3044
f 3013//3013 14//14 3042//3042
f 3044//3044 3042//3042 6//6
f 1236//1236 1240//1240 1241//1241
f 585//585 1241//1241 1240//1240
f 1241//1241 588//588 1236//1236
f 1240//1240 1236//1236 586//586
f 3070//3070 2780//2780 3069//3069
f 76//76 3069//3069 2780//2780
f 3069//3069 1//1 3070//3070
f 2780//2780 3070//3070 77//77
f 1272//1272 1273//1273 1228//1228
f 590//590 1228//1228 1273//1273
f 1228//1228 591//591 1272//1272
f 1273//1273 1272//1272 577//577
f 3066//3066 3069//3069 3045//3045
f 76//76 3045//3045 3069//3069
f 3045//3045 6//6 3066//3066
f 3069//3069 3066//3066 1//1
f 1232//1232 1228//1228 1233//1233
f 590//590 1233//1233 1228//1228
f 1233//1233 587//587 1232//1232
f 1228//1228 1232//1232 591//591
f 3054//3054 3070//3070 3068//3068
f 1//1 3068//3068 3070//3070
f 3068//3068 3//3 3054//3054
f 3070//3070 3054//3054 77//77
f 1270//1270 1272//1272 1267//1267
f 591//591 1267//1267 1272//1272
f 1267//1267 578//578 1270//1270
f 1272//1272 1270//1270 577//577
f 2788//2788 2786//2786 2780//2780
f 76//76 2780//2780 2786//2786
f 2780//2780 77//77 2788//2788
f 2786//2786 2788//2788 74//74
f 1271//1271 1264//1264 1273//1273
f 590//590 1273//1273 1264//1264
f 1273//1273 577//577 1271//1271
f 1264//1264 1271//1271 579//579
f 2801//2801 2805//2805 2807//2807
f 70//70 2807//2807 2805//2805
f 2807//2807 73//73 2801//2801
f 2805//2805 2801//2801 71//71
f 1260//1260 1230//1230 1259//1259
f 588//588 1259//1259 1230//1230
f 1259//1259 581//581 1260//1260
f 1230//1230 1260//1260 589//589
f 2792//2792 2807//2807 2806//2806
f 70//70 2806//2806 2807//2807
f 2806//2806 75//75 2792//2792
f 2807//2807 2792//2792 73//73
f 1263//1263 1259//1259 1265//1265
f 588//588 1265//1265 1259//1259
f 1265//1265 579//579 1263//1263
f 1259//1259 1263//1263 581//581
f 2803//2803 2801//2801 2790//2790
f 73//73 2790//2790 2801//2801
f 2790//2790 74//74 2803//2803
f 2801//2801 2803//2803 71//71
f 1438//1438 1260//1260 1437//1437
f 581//581 1437//1437 1260//1260
f 1437//1437 520//520 1438//1438
f 1260//1260 1438//1438 589//589
f 2800//2800 2808//2808 2805//2805
f 70//70 2805//2805 2808//2808
f 2805//2805 71//71 2800//2800
f 2808//2808 2800//2800 72//72
f 2817//2817 2827//2827 2829//2829
f 63//63 2829//2829 2827//2827
f 2829//2829 68//68 2817//2817
f 2827//2827 2817//2817 66//66
f 1237//1237 1236//1236 1230//1230
f 588//588 1230//1230 1236//1236
f 1230//1230 589//589 1237//1237
f 1236//1236 1237//1237 586//586
f 2819//2819 2829//2829 2828//2828
f 63//63 2828//2828 2829//2829
f 2828//2828 65//65 2819//2819
f 2829//2829 2819//2819 68//68
f 1249//1249 1253//1253 1255//1255
f 582//582 1255//1255 1253//1253
f 1255//1255 585//585 1249//1249
f 1253//1253 1249//1249 583//583
f 2902//2902 2817//2817 2901//2901
f 68//68 2901//2901 2817//2817
f 2901//2901 43//43 2902//2902
f 2817//2817 2902//2902 66//66
f 1242//1242 1255//1255 1254//1254
f 582//582 1254//1254 1255//1255
f 1254//1254 587//587 1242//1242
f 1255//1255 1242//1242 585//585
f 2822//2822 2826//2826 2827//2827
f 63//63 2827//2827 2826//2826
f 2827//2827 66//66 2822//2822
f 2826//2826 2822//2822 64//64
f 1250//1250 1249//1249 1240//1240
f 585//585 1240//1240 1249//1249
f 1240//1240 586//586 1250//1250
f 1249//1249 1250//1250 583//583
f 2908//2908 2909//2909 2813//2813
f 68//68 2813//2813 2909//2909
f 2813//2813 69//69 2908//2908
f 2909//2909 2908//2908 41//41
f 1248//1248 1256//1256 1253//1253
f 582//582 1253//1253 1256//1256
f 1253//1253 583//583 1248//1248
f 1256//1256 1248//1248 584//584
f 2818//2818 2813//2813 2819//2819
f 68//68 2819//2819 2813//2813
f 2819//2819 65//65 2818//2818
f 2813//2813 2818//2818 69//69
f 1281//1281 1287//1287 1288//1288
f 573//573 1288//1288 1287//1287
f 1288//1288 580//580 1281//1281
f 1287//1287 1281//1281 575//575
f 2910//2910 2908//2908 2912//2912
f 69//69 2912//2912 2908//2908
f 2912//2912 40//40 2910//2910
f 2908//2908 2910//2910 41//41
f 1427//1427 1288//1288 1426//1426
f 573//573 1426//1426 1288//1288
f 1426//1426 523//523 1427//1427
f 1288//1288 1427//1427 580//580
f 2907//2907 2901//2901 2909//2909
f 68//68 2909//2909 2901//2901
f 2909//2909 41//41 2907//2907
f 2901//2901 2907//2907 43//43
f 1279//1279 1281//1281 1262//1262
f 580//580 1262//1262 1281//1281
f 1262//1262 579//579 1279//1279
f 1281//1281 1279//1279 575//575
f 2894//2894 2816//2816 2893//2893
f 66//66 2893//2893 2816//2816
f 2893//2893 45//45 2894//2894
f 2816//2816 2894//2894 67//67
f 1282//1282 1286//1286 1287//1287
f 573//573 1287//1287 1286//1286
f 1287//1287 575//575 1282//1282
f 1286//1286 1282//1282 574//574
f 2900//2900 2893//2893 2902//2902
f 66//66 2902//2902 2893//2893
f 2902//2902 43//43 2900//2900
f 2893//2893 2900//2900 45//45
f 1450//1450 1261//1261 1449//1449
f 580//580 1449//1449 1261//1261
f 1449//1449 518//518 1450//1450
f 1261//1261 1450//1450 581//581
f 2882//2882 2894//2894 2892//2892
f 45//45 2892//2892 2894//2894
f 2892//2892 47//47 2882//2882
f 2894//2894 2882//2882 67//67
f 1446//1446 1449//1449 1427//1427
f 580//580 1427//1427 1449//1449
f 1427//1427 523//523 1446//1446
f 1449//1449 1446//1446 518//518
f 1437//1437 1450//1450 1448//1448
f 518//518 1448//1448 1450//1450
f 1448//1448 520//520 1437//1437
f 1450//1450 1437//1437 581//581
f 2824//2824 2822//2822 2816//2816
f 66//66 2816//2816 2822//2822
f 2816//2816 67//67 2824//2824
f 2822//2822 2824//2824 64//64
f 1263//1263 1262//1262 1261//1261
f 580//580 1261//1261 1262//1262
f 1261//1261 581//581 1263//1263
f 1262//1262 1263//1263 579//579
f 2830//2830 2834//2834 2836//2836
f 61//61 2836//2836 2834//2834
f 2836//2836 63//63 2830//2830
f 2834//2834 2830//2830 62//62
f 1274//1274 1278//1278 1280//1280
f 575//575 1280//1280 1278//1278
f 1280//1280 577//577 1274//1274
f 1278//1278 1274//1274 576//576
f 2828//2828 2836//2836 2835//2835
f 61//61 2835//2835 2836//2836
f 2835//2835 65//65 2828//2828
f 2836//2836 2828//2828 63//63
f 1271//1271 1280//1280 1279//1279
f 575//575 1279//1279 1280//1280
f 1279//1279 579//579 1271//1271
f 1280//1280 1271//1271 577//577
f 2832//2832 2830//2830 2826//2826
f 63//63 2826//2826 2830//2830
f 2826//2826 64//64 2832//2832
f 2830//2830 2832//2832 62//62
f 1275//1275 1274//1274 1270//1270
f 577//577 1270//1270 1274//1274
f 1270//1270 578//578 1275//1275
f 1274//1274 1275//1275 576//576
f 2863//2863 2858//2858 2834//2834
f 61//61 2834//2834 2858//2858
f 2834//2834 62//62 2863//2863
f 2858//2858 2863//2863 53//53
f 1283//1283 1282//1282 1278//1278
f 575//575 1278//1278 1282//1282
f 1278//1278 576//576 1283//1283
f 1282//1282 1283//1283 574//574
f 2845//2845 2855//2855 2857//2857
f 54//54 2857//2857 2855//2855
f 2857//2857 59//59 2845//2845
f 2855//2855 2845//2845 57//57
f 1289//1289 1418//1418 1419//1419
f 527//527 1419//1419 1418//1418
f 1419//1419 573//573 1289//1289
f 1418//1418 1289//1289 572//572
f 2847//2847 2857//2857 2856//2856
f 54//54 2856//2856 2857//2857
f 2856//2856 56//56 2847//2847
f 2857//2857 2847//2847 59//59
f 1426//1426 1419//1419 1424//1424
f 527//527 1424//1424 1419//1419
f 1424//1424 523//523 1426//1426
f 1419//1419 1426//1426 573//573
f 2999//2999 2845//2845 2998//2998
f 59//59 2998//2998 2845//2845
f 2998//2998 18//18 2999//2999
f 2845//2845 2999//2999 57//57
f 1290//1290 1289//1289 1286//1286
f 573//573 1286//1286 1289//1289
f 1286//1286 574//574 1290//1290
f 1289//1289 1290//1290 572//572
f 2850//2850 2854//2854 2855//2855
f 54//54 2855//2855 2854//2854
f 2855//2855 57//57 2850//2850
f 2854//2854 2850//2850 55//55
f 1461//1461 1459//1459 1418//1418
f 527//527 1418//1418 1459//1459
f 1418//1418 572//572 1461//1461
f 1459//1459 1461//1461 514//514
f 2978//2978 2979//2979 2841//2841
f 59//59 2841//2841 2979//2979
f 2841//2841 60//60 2978//2978
f 2979//2979 2978//2978 24//24
f 1296//1296 1301//1301 1303//1303
f 567//567 1303//1303 1301//1301
f 1303//1303 570//570 1296//1296
f 1301//1301 1296//1296 569//569
f 2846//2846 2841//2841 2847//2847
f 59//59 2847//2847 2841//2841
f 2847//2847 56//56 2846//2846
f 2841//2841 2846//2846 60//60
f 1298//1298 1303//1303 1302//1302
f 567//567 1302//1302 1303//1303
f 1302//1302 568//568 1298//1298
f 1303//1303 1298//1298 570//570
f 2977//2977 2978//2978 2973//2973
f 60//60 2973//2973 2978//2978
f 2973//2973 25//25 2977//2977
f 2978//2978 2977//2977 24//24
f 1313//1313 1296//1296 1312//1312
f 570//570 1312//1312 1296//1296
f 1312//1312 563//563 1313//1313
f 1296//1296 1313//1313 569//569
f 2996//2996 2998//2998 2979//2979
f 59//59 2979//2979 2998//2998
f 2979//2979 24//24 2996//2996
f 2998//2998 2996//2996 18//18
f 1361//1361 1362//1362 1301//1301
f 567//567 1301//1301 1362//1362
f 1301//1301 569//569 1361//1361
f 1362//1362 1361//1361 546//546
f 3006//3006 2844//2844 3005//3005
f 57//57 3005//3005 2844//2844
f 3005//3005 16//16 3006//3006
f 2844//2844 3006//3006 58//58
f 1315//1315 1316//1316 1295//1295
f 570//570 1295//1295 1316//1316
f 1295//1295 571//571 1315//1315
f 1316//1316 1315//1315 562//562
f 3003//3003 3005//3005 2999//2999
f 57//57 2999//2999 3005//3005
f 2999//2999 18//18 3003//3003
f 3005//3005 3003//3003 16//16
f 1297//1297 1295//1295 1298//1298
f 570//570 1298//1298 1295//1295
f 1298//1298 568//568 1297//1297
f 1295//1295 1297//1297 571//571
f 3025//3025 3006//3006 3024//3024
f 16//16 3024//3024 3006//3006
f 3024//3024 10//10 3025//3025
f 3006//3006 3025//3025 58//58
f 1436//1436 1315//1315 1439//1439
f 571//571 1439//1439 1315//1315
f 1439//1439 520//520 1436//1436
f 1315//1315 1436//1436 562//562
f 2852//2852 2850//2850 2844//2844
f 57//57 2844//2844 2850//2850
f 2844//2844 58//58 2852//2852
f 2850//2850 2852//2852 55//55
f 1314//1314 1312//1312 1316//1316
f 570//570 1316//1316 1312//1312
f 1316//1316 562//562 1314//1314
f 1312//1312 1314//1314 563//563
f 2865//2865 2869//2869 2871//2871
f 51//51 2871//2871 2869//2869
f 2871//2871 54//54 2865//2865
f 2869//2869 2865//2865 52//52
f 1368//1368 1369//1369 1308//1308
f 569//569 1308//1308 1369//1369
f 1308//1308 565//565 1368//1368
f 1369//1369 1368//1368 544//544
f 2856//2856 2871//2871 2870//2870
f 51//51 2870//2870 2871//2871
f 2870//2870 56//56 2856//2856
f 2871//2871 2856//2856 54//54
f 1311//1311 1308//1308 1313//1313
f 569//569 1313//1313 1308//1308
f 1313//1313 563//563 1311//1311
f 1308//1308 1311//1311 565//565
f 2867//2867 2865//2865 2854//2854
f 54//54 2854//2854 2865//2865
f 2854//2854 55//55 2867//2867
f 2865//2865 2867//2867 52//52
f 1555//1555 1368//1368 1554//1554
f 565//565 1554//1554 1368//1368
f 1554//1554 482//482 1555//1555
f 1368//1368 1555//1555 544//544
f 2864//2864 2872//2872 2869//2869
f 51//51 2869//2869 2872//2872
f 2869//2869 52//52 2864//2864
f 2872//2872 2864//2864 53//53
f 1367//1367 1361//1361 1369//1369
f 569//569 1369//1369 1361//1361
f 1369//1369 544//544 1367//1367
f 1361//1361 1367//1367 546//546
f 2898//2898 2904//2904 2905//2905
f 42//42 2905//2905 2904//2904
f 2905//2905 49//49 2898//2898
f 2904//2904 2898//2898 44//44
f 1353//1353 1354//1354 1305//1305
f 566//566 1305//1305 1354//1354
f 1305//1305 567//567 1353//1353
f 1354//1354 1353//1353 548//548
f 2948//2948 2905//2905 2947//2947
f 42//42 2947//2947 2905//2905
f 2947//2947 31//31 2948//2948
f 2905//2905 2948//2948 49//49
f 1302//1302 1305//1305 1304//1304
f 566//566 1304//1304 1305//1305
f 1304//1304 568//568 1302//1302
f 1305//1305 1302//1302 567//567
f 2896//2896 2898//2898 2878//2878
f 49//49 2878//2878 2898//2898
f 2878//2878 48//48 2896//2896
f 2898//2898 2896//2896 44//44
f 1360//1360 1353//1353 1362//1362
f 567//567 1362//1362 1353//1353
f 1362//1362 546//546 1360//1360
f 1353//1353 1360//1360 548//548
f 2899//2899 2903//2903 2904//2904
f 42//42 2904//2904 2903//2903
f 2904//2904 44//44 2899//2899
f 2903//2903 2899//2899 43//43
f 1352//1352 1343//1343 1354//1354
f 566//566 1354//1354 1343//1343
f 1354//1354 548//548 1352//1352
f 1343//1343 1352//1352 550//550
f 2972//2972 2877//2877 2971//2971
f 49//49 2971//2971 2877//2877
f 2971//2971 26//26 2972//2972
f 2877//2877 2972//2972 50//50
f 1319//1319 1320//1320 1321//1321
f 560//560 1321//1321 1320//1320
f 1321//1321 564//564 1319//1319
f 1320//1320 1319//1319 561//561
f 2968//2968 2971//2971 2948//2948
f 49//49 2948//2948 2971//2971
f 2948//2948 31//31 2968//2968
f 2971//2971 2968//2968 26//26
f 1492//1492 1321//1321 1491//1491
f 560//560 1491//1491 1321//1321
f 1491//1491 504//504 1492//1492
f 1321//1321 1492//1492 564//564
f 2957//2957 2972//2972 2970//2970
f 26//26 2970//2970 2972//2972
f 2970//2970 28//28 2957//2957
f 2972//2972 2957//2957 50//50
f 1317//1317 1319//1319 1310//1310
f 564//564 1310//1310 1319//1319
f 1310//1310 563//563 1317//1317
f 1319//1319 1317//1317 561//561
f 2879//2879 2878//2878 2877//2877
f 49//49 2877//2877 2878//2878
f 2877//2877 50//50 2879//2879
f 2878//2878 2879//2879 48//48
f 1430//1430 1431//1431 1320//1320
f 560//560 1320//1320 1431//1431
f 1320//1320 561//561 1430//1430
f 1431//1431 1430//1430 522//522
f 2891//2891 2895//2895 2897//2897
f 44//44 2897//2897 2895//2895
f 2897//2897 46//46 2891//2891
f 2895//2895 2891//2891 45//45
f 1499//1499 1309//1309 1498//1498
f 564//564 1498//1498 1309//1309
f 1498//1498 502//502 1499//1499
f 1309//1309 1499//1499 565//565
f 2888//2888 2897//2897 2896//2896
f 44//44 2896//2896 2897//2897
f 2896//2896 48//48 2888//2888
f 2897//2897 2888//2888 46//46
f 1496//1496 1498//1498 1492//1492
f 564//564 1492//1492 1498//1498
f 1492//1492 504//504 1496//1496
f 1498//1498 1496//1496 502//502
f 2892//2892 2891//2891 2887//2887
f 46//46 2887//2887 2891//2891
f 2887//2887 47//47 2892//2892
f 2891//2891 2892//2892 45//45
f 1554//1554 1499//1499 1552//1552
f 502//502 1552//1552 1499//1499
f 1552//1552 482//482 1554//1554
f 1499//1499 1554//1554 565//565
f 2900//2900 2899//2899 2895//2895
f 44//44 2895//2895 2899//2899
f 2895//2895 45//45 2900//2900
f 2899//2899 2900//2900 43//43
f 1311//1311 1310//1310 1309//1309
f 564//564 1309//1309 1310//1310
f 1309//1309 565//565 1311//1311
f 1310//1310 1311//1311 563//563
f 2906//2906 2916//2916 2917//2917
f 39//39 2917//2917 2916//2916
f 2917//2917 42//42 2906//2906
f 2916//2916 2906//2906 41//41
f 1443//1443 1444//1444 1318//1318
f 561//561 1318//1318 1444//1444
f 1318//1318 562//562 1443//1443
f 1444//1444 1443//1443 519//519
f 2947//2947 2917//2917 2945//2945
f 39//39 2945//2945 2917//2917
f 2945//2945 31//31 2947//2947
f 2917//2917 2947//2947 42//42
f 1314//1314 1318//1318 1317//1317
f 561//561 1317//1317 1318//1318
f 1317//1317 563//563 1314//1314
f 1318//1318 1314//1314 562//562
f 2907//2907 2906//2906 2903//2903
f 42//42 2903//2903 2906//2906
f 2903//2903 43//43 2907//2907
f 2906//2906 2907//2907 41//41
f 1440//1440 1443//1443 1436//1436
f 562//562 1436//1436 1443//1443
f 1436//1436 520//520 1440//1440
f 1443//1443 1440//1440 519//519
f 2910//2910 2915//2915 2916//2916
f 39//39 2916//2916 2915//2915
f 2916//2916 41//41 2910//2910
f 2915//2915 2910//2910 40//40
f 1442//1442 1430//1430 1444//1444
f 561//561 1444//1444 1430//1430
f 1444//1444 519//519 1442//1442
f 1430//1430 1442//1442 522//522
f 2944//2944 2954//2954 2956//2956
f 29//29 2956//2956 2954//2954
f 2956//2956 37//37 2944//2944
f 2954//2954 2944//2944 32//32
f 1421//1421 1485//1485 1486//1486
f 507//507 1486//1486 1485//1485
f 1486//1486 560//560 1421//1421
f 1485//1485 1421//1421 525//525
f 2946//2946 2956//2956 2955//2955
f 29//29 2955//2955 2956//2956
f 2955//2955 31//31 2946//2946
f 2956//2956 2946//2946 37//37
f 1491//1491 1486//1486 1489//1489
f 507//507 1489//1489 1486//1486
f 1489//1489 504//504 1491//1491
f 1486//1486 1491//1491 560//560
f 2942//2942 2944//2944 2924//2924
f 37//37 2924//2924 2944//2944
f 2924//2924 36//36 2942//2942
f 2944//2944 2942//2942 32//32
f 1429//1429 1421//1421 1431//1431
f 560//560 1431//1431 1421//1421
f 1431//1431 522//522 1429//1429
f 1421//1421 1429//1429 525//525
f 2949//2949 2953//2953 2954//2954
f 29//29 2954//2954 2953//2953
f 2954//2954 32//32 2949//2949
f 2953//2953 2949//2949 30//30
f 1684//1684 1685//1685 1485//1485
f 507//507 1485//1485 1685//1685
f 1485//1485 525//525 1684//1684
f 1685//1685 1684//1684 445//445
f 2918//2918 2922//2922 2923//2923
f 37//37 2923//2923 2922//2922
f 2923//2923 39//39 2918//2918
f 2922//2922 2918//2918 38//38
f 1325//1325 1330//1330 1332//1332
f 555//555 1332//1332 1330//1330
f 1332//1332 558//558 1325//1325
f 1330//1330 1325//1325 557//557
f 2945//2945 2923//2923 2946//2946
f 37//37 2946//2946 2923//2923
f 2946//2946 31//31 2945//2945
f 2923//2923 2945//2945 39//39
f 1327//1327 1332//1332 1331//1331
f 555//555 1331//1331 1332//1332
f 1331//1331 556//556 1327//1327
f 1332//1332 1327//1327 558//558
f 2919//2919 2918//2918 2915//2915
f 39//39 2915//2915 2918//2918
f 2915//2915 40//40 2919//2919
f 2918//2918 2919//2919 38//38
f 1342//1342 1325//1325 1341//1341
f 558//558 1341//1341 1325//1325
f 1341//1341 551//551 1342//1342
f 1325//1325 1342//1342 557//557
f 2925//2925 2924//2924 2922//2922
f 37//37 2922//2922 2924//2924
f 2922//2922 38//38 2925//2925
f 2924//2924 2925//2925 36//36
f 1409//1409 1410//1410 1330//1330
f 555//555 1330//1330 1410//1410
f 1330//1330 557//557 1409//1409
f 1410//1410 1409//1409 530//530
f 2937//2937 2941//2941 2943//2943
f 32//32 2943//2943 2941//2941
f 2943//2943 34//34 2937//2937
f 2941//2941 2937//2937 33//33
f 1349//1349 1350//1350 1324//1324
f 558//558 1324//1324 1350//1350
f 1324//1324 559//559 1349//1349
f 1350//1350 1349//1349 549//549
f 2934//2934 2943//2943 2942//2942
f 32//32 2942//2942 2943//2943
f 2942//2942 36//36 2934//2934
f 2943//2943 2934//2934 34//34
f 1326//1326 1324//1324 1327//1327
f 558//558 1327//1327 1324//1324
f 1327//1327 556//556 1326//1326
f 1324//1324 1326//1326 559//559
f 2938//2938 2937//2937 2933//2933
f 34//34 2933//2933 2937//2937
f 2933//2933 35//35 2938//2938
f 2937//2937 2938//2938 33//33
f 1347//1347 1349//1349 1344//1344
f 559//559 1344//1344 1349//1349
f 1344//1344 550//550 1347//1347
f 1349//1349 1347//1347 549//549
f 2950//2950 2949//2949 2941//2941
f 32//32 2941//2941 2949//2949
f 2941//2941 33//33 2950//2950
f 2949//2949 2950//2950 30//30
f 1348//1348 1341//1341 1350//1350
f 558//558 1350//1350 1341//1341
f 1350//1350 549//549 1348//1348
f 1341//1341 1348//1348 551//551
f 2963//2963 2967//2967 2969//2969
f 26//26 2969//2969 2967//2967
f 2969//2969 29//29 2963//2963
f 2967//2967 2963//2963 27//27
f 1416//1416 1417//1417 1337//1337
f 557//557 1337//1337 1417//1417
f 1337//1337 553//553 1416//1416
f 1417//1417 1416//1416 528//528
f 2955//2955 2969//2969 2968//2968
f 26//26 2968//2968 2969//2969
f 2968//2968 31//31 2955//2955
f 2969//2969 2955//2955 29//29
f 1340//1340 1337//1337 1342//1342
f 557//557 1342//1342 1337//1337
f 1342//1342 551//551 1340//1340
f 1337//1337 1340//1340 553//553
f 2964//2964 2963//2963 2953//2953
f 29//29 2953//2953 2963//2963
f 2953//2953 30//30 2964//2964
f 2963//2963 2964//2964 27//27
f 1623//1623 1416//1416 1622//1622
f 553//553 1622//1622 1416//1416
f 1622//1622 462//462 1623//1623
f 1416//1416 1623//1623 528//528
f 2962//2962 2970//2970 2967//2967
f 26//26 2967//2967 2970//2970
f 2967//2967 27//27 2962//2962
f 2970//2970 2962//2962 28//28
f 1415//1415 1409//1409 1417//1417
f 557//557 1417//1417 1409//1409
f 1417//1417 528//528 1415//1415
f 1409//1409 1415//1415 530//530
f 2995//2995 3000//3000 3002//3002
f 17//17 3002//3002 3000//3000
f 3002//3002 22//22 2995//2995
f 3000//3000 2995//2995 19//19
f 1401//1401 1402//1402 1334//1334
f 554//554 1334//1334 1402//1402
f 1334//1334 555//555 1401//1401
f 1402//1402 1401//1401 532//532
f 2997//2997 3002//3002 3001//3001
f 17//17 3001//3001 3002//3002
f 3001//3001 18//18 2997//2997
f 3002//3002 2997//2997 22//22
f 1331//1331 1334//1334 1333//1333
f 554//554 1333//1333 1334//1334
f 1333//1333 556//556 1331//1331
f 1334//1334 1331//1331 555//555
f 2993//2993 2995//2995 2986//2986
f 22//22 2986//2986 2995//2995
f 2986//2986 21//21 2993//2993
f 2995//2995 2993//2993 19//19
f 1408//1408 1401//1401 1410//1410
f 555//555 1410//1410 1401//1401
f 1410//1410 530//530 1408//1408
f 1401//1401 1408//1408 532//532
f 3048//3048 3049//3049 3000//3000
f 17//17 3000//3000 3049//3049
f 3000//3000 19//19 3048//3048
f 3049//3049 3048//3048 5//5
f 1400//1400 1391//1391 1402//1402
f 554//554 1402//1402 1391//1391
f 1402//1402 532//532 1400//1400
f 1391//1391 1400//1400 534//534
f 2980//2980 2984//2984 2985//2985
f 22//22 2985//2985 2984//2984
f 2985//2985 24//24 2980//2980
f 2984//2984 2980//2980 23//23
f 1358//1358 1364//1364 1365//1365
f 545//545 1365//1365 1364//1364
f 1365//1365 552//552 1358//1358
f 1364//1364 1358//1358 547//547
f 2996//2996 2985//2985 2997//2997
f 22//22 2997//2997 2985//2985
f 2997//2997 18//18 2996//2996
f 2985//2985 2996//2996 24//24
f 1534//1534 1365//1365 1533//1533
f 545//545 1533//1533 1365//1365
f 1533//1533 489//489 1534//1534
f 1365//1365 1534//1534 552//552
f 2981//2981 2980//2980 2977//2977
f 24//24 2977//2977 2980//2980
f 2977//2977 25//25 2981//2981
f 2980//2980 2981//2981 23//23
f 1356//1356 1358//1358 1339//1339
f 552//552 1339//1339 1358//1358
f 1339//1339 551//551 1356//1356
f 1358//1358 1356//1356 547//547
f 2987//2987 2986//2986 2984//2984
f 22//22 2984//2984 2986//2986
f 2984//2984 23//23 2987//2987
f 2986//2986 2987//2987 21//21
f 1359//1359 1363//1363 1364//1364
f 545//545 1364//1364 1363//1363
f 1364//1364 547//547 1359//1359
f 1363//1363 1359//1359 546//546
f 3063//3063 3064//3064 2994//2994
f 19//19 2994//2994 3064//3064
f 2994//2994 20//20 3063//3063
f 3064//3064 3063//3063 2//2
f 1541//1541 1338//1338 1540//1540
f 552//552 1540//1540 1338//1338
f 1540//1540 487//487 1541//1541
f 1338//1338 1541//1541 553//553
f 2990//2990 2994//2994 2993//2993
f 19//19 2993//2993 2994//2994
f 2993//2993 21//21 2990//2990
f 2994//2994 2990//2990 20//20
f 1538//1538 1540//1540 1534//1534
f 552//552 1534//1534 1540//1540
f 1534//1534 489//489 1538//1538
f 1540//1540 1538//1538 487//487
f 3060//3060 3063//3063 3055//3055
f 20//20 3055//3055 3063//3063
f 3055//3055 3//3 3060//3060
f 3063//3063 3060//3060 2//2
f 1622//1622 1541//1541 1620//1620
f 487//487 1620//1620 1541//1541
f 1620//1620 462//462 1622//1622
f 1541//1541 1622//1622 553//553
f 3062//3062 3048//3048 3064//3064
f 19//19 3064//3064 3048//3048
f 3064//3064 2//2 3062//3062
f 3048//3048 3062//3062 5//5
f 1340//1340 1339//1339 1338//1338
f 552//552 1338//1338 1339//1339
f 1338//1338 553//553 1340//1340
f 1339//1339 1340//1340 551//551
f 3036//3036 3037//3037 3004//3004
f 16//16 3004//3004 3037//3037
f 3004//3004 17//17 3036//3036
f 3037//3037 3036//3036 8//8
f 1351//1351 1355//1355 1357//1357
f 547//547 1357//1357 1355//1355
f 1357//1357 549//549 1351//1351
f 1355//1355 1351//1351 548//548
f 3001//3001 3004//3004 3003//3003
f 16//16 3003//3003 3004//3004
f 3003//3003 18//18 3001//3001
f 3004//3004 3001//3001 17//17
f 1348//1348 1357//1357 1356//1356
f 547//547 1356//1356 1357//1357
f 1356//1356 551//551 1348//1348
f 1357//1357 1348//1348 549//549
f 3047//3047 3036//3036 3049//3049
f 17//17 3049//3049 3036//3036
f 3049//3049 5//5 3047//3047
f 3036//3036 3047//3047 8//8
f 1352//1352 1351//1351 1347//1347
f 549//549 1347//1347 1351//1351
f 1347//1347 550//550 1352//1352
f 1351//1351 1352//1352 548//548
f 3035//3035 3024//3024 3037//3037
f 16//16 3037//3037 3024//3024
f 3037//3037 8//8 3035//3035
f 3024//3024 3035//3035 10//10
f 1360//1360 1359//1359 1355//1355
f 547//547 1355//1355 1359//1359
f 1355//1355 548//548 1360//1360
f 1359//1359 1360//1360 546//546
f 3041//3041 3051//3051 3053//3053
f 4//4 3053//3053 3051//3051
f 3053//3053 12//12 3041//3041
f 3051//3051 3041//3041 7//7
f 1366//1366 1527//1527 1528//1528
f 492//492 1528//1528 1527//1527
f 1528//1528 545//545 1366//1366
f 1527//1527 1366//1366 544//544
f 3043//3043 3053//3053 3052//3052
f 4//4 3052//3052 3053//3053
f 3052//3052 6//6 3043//3043
f 3053//3053 3043//3043 12//12
f 1533//1533 1528//1528 1531//1531
f 492//492 1531//1531 1528//1528
f 1531//1531 489//489 1533//1533
f 1528//1528 1533//1533 545//545
f 3039//3039 3041//3041 3020//3020
f 12//12 3020//3020 3041//3041
f 3020//3020 11//11 3039//3039
f 3041//3041 3039//3039 7//7
f 1367//1367 1366//1366 1363//1363
f 545//545 1363//1363 1366//1366
f 1363//1363 546//546 1367//1367
f 1366//1366 1367//1367 544//544
f 3046//3046 3050//3050 3051//3051
f 4//4 3051//3051 3050//3050
f 3051//3051 7//7 3046//3046
f 3050//3050 3046//3046 5//5
f 1555//1555 1553//1553 1527//1527
f 492//492 1527//1527 1553//1553
f 1527//1527 544//544 1555//1555
f 1553//1553 1555//1555 482//482
f 3014//3014 3018//3018 3019//3019
f 12//12 3019//3019 3018//3018
f 3019//3019 14//14 3014//3014
f 3018//3018 3014//3014 13//13
f 1373//1373 1378//1378 1380//1380
f 539//539 1380//1380 1378//1378
f 1380//1380 542//542 1373//1373
f 1378//1378 1373//1373 541//541
f 3042//3042 3019//3019 3043//3043
f 12//12 3043//3043 3019//3019
f 3043//3043 6//6 3042//3042
f 3019//3019 3042//3042 14//14
f 3015//3015 3014//3014 3011//3011
f 14//14 3011//3011 3014//3014
f 3011//3011 15//15 3015//3015
f 3014//3014 3015//3015 13//13
f 1375//1375 1380//1380 1379//1379
f 539//539 1379//1379 1380//1380
f 1379//1379 540//540 1375//1375
f 1380//1380 1375//1375 542//542
f 3021//3021 3020//3020 3018//3018
f 12//12 3018//3018 3020//3020
f 3018//3018 13//13 3021//3021
f 3020//3020 3021//3021 11//11
f 1390//1390 1373//1373 1389//1389
f 542//542 1389//1389 1373//1373
f 1389//1389 535//535 1390//1390
f 1373//1373 1390//1390 541//541
f 3034//3034 3038//3038 3040//3040
f 7//7 3040//3040 3038//3038
f 3040//3040 9//9 3034//3034
f 3038//3038 3034//3034 8//8
f 1476//1476 1477//1477 1378//1378
f 539//539 1378//1378 1477//1477
f 1378//1378 541//541 1476//1476
f 1477//1477 1476//1476 510//510
f 3031//3031 3040//3040 3039//3039
f 7//7 3039//3039 3040//3040
f 3039//3039 11//11 3031//3031
f 3040//3040 3031//3031 9//9
f 1397//1397 1398//1398 1372//1372
f 542//542 1372//1372 1398//1398
f 1372//1372 543//543 1397//1397
f 1398//1398 1397//1397 533//533
f 3035//3035 3034//3034 3030//3030
f 9//9 3030//3030 3034//3034
f 3030//3030 10//10 3035//3035
f 3034//3034 3035//3035 8//8
f 1374//1374 1372//1372 1375//1375
f 542//542 1375//1375 1372//1372
f 1375//1375 540//540 1374//1374
f 1372//1372 1374//1374 543//543
f 3047//3047 3046//3046 3038//3038
f 7//7 3038//3038 3046//3046
f 3038//3038 8//8 3047//3047
f 3046//3046 3047//3047 5//5
f 1395//1395 1397//1397 1392//1392
f 543//543 1392//1392 1397//1397
f 1392//1392 534//534 1395//1395
f 1397//1397 1395//1395 533//533
f 3061//3061 3065//3065 3067//3067
f 1//1 3067//3067 3065//3065
f 3067//3067 4//4 3061//3061
f 3065//3065 3061//3061 2//2
f 1396//1396 1389//1389 1398//1398
f 542//542 1398//1398 1389//1389
f 1398//1398 533//533 1396//1396
f 1389//1389 1396//1396 535//535
f 3052//3052 3067//3067 3066//3066
f 1//1 3066//3066 3067//3067
f 3066//3066 6//6 3052//3052
f 3067//3067 3052//3052 4//4
f 1483//1483 1484//1484 1385//1385
f 541//541 1385//1385 1484//1484
f 1385//1385 537//537 1483//1483
f 1484//1484 1483//1483 508//508
f 3062//3062 3061//3061 3050//3050
f 4//4 3050//3050 3061//3061
f 3050//3050 5//5 3062//3062
f 3061//3061 3062//3062 2//2
f 1388//1388 1385//1385 1390//1390
f 541//541 1390//1390 1385//1385
f 1390//1390 535//535 1388//1388
f 1385//1385 1388//1388 537//537
f 3060//3060 3068//3068 3065//3065
f 1//1 3065//3065 3068//3068
f 3065//3065 2//2 3060//3060
f 3068//3068 3060//3060 3//3
f 1717//1717 1483//1483 1716//1716
f 537//537 1716//1716 1483//1483
f 1716//1716 437//437 1717//1717
f 1483//1483 1717//1717 508//508
f 1482//1482 1476//1476 1484//1484
f 541//541 1484//1484 1476//1476
f 1484//1484 508//508 1482//1482
f 1476//1476 1482//1482 510//510
# 6144 faces, 0 coords texture

# End of File
