v -0.441912 0.262126 -0.233095
v -0.440624 0.276774 -0.232616
v -0.440169 0.272742 -0.242598
v -0.440252 0.250854 -0.231303
v -0.439549 0.284569 -0.242974
v -0.438690 0.249418 -0.242740
v -0.437515 0.293228 -0.231817
v -0.438620 0.238714 -0.235006
v -0.438496 0.262594 -0.247180
v -0.434329 0.275776 -0.252306
v -0.435388 0.241228 -0.224434
v -0.435135 0.228777 -0.228450
v -0.435010 0.306277 -0.238926
v -0.433042 0.282751 -0.225276
v -0.434092 0.237765 -0.246285
v -0.433429 0.227159 -0.240156
v -0.432347 0.289013 -0.252649
v -0.431766 0.309089 -0.229114
v -0.430955 0.250882 -0.253789
v -0.432547 0.301143 -0.248774
v -0.431499 0.216915 -0.233220
v -0.432205 0.264422 -0.223214
v -0.427917 0.299107 -0.224745
v -0.431055 0.317162 -0.233878
v -0.429857 0.314834 -0.244726
v -0.429212 0.218968 -0.222096
v -0.428146 0.266600 -0.258346
v -0.427910 0.209204 -0.227061
v -0.428196 0.233309 -0.220421
v -0.426851 0.326157 -0.240729
v -0.424859 0.213849 -0.244376
v -0.425909 0.225314 -0.249570
v -0.426245 0.325489 -0.229540
v -0.423920 0.300748 -0.258038
v -0.423831 0.204669 -0.237025
v -0.425604 0.238525 -0.255732
v -0.424673 0.246642 -0.220425
v -0.422250 0.287639 -0.223315
v -0.422953 0.314901 -0.224565
v -0.424745 0.283645 -0.260293
v -0.422985 0.317514 -0.252875
v -0.421978 0.208695 -0.218185
v -0.422328 0.337658 -0.234520
v -0.422403 0.197081 -0.225872
v -0.413838 0.267252 -0.222064
v -0.419368 0.224470 -0.217641
v -0.419253 0.335309 -0.225344
v -0.419078 0.335644 -0.247122
v -0.413007 0.314901 -0.262019
v -0.416810 0.213892 -0.252433
v -0.415389 0.202395 -0.247073
v -0.416540 0.192365 -0.238187
v -0.416742 0.345393 -0.227347
v -0.416746 0.347805 -0.238046
v -0.416511 0.259417 -0.264807
v -0.412661 0.225831 -0.259394
v -0.416245 0.186426 -0.229873
v -0.411218 0.299827 -0.266092
v -0.414188 0.307401 -0.223605
v -0.415919 0.327298 -0.223457
v -0.415514 0.188076 -0.219056
v -0.412574 0.333456 -0.255388
v -0.413478 0.198144 -0.214674
v -0.414299 0.241220 -0.263282
v -0.413708 0.285333 -0.266845
v -0.401568 0.292578 -0.224861
v -0.412063 0.356842 -0.230913
v -0.413867 0.210430 -0.216009
v -0.406476 0.242044 -0.220164
v -0.411430 0.177208 -0.225800
v -0.410920 0.349001 -0.247728
v -0.411649 0.339143 -0.223442
v -0.404860 0.175892 -0.238493
v -0.406279 0.188587 -0.246926
v -0.408603 0.358883 -0.240480
v -0.408214 0.178591 -0.213888
v -0.390477 0.270084 -0.225770
v -0.402746 0.221641 -0.217581
v -0.403682 0.201759 -0.255331
v -0.405708 0.349797 -0.221840
v -0.406177 0.168369 -0.220232
v -0.405315 0.362983 -0.223335
v -0.405307 0.327987 -0.263053
v -0.404497 0.368760 -0.233378
v -0.403503 0.189264 -0.211989
v -0.399715 0.241059 -0.268542
v -0.399574 0.336724 -0.222842
v -0.393839 0.319024 -0.225600
v -0.402196 0.165744 -0.231737
v -0.401137 0.345582 -0.258993
v -0.388306 0.281959 -0.275040
v -0.403982 0.204094 -0.214149
v -0.401567 0.358883 -0.250580
v -0.401437 0.266459 -0.271144
v -0.400105 0.373431 -0.223993
v -0.400083 0.158118 -0.224811
v -0.393556 0.299522 -0.272984
v -0.399665 0.369381 -0.244674
v -0.391148 0.155272 -0.237493
v -0.400599 0.171892 -0.210098
v -0.399503 0.315147 -0.268560
v -0.399486 0.159252 -0.213140
v -0.388258 0.168543 -0.248397
v -0.397019 0.378080 -0.234622
v -0.394661 0.183186 -0.210885
v -0.395298 0.150091 -0.216530
v -0.395129 0.151076 -0.225930
v -0.390985 0.334807 -0.267618
v -0.389445 0.202364 -0.215946
v -0.391310 0.224021 -0.267290
v -0.389088 0.368581 -0.255462
v -0.378360 0.183561 -0.258975
v -0.392083 0.359214 -0.220264
v -0.390853 0.386089 -0.224795
v -0.391331 0.165157 -0.207349
v -0.389195 0.140501 -0.224021
v -0.384497 0.345884 -0.223996
v -0.386792 0.382602 -0.246285
v -0.387582 0.138223 -0.209951
v -0.387706 0.151835 -0.205300
v -0.387295 0.389526 -0.236082
v -0.383666 0.259976 -0.275102
v -0.383713 0.169032 -0.208465
v -0.387023 0.374442 -0.218446
v -0.377394 0.235073 -0.272991
v -0.381059 0.398198 -0.227480
v -0.382233 0.127411 -0.217530
v -0.383240 0.354467 -0.265112
v -0.373033 0.141302 -0.243936
v -0.376814 0.330235 -0.273438
v -0.380953 0.129881 -0.204913
v -0.371354 0.304070 -0.231097
v -0.371952 0.398587 -0.244692
v -0.374771 0.123939 -0.230900
v -0.379440 0.390534 -0.216857
v -0.368382 0.209057 -0.268877
v -0.375745 0.116924 -0.210272
v -0.365513 0.409322 -0.236287
v -0.373149 0.306813 -0.277272
v -0.375294 0.387819 -0.252533
v -0.367122 0.203755 -0.221618
v -0.374412 0.369090 -0.220438
v -0.377218 0.142643 -0.202480
v -0.371803 0.111677 -0.218329
v -0.369754 0.113527 -0.199752
v -0.368834 0.281649 -0.278879
v -0.373977 0.372940 -0.261993
v -0.363149 0.271805 -0.231373
v -0.367111 0.358566 -0.269799
v -0.371521 0.238008 -0.226468
v -0.372258 0.153940 -0.206081
v -0.354030 0.131216 -0.248324
v -0.359185 0.335732 -0.231665
v -0.365309 0.126449 -0.198585
v -0.367406 0.402602 -0.214909
v -0.355441 0.362959 -0.226790
v -0.353247 0.164326 -0.259355
v -0.363314 0.414911 -0.225425
v -0.356968 0.341432 -0.276028
v -0.366990 0.102927 -0.206333
v -0.365386 0.108123 -0.228825
v -0.353084 0.402036 -0.215024
v -0.360057 0.257761 -0.278622
v -0.350617 0.236493 -0.277027
v -0.359634 0.383366 -0.263673
v -0.356660 0.318707 -0.279047
v -0.362921 0.396766 -0.254339
v -0.352049 0.133330 -0.203522
v -0.360543 0.119187 -0.240285
v -0.359337 0.092038 -0.217113
v -0.357573 0.088133 -0.202031
v -0.341965 0.206710 -0.271994
v -0.358040 0.099104 -0.194686
v -0.351273 0.289046 -0.281442
v -0.346327 0.364749 -0.273411
v -0.352586 0.079545 -0.208336
v -0.350669 0.104704 -0.193571
v -0.352582 0.092038 -0.230627
v -0.352912 0.090940 -0.192708
v -0.352058 -0.078618 -0.095355
v -0.350541 0.180535 -0.220362
v -0.336323 0.143433 -0.211831
v -0.350940 -0.054763 -0.097152
v -0.346585 0.243505 -0.231941
v -0.350451 -0.063526 -0.086796
v -0.335568 0.389468 -0.268306
v -0.351187 -0.068656 -0.101965
v -0.350717 -0.090372 -0.101611
v -0.350862 -0.104994 -0.095502
v -0.350885 -0.092890 -0.091636
v -0.348543 0.106575 -0.241447
v -0.349507 -0.076713 -0.079628
v -0.329667 0.167794 -0.263661
v -0.347055 0.402402 -0.258900
v -0.355007 0.408879 -0.248698
v -0.348801 -0.103427 -0.080025
v -0.347611 -0.040186 -0.081323
v -0.349274 -0.040039 -0.093987
v -0.344194 -0.072078 -0.061999
v -0.349421 0.079546 -0.194254
v -0.349113 -0.080024 -0.106989
v -0.348175 -0.120990 -0.089128
v -0.347408 -0.049216 -0.104845
v -0.336148 0.128107 -0.252078
v -0.344513 -0.047375 -0.065605
v -0.347507 -0.060926 -0.107706
v -0.348770 0.418646 -0.212393
v -0.346234 -0.100046 -0.107270
v -0.339399 0.337655 -0.279420
v -0.345392 -0.120653 -0.074168
v -0.346088 -0.026878 -0.090683
v -0.346950 -0.088382 -0.108999
v -0.345646 0.424828 -0.235329
v -0.348022 0.078377 -0.222338
v -0.348714 0.426587 -0.223156
v -0.343949 -0.134401 -0.078022
v -0.345494 -0.115056 -0.102175
v -0.344422 -0.024260 -0.079576
v -0.341207 -0.127895 -0.062586
v -0.341965 -0.104846 -0.057495
v -0.344654 0.069760 -0.198175
v -0.343300 -0.132373 -0.092911
v -0.345358 0.419366 -0.244568
v -0.342128 -0.031466 -0.102201
v -0.336145 -0.051485 -0.040613
v -0.343052 0.093311 -0.238331
v -0.332249 0.311658 -0.282350
v -0.341115 -0.024986 -0.063202
v -0.344065 0.068163 -0.210670
v -0.340811 0.283515 -0.235920
v -0.341723 -0.016135 -0.087055
v -0.340855 0.088259 -0.189916
v -0.340722 -0.070592 -0.113281
v -0.340626 -0.013274 -0.074822
v -0.340550 -0.126603 -0.100838
v -0.328682 0.224202 -0.276591
v -0.344054 0.314098 -0.236384
v -0.340084 -0.141580 -0.085773
v -0.339526 -0.054770 -0.112133
v -0.338531 -0.107307 -0.110027
v -0.333421 0.103252 -0.245151
v -0.336291 -0.082609 -0.114773
v -0.332702 -0.018995 -0.040132
v -0.334770 -0.082181 -0.035104
v -0.337413 0.220772 -0.230752
v -0.336897 -0.095128 -0.113226
v -0.338052 0.264784 -0.281390
v -0.337759 0.433697 -0.215960
v -0.328855 0.366247 -0.276127
v -0.338965 -0.143911 -0.067523
v -0.337669 0.076078 -0.232188
v -0.333718 -0.126117 -0.040037
v -0.337194 0.075659 -0.187593
v -0.339230 0.066338 -0.221549
v -0.336776 -0.021432 -0.099134
v -0.338348 0.059982 -0.202762
v -0.335497 0.434717 -0.226603
v -0.336849 -0.140647 -0.057128
v -0.336467 -0.041614 -0.109905
v -0.335823 -0.148557 -0.078423
v -0.335485 0.061518 -0.189510
v -0.335463 -0.002893 -0.070422
v -0.338330 0.195973 -0.226488
v -0.336508 -0.118337 -0.106667
v -0.336518 0.102499 -0.195114
v -0.334363 -0.003738 -0.058792
v -0.333454 0.055395 -0.215418
v -0.333402 -0.005212 -0.083176
v -0.327227 0.369663 -0.231601
v -0.329966 0.348182 -0.235617
v -0.332153 -0.137953 -0.096774
v -0.332079 0.408784 -0.260843
v -0.331797 -0.153183 -0.056061
v -0.332128 -0.145291 -0.045259
v -0.327303 0.431180 -0.243128
v -0.325016 -0.029412 -0.109004
v -0.318597 0.250359 -0.280741
v -0.327620 0.084689 -0.240864
v -0.330764 0.421358 -0.212558
v -0.327500 -0.038218 -0.019340
v -0.330304 0.051302 -0.194666
v -0.324708 -0.103623 -0.010178
v -0.329946 -0.010617 -0.092647
v -0.329361 0.048877 -0.206241
v -0.328223 0.004391 -0.051402
v -0.321089 0.180222 -0.225628
v -0.328741 -0.156203 -0.068979
v -0.326143 0.251624 -0.234924
v -0.321711 -0.109093 -0.114757
v -0.327947 -0.148104 -0.087123
v -0.311552 -0.096306 -0.121272
v -0.327806 0.440922 -0.221058
v -0.327787 -0.001221 -0.039414
v -0.329713 0.058429 -0.225686
v -0.326884 0.005284 -0.065221
v -0.324641 0.161377 -0.220210
v -0.312464 -0.050133 -0.120469
v -0.308313 -0.067239 -0.124253
v -0.316989 0.081894 -0.191312
v -0.325924 0.423188 -0.252772
v -0.323715 -0.018371 -0.015711
v -0.319689 0.195571 -0.271135
v -0.325665 -0.152900 -0.035874
v -0.324944 0.327191 -0.237912
v -0.325988 0.001723 -0.075926
v -0.324957 -0.157973 -0.046662
v -0.318706 0.200936 -0.229505
v -0.324836 0.070991 -0.187110
v -0.323077 -0.072349 -0.003861
v -0.323584 0.434446 -0.210331
v -0.324039 -0.005359 -0.025429
v -0.324309 0.047313 -0.219214
v -0.327103 0.287400 -0.283109
v -0.322702 0.057323 -0.184547
v -0.320901 0.106385 -0.200186
v -0.321830 0.040463 -0.198416
v -0.323053 -0.123866 -0.108318
v -0.314849 0.444721 -0.231293
v -0.324252 -0.152821 -0.079896
v -0.321701 -0.018203 -0.102713
v -0.320496 0.044317 -0.187609
v -0.319510 0.277267 -0.236722
v -0.322426 -0.128625 -0.011000
v -0.321043 -0.150063 -0.021600
v -0.315378 -0.000809 -0.085384
v -0.320035 0.305257 -0.238308
v -0.317819 -0.004914 -0.011007
v -0.320140 0.040177 -0.211906
v -0.322082 -0.140559 -0.015883
v -0.320163 0.007989 -0.031345
v -0.311264 -0.133746 -0.105357
v -0.318675 0.445564 -0.214576
v -0.319958 0.010636 -0.044601
v -0.318175 0.342168 -0.280939
v -0.312513 0.123073 -0.253966
v -0.319361 -0.160469 -0.058478
v -0.318860 -0.045249 0.004300
v -0.319136 -0.142026 -0.095698
v -0.316011 0.228739 -0.232885
v -0.317659 -0.157780 -0.027502
v -0.317408 0.010255 -0.057941
v -0.315672 -0.157355 -0.071021
v -0.311246 0.364302 -0.278326
v -0.316316 0.141008 -0.214830
v -0.317854 0.390908 -0.271714
v -0.317486 0.059635 -0.233806
v -0.317002 0.004649 -0.018339
v -0.313343 -0.109050 0.017176
v -0.301472 0.428623 -0.214193
v -0.310591 0.323043 -0.282904
v -0.316574 -0.161348 -0.038400
v -0.304386 0.274332 -0.282916
v -0.315599 0.049095 -0.228415
v -0.314075 -0.020856 0.007890
v -0.316087 0.034706 -0.200961
v -0.315726 0.125496 -0.209148
v -0.311524 -0.149723 -0.087580
v -0.310847 -0.048564 0.022666
v -0.310971 -0.088875 0.024569
v -0.313310 0.039263 -0.221033
v -0.314209 -0.144541 0.000049
v -0.314377 -0.152760 -0.010394
v -0.312401 -0.000836 -0.002882
v -0.311619 -0.069470 0.023552
v -0.314280 0.006847 -0.070314
v -0.313354 0.053326 -0.183762
v -0.300587 0.426810 -0.259028
v -0.308792 0.439138 -0.210025
v -0.313768 -0.136594 0.006142
v -0.310556 0.031515 -0.211844
v -0.307643 0.411112 -0.265915
v -0.307368 0.434435 -0.250913
v -0.294061 0.344442 -0.281609
v -0.306858 0.300559 -0.283646
v -0.306684 0.083851 -0.244430
v -0.311975 -0.162020 -0.048232
v -0.305070 0.210983 -0.230393
v -0.308467 0.442398 -0.241024
v -0.313531 -0.127229 0.011036
v -0.309664 -0.159934 -0.019545
v -0.300547 0.107761 -0.203576
v -0.311914 0.031717 -0.193612
v -0.313003 0.372427 -0.232902
v -0.301606 0.184846 -0.226307
v -0.306816 0.409638 -0.220769
v -0.308918 0.013568 -0.037769
v -0.312337 0.345113 -0.237535
v -0.307985 -0.162455 -0.031103
v -0.308775 -0.029473 0.021185
v -0.307434 0.012477 -0.025634
v -0.304404 0.220594 -0.276327
v -0.307226 -0.010090 0.012916
v -0.306375 -0.129510 0.024199
v -0.295760 0.246208 -0.280007
v -0.301690 0.145506 -0.217043
v -0.305752 -0.054940 0.033096
v -0.300598 0.050957 -0.233992
v -0.304036 -0.074966 0.037464
v -0.306002 -0.146827 0.010821
v -0.305902 -0.154202 0.000279
v -0.303093 0.165695 -0.222199
v -0.306696 0.256479 -0.234516
v -0.299477 0.011450 -0.060370
v -0.305483 -0.139800 0.019704
v -0.302426 0.023763 -0.206888
v -0.292389 -0.152589 -0.084921
v -0.304695 0.041997 -0.228296
v -0.297102 0.126734 -0.210426
v -0.302574 0.454064 -0.222482
v -0.305689 0.009521 -0.015401
v -0.303925 -0.020255 0.023320
v -0.300492 -0.038321 -0.121524
v -0.302792 -0.038361 0.032258
v -0.293318 0.180014 -0.267765
v -0.303376 -0.097825 0.038185
v -0.305981 0.036178 -0.183301
v -0.302929 -0.062928 0.038229
v -0.298448 0.027765 -0.219162
v -0.302083 -0.112173 0.037197
v -0.305502 0.391366 -0.227624
v -0.296269 0.059053 -0.185586
v -0.285906 0.113896 -0.252498
v -0.301808 0.005367 -0.003297
v -0.301618 -0.124080 0.034788
v -0.304028 0.328978 -0.238097
v -0.301527 -0.086569 0.041414
v -0.302290 0.363553 -0.234807
v -0.301499 -0.158992 -0.010881
v -0.303265 0.023154 -0.198460
v -0.293404 -0.125051 -0.116573
v -0.300688 -0.000254 0.006113
v -0.294717 0.400774 -0.271298
v -0.301160 -0.024436 -0.114495
v -0.299669 0.023154 -0.188527
v -0.299554 0.455721 -0.214442
v -0.281326 0.013171 -0.052955
v -0.291769 0.450968 -0.238736
v -0.298925 0.312567 -0.237227
v -0.298139 -0.049765 0.039936
v -0.297634 0.084233 -0.194506
v -0.298383 -0.029149 0.032129
v -0.300292 0.285122 -0.235808
v -0.289128 0.378523 -0.231730
v -0.297631 -0.136391 0.030476
v -0.296588 -0.074533 0.045515
v -0.297819 0.387036 -0.274836
v -0.288957 -0.159782 -0.037589
v -0.291121 0.456807 -0.228632
v -0.296196 -0.096159 0.046643
v -0.284740 0.296190 -0.283004
v -0.298424 -0.144245 -0.098546
v -0.293923 -0.159157 -0.022485
v -0.298765 -0.158205 -0.067568
v -0.295454 -0.107417 0.045718
v -0.291656 0.217291 -0.228915
v -0.295042 0.349886 -0.236327
v -0.295473 -0.153508 0.005631
v -0.292614 -0.085627 -0.129178
v -0.287774 0.013328 -0.204294
v -0.294249 -0.148252 0.016260
v -0.293558 -0.012879 0.020685
v -0.290032 0.032960 -0.226328
v -0.294188 -0.156764 -0.006584
v -0.291957 -0.021945 0.027966
v -0.293648 -0.060152 0.044865
v -0.293784 0.011648 -0.024123
v -0.287044 0.152426 -0.217305
v -0.292808 0.015556 -0.195326
v -0.284397 0.073196 -0.242534
v -0.292682 -0.120248 0.043238
v -0.290703 0.041142 -0.181064
v -0.292863 -0.110368 -0.123573
v -0.289637 0.029132 -0.180494
v -0.290903 -0.005697 0.012132
v -0.292027 -0.143491 0.024381
v -0.280397 0.307322 -0.232819
v -0.290705 -0.040431 0.038126
v -0.287510 0.371410 -0.278427
v -0.290550 0.008237 -0.013157
v -0.286675 0.251275 -0.230124
v -0.290127 0.446743 -0.209007
v -0.286836 0.002108 -0.001011
v -0.281441 0.448620 -0.246357
v -0.289063 -0.054035 0.043495
v -0.285197 0.324171 -0.282773
v -0.286314 0.018127 -0.183480
v -0.288482 -0.085250 0.049486
v -0.288324 -0.130946 0.037364
v -0.278402 -0.150709 0.000550
v -0.283612 0.363843 -0.233123
v -0.267537 -0.155135 -0.023221
v -0.286966 0.460050 -0.210924
v -0.289024 -0.012406 -0.109568
v -0.288108 -0.029895 0.031867
v -0.284650 0.400817 -0.225276
v -0.279818 0.434936 -0.213432
v -0.286996 -0.137202 -0.109061
v -0.282122 0.268024 -0.281232
v -0.282086 0.175242 -0.221199
v -0.284791 -0.070555 0.047138
v -0.280885 0.413886 -0.267972
v -0.283704 -0.099235 0.048391
v -0.278970 -0.073189 -0.134190
v -0.278971 -0.016552 0.018201
v -0.282690 -0.055466 -0.131959
v -0.284195 -0.138300 0.028716
v -0.280327 0.130078 -0.209799
v -0.284199 0.016020 -0.213465
v -0.278139 0.042671 -0.232518
v -0.283508 0.462884 -0.219903
v -0.277798 0.226887 -0.275516
v -0.272519 -0.146796 -0.100396
v -0.277552 0.021041 -0.220724
v -0.271069 -0.004919 0.002520
v -0.275695 0.030569 -0.226949
v -0.288593 -0.159325 -0.055975
v -0.283972 -0.098948 -0.129842
v -0.282379 0.009846 -0.190909
v -0.277612 -0.038548 -0.129307
v -0.283641 0.340246 -0.234843
v -0.277985 0.428943 -0.261916
v -0.281633 -0.123753 0.040029
v -0.279190 0.027216 -0.179121
v -0.270634 0.400961 -0.272778
v -0.281213 -0.047689 0.038691
v -0.276321 0.041735 -0.180939
v -0.280270 -0.112837 0.044314
v -0.279961 -0.027737 -0.124201
v -0.280091 -0.144181 0.016740
v -0.283175 0.439344 -0.254476
v -0.276826 -0.119311 -0.124671
v -0.273778 0.217204 -0.223611
v -0.270595 -0.033334 0.026116
v -0.288479 0.419556 -0.218539
v -0.267524 0.141502 -0.257561
v -0.271201 0.008214 -0.082723
v -0.273272 0.193250 -0.220956
v -0.269398 0.147125 -0.211888
v -0.278320 0.450525 -0.208480
v -0.278331 -0.018353 -0.118896
v -0.269336 0.360225 -0.279443
v -0.275112 0.014947 -0.180660
v -0.275468 0.094875 -0.197799
v -0.272519 0.009144 -0.023316
v -0.276331 -0.129821 -0.118438
v -0.278356 0.464345 -0.212566
v -0.273170 0.004143 -0.011183
v -0.275959 -0.078896 0.044778
v -0.269398 0.340536 -0.230786
v -0.273302 0.191285 -0.268461
v -0.271991 0.459839 -0.235117
v -0.270814 -0.096176 0.042762
v -0.276613 -0.062412 0.041558
v -0.273028 0.379975 -0.228975
v -0.264403 0.098594 -0.247365
v -0.262094 -0.133088 0.021075
v -0.269759 -0.139338 -0.111207
v -0.274070 -0.008758 -0.111506
v -0.264857 0.261472 -0.278050
v -0.269510 0.002861 -0.095618
v -0.266710 0.384333 -0.275981
v -0.270205 -0.155837 -0.075748
v -0.274294 0.012683 -0.038366
v -0.261709 0.064729 -0.238916
v -0.271338 0.009245 -0.210995
v -0.274444 0.464461 -0.224590
v -0.258415 -0.045601 -0.136227
v -0.271722 0.003446 -0.198851
v -0.269122 0.005295 -0.185814
v -0.259523 -0.031152 -0.130947
v -0.263131 0.019628 -0.177235
v -0.257867 0.110783 -0.199230
v -0.263078 0.317303 -0.227032
v -0.256148 -0.020026 -0.125082
v -0.261002 -0.123994 -0.126010
v -0.270745 0.250854 -0.224714
v -0.265059 0.445472 -0.252813
v -0.263814 -0.003212 -0.106599
v -0.268139 0.418197 -0.218553
v -0.259720 0.164359 -0.211864
v -0.249483 0.229376 -0.271175
v -0.263643 0.455655 -0.243239
v -0.264135 -0.012178 -0.116588
v -0.268427 0.395558 -0.224658
v -0.267588 0.468428 -0.213972
v -0.266590 0.453506 -0.207715
v -0.265448 0.325447 -0.281244
v -0.263194 0.300418 -0.280892
v -0.244646 -0.076763 -0.143025
v -0.254567 0.008744 -0.083761
v -0.261234 0.371840 -0.226650
v -0.264506 -0.090924 -0.136607
v -0.249908 0.357330 -0.277884
v -0.262249 0.439412 -0.211428
v -0.262108 -0.000153 -0.189598
v -0.257715 0.012464 -0.216474
v -0.254893 0.034506 -0.228174
v -0.251119 0.280219 -0.277597
v -0.261217 -0.108408 -0.132994
v -0.253636 0.202428 -0.213362
v -0.257727 0.006616 -0.179605
v -0.256311 0.231631 -0.216615
v -0.254165 0.039358 -0.178675
v -0.262458 0.000836 -0.200609
v -0.265847 0.011730 -0.070669
v -0.248563 0.422387 -0.213626
v -0.262411 0.418387 -0.267283
v -0.258709 0.023946 -0.223980
v -0.260762 0.468395 -0.224097
v -0.251009 -0.068010 0.031240
v -0.249561 0.186667 -0.263637
v -0.247170 0.067091 -0.184720
v -0.245793 0.129837 -0.199595
v -0.257587 0.462700 -0.206705
v -0.249643 0.380397 -0.275392
v -0.257102 0.013188 -0.060097
v -0.260038 0.433727 -0.260687
v -0.238305 0.119005 -0.247436
v -0.232068 -0.153641 -0.059620
v -0.252035 0.351684 -0.223938
v -0.250466 -0.010946 0.000523
v -0.246810 0.082898 -0.241202
v -0.251963 0.471853 -0.213990
v -0.244290 0.399938 -0.217138
v -0.250925 0.011810 -0.043581
v -0.248219 0.447789 -0.207392
v -0.230130 -0.026741 0.004675
v -0.241378 0.337615 -0.277297
v -0.252109 0.000658 -0.013915
v -0.242744 0.017927 -0.219161
v -0.244139 -0.117414 -0.133370
v -0.253046 0.002055 -0.206783
v -0.252254 -0.003325 -0.195630
v -0.240729 0.006209 -0.176206
v -0.244402 -0.129389 -0.125761
v -0.245204 0.429397 -0.262551
v -0.251882 0.463669 -0.235364
v -0.248546 -0.001301 -0.182121
v -0.240324 0.011216 -0.069701
v -0.244253 0.408153 -0.269479
v -0.245471 0.258293 -0.211876
v -0.238801 0.381778 -0.216783
v -0.247012 0.462411 -0.205183
v -0.251460 -0.085154 0.033725
v -0.251784 -0.099776 0.033150
v -0.241665 0.314995 -0.277285
v -0.249981 0.454870 -0.246028
v -0.231344 0.140644 -0.195185
v -0.248772 0.470759 -0.221881
v -0.231702 0.191498 -0.200317
v -0.246920 0.007690 -0.030031
v -0.231362 -0.133241 0.004243
v -0.244699 0.443757 -0.254876
v -0.244617 -0.092119 -0.141326
v -0.250227 -0.061933 -0.141039
v -0.229061 0.420175 -0.208283
v -0.212060 0.132239 -0.242657
v -0.238966 -0.105647 -0.139107
v -0.240549 -0.048229 -0.141087
v -0.244998 -0.035961 -0.136387
v -0.238542 0.224240 -0.205699
v -0.240803 -0.003599 -0.200113
v -0.228662 0.448154 -0.203819
v -0.227273 0.098633 -0.186297
v -0.223199 0.402130 -0.208014
v -0.240716 0.472657 -0.210563
v -0.225569 0.372703 -0.210641
v -0.241464 0.054694 -0.232778
v -0.242814 -0.024969 -0.131255
v -0.242373 -0.149407 -0.097213
v -0.239256 0.003761 -0.209251
v -0.231456 0.323023 -0.210384
v -0.241693 -0.147325 -0.016519
v -0.216857 0.206401 -0.257987
v -0.235375 -0.048652 0.018478
v -0.238596 -0.006547 -0.192051
v -0.237646 0.467825 -0.230685
v -0.228628 -0.005153 -0.016483
v -0.227407 0.371883 -0.272462
v -0.250993 -0.112789 0.029359
v -0.235073 0.390620 -0.271732
v -0.237666 0.042299 -0.176960
v -0.230560 0.460543 -0.203278
v -0.232511 0.026370 -0.221245
v -0.234677 -0.017376 -0.127216
v -0.241293 -0.138882 -0.116575
v -0.237317 0.461594 -0.239093
v -0.229257 -0.014146 -0.005886
v -0.233287 -0.003827 -0.180747
v -0.232388 0.277486 -0.204484
v -0.228305 -0.066004 -0.145657
v -0.237633 -0.005447 -0.114371
v -0.236120 0.453723 -0.246718
v -0.229451 -0.091407 -0.144139
v -0.229818 0.001354 -0.026304
v -0.238708 0.001256 -0.103388
v -0.233733 0.471863 -0.219187
v -0.213521 0.324294 -0.269818
v -0.229929 -0.145277 -0.107378
v -0.232899 -0.120281 -0.134083
v -0.227212 -0.123365 0.011648
v -0.228902 -0.032133 -0.137512
v -0.226478 0.258917 -0.197303
v -0.225192 0.222529 -0.195448
v -0.228307 0.014391 -0.173037
v -0.215452 0.179730 -0.188598
v -0.228184 0.471627 -0.208473
v -0.222787 0.035916 -0.222616
v -0.224085 -0.112013 0.016540
v -0.228197 -0.002276 -0.201400
v -0.229425 -0.132644 -0.125400
v -0.219261 -0.142721 -0.019647
v -0.223401 0.070543 -0.233053
v -0.187251 -0.144170 -0.053189
v -0.224968 -0.098573 0.020710
v -0.224996 -0.085931 0.021581
v -0.227558 0.010731 -0.212525
v -0.226921 0.350502 -0.210362
v -0.225498 0.465988 -0.230791
v -0.224986 -0.007079 -0.187867
v -0.221818 0.004718 -0.095405
v -0.218666 0.311067 -0.198054
v -0.218343 -0.014159 -0.125829
v -0.223774 0.001140 -0.175853
v -0.227819 -0.080337 -0.145759
v -0.223582 0.425895 -0.261049
v -0.223165 -0.151486 -0.086584
v -0.214871 -0.101255 -0.143997
v -0.221910 0.456813 -0.240949
v -0.222566 -0.052738 -0.145048
v -0.226788 0.439081 -0.255413
v -0.222076 0.032873 -0.172729
v -0.224610 0.448182 -0.249174
v -0.209853 0.054489 -0.224425
v -0.217648 -0.114112 -0.139384
v -0.224932 0.009103 -0.078724
v -0.218753 -0.040564 -0.142184
v -0.222756 -0.002318 -0.110570
v -0.219757 0.470491 -0.218302
v -0.190347 -0.147611 -0.077097
v -0.212687 0.148634 -0.186237
v -0.218858 -0.127579 -0.131412
v -0.216041 0.231222 -0.185651
v -0.213376 0.289589 -0.187588
v -0.214000 -0.025938 -0.135383
v -0.215457 0.008747 -0.065921
v -0.210140 0.348817 -0.198680
v -0.203546 -0.014459 -0.019044
v -0.216332 0.398569 -0.266575
v -0.216297 0.061983 -0.175886
v -0.212991 0.202569 -0.184859
v -0.216111 -0.003807 -0.194492
v -0.209238 -0.147936 -0.096939
v -0.206666 0.412774 -0.259844
v -0.222770 0.005189 -0.038946
v -0.215367 0.467826 -0.206062
v -0.208395 0.031474 -0.216393
v -0.216576 0.005616 -0.205478
v -0.229405 0.009905 -0.053539
v -0.212134 0.246336 -0.179988
v -0.208734 0.356099 -0.268062
v -0.212486 0.274169 -0.183191
v -0.219126 -0.139992 -0.117581
v -0.215626 0.006368 -0.173626
v -0.204950 0.375635 -0.198922
v -0.211023 0.453519 -0.200403
v -0.212457 0.465563 -0.224494
v -0.206291 -0.063630 -0.147658
v -0.210313 0.006637 -0.083096
v -0.210892 -0.003476 -0.029036
v -0.208579 -0.008946 -0.119769
v -0.190489 -0.036657 -0.009701
v -0.190018 0.186708 -0.245931
v -0.208778 0.436155 -0.199851
v -0.210153 0.458765 -0.233604
v -0.212632 0.018721 -0.212290
v -0.202092 -0.051305 -0.146208
v -0.208482 0.437097 -0.250889
v -0.210474 -0.003426 -0.181502
v -0.211081 0.018314 -0.171122
v -0.203588 -0.126182 -0.133568
v -0.210991 0.117553 -0.182326
v -0.208847 0.448428 -0.243453
v -0.209572 -0.134440 -0.125542
v -0.203084 -0.073721 0.009745
v -0.196605 0.350835 -0.186606
v -0.206631 -0.001577 -0.107888
v -0.202015 0.396022 -0.198659
v -0.206445 0.259475 -0.169524
v -0.206860 0.466636 -0.215432
v -0.204134 0.279329 -0.168767
v -0.205905 0.317428 -0.186012
v -0.204996 0.227872 -0.169347
v -0.200448 0.044431 -0.170062
v -0.195085 0.091902 -0.228820
v -0.205362 0.000167 -0.194545
v -0.202159 0.300880 -0.172938
v -0.206000 0.000975 -0.039975
v -0.201400 0.002813 -0.095490
v -0.203864 0.241138 -0.163652
v -0.203344 -0.080429 -0.148452
v -0.190410 -0.013091 -0.122707
v -0.197073 -0.096249 -0.146297
v -0.191994 -0.023956 -0.016892
v -0.203321 0.006039 -0.174781
v -0.203728 0.030962 -0.170089
v -0.205483 0.207942 -0.174604
v -0.201792 0.012124 -0.203668
v -0.201609 0.259850 -0.153480
v -0.195454 -0.139910 -0.031169
v -0.197990 0.459139 -0.203091
v -0.201982 0.461090 -0.224165
v -0.199022 0.288572 -0.155646
v -0.200379 0.177030 -0.175336
v -0.201958 0.425198 -0.254058
v -0.206501 0.005472 -0.053565
v -0.192923 -0.108067 -0.143343
v -0.200187 0.234033 -0.151420
v -0.189522 -0.049197 -0.003570
v -0.195107 0.050628 -0.217957
v -0.194840 -0.141058 -0.114518
v -0.199965 0.249662 -0.089444
v -0.199558 0.265293 -0.071662
v -0.199871 0.248143 -0.140242
v -0.196051 -0.119041 -0.138541
v -0.199493 0.265646 -0.133487
v -0.199637 0.247059 -0.119468
v -0.199124 0.272971 -0.112492
v -0.198729 0.246307 -0.064481
v -0.197265 0.290544 -0.106596
v -0.198228 0.231484 -0.136632
v -0.195177 0.026455 -0.208407
v -0.194101 0.439794 -0.242077
v -0.188560 0.338197 -0.261928
v -0.199035 0.234586 -0.084573
v -0.198087 -0.107110 0.004900
v -0.195707 0.310080 -0.160727
v -0.193675 0.449555 -0.232779
v -0.199562 0.213550 -0.161435
v -0.203044 -0.037667 -0.141906
v -0.197619 0.286090 -0.140641
v -0.197366 0.224487 -0.109572
v -0.204668 -0.135769 -0.016253
v -0.197508 0.287067 -0.071773
v -0.196492 0.225881 -0.062782
v -0.201571 0.416463 -0.198349
v -0.197434 0.218276 -0.149617
v -0.195280 0.212947 -0.084267
v -0.196562 -0.089303 0.007344
v -0.197621 0.002262 -0.184555
v -0.195590 0.232791 -0.046678
v -0.196991 0.261555 -0.044829
v -0.192805 0.004221 -0.080161
v -0.194873 0.037001 -0.213089
v -0.196907 0.017310 -0.171469
v -0.192035 -0.028424 -0.136657
v -0.196869 0.006251 -0.195037
v -0.193984 0.292553 -0.045219
v -0.196224 0.192563 -0.164758
v -0.192893 0.315994 -0.075877
v -0.194102 0.307750 -0.147798
v -0.194377 0.304354 -0.132718
v -0.198817 -0.018859 -0.129794
v -0.195177 0.214588 -0.128285
v -0.199500 0.077078 -0.173011
v -0.190389 0.175140 -0.163379
v -0.192508 0.203420 -0.102203
v -0.188522 0.456415 -0.212745
v -0.189069 -0.009011 -0.034194
v -0.191345 0.371721 -0.188207
v -0.191233 -0.133706 -0.126541
v -0.193031 0.208566 -0.065719
v -0.193444 -0.125857 -0.009761
v -0.190359 0.121869 -0.172015
v -0.187827 -0.145468 -0.098616
v -0.192903 0.327717 -0.169021
v -0.191001 0.003886 -0.067194
v -0.192356 0.239967 -0.028517
v -0.189772 0.345081 -0.174495
v -0.184185 -0.060644 -0.147773
v -0.178456 0.069195 -0.216048
v -0.191387 0.200425 -0.131488
v -0.192473 0.009255 -0.177486
v -0.192211 0.214011 -0.046164
v -0.190125 0.319772 -0.058283
v -0.190191 0.260581 -0.016142
v -0.187191 0.332782 -0.150821
v -0.191242 -0.115037 -0.002202
v -0.191869 0.030032 -0.169626
v -0.193792 0.202133 -0.151672
v -0.193101 0.098608 -0.172700
v -0.189584 0.016975 -0.199203
v -0.181776 0.448942 -0.220435
v -0.188303 0.245754 -0.011750
v -0.183862 0.000350 -0.058502
v -0.187648 -0.006920 -0.113091
v -0.188227 0.313442 -0.035726
v -0.188965 0.329114 -0.105789
v -0.178172 -0.098867 -0.003652
v -0.189704 0.194574 -0.080231
v -0.189303 -0.043093 -0.143741
v -0.185724 0.423926 -0.246646
v -0.190392 0.442512 -0.196369
v -0.188403 0.284129 -0.015041
v -0.188337 0.010100 -0.188322
v -0.191755 0.247454 -0.257092
v -0.184339 0.048270 -0.168763
v -0.180323 0.355631 -0.161639
v -0.187999 0.427272 -0.194080
v -0.175366 0.381777 -0.254525
v -0.182123 0.340277 -0.039828
v -0.185249 0.343947 -0.078664
v -0.187303 0.219235 -0.020085
v -0.173589 0.436927 -0.228248
v -0.185553 0.200262 -0.035867
v -0.188308 -0.002404 -0.045884
v -0.186981 0.185385 -0.144943
v -0.180740 0.351703 -0.122184
v -0.186372 0.408691 -0.192094
v -0.182195 -0.003352 -0.103281
v -0.182231 0.404405 -0.252182
v -0.180590 0.043173 -0.207589
v -0.178203 -0.025703 -0.132749
v -0.179799 0.293862 -0.258811
v -0.184617 0.189017 -0.052078
v -0.177388 -0.000936 -0.091531
v -0.183921 0.181836 -0.131200
v -0.182810 0.173510 -0.147656
v -0.183979 0.181685 -0.081188
v -0.178244 0.363978 -0.089901
v -0.181792 0.310767 -0.008867
v -0.183608 0.018249 -0.177211
v -0.183474 -0.461353 -0.096387
v -0.182048 -0.478604 -0.096763
v -0.182632 -0.456573 -0.076135
v -0.183694 0.025650 -0.200230
v -0.182349 -0.471139 -0.077603
v -0.179954 0.370132 -0.175291
v -0.178800 0.239975 0.011108
v -0.180095 -0.095258 -0.146739
v -0.179764 0.262880 0.011467
v -0.181587 -0.425251 -0.095657
v -0.173774 0.426860 -0.237132
v -0.181583 -0.480323 -0.087000
v -0.182649 0.064882 -0.167973
v -0.181129 -0.415029 -0.080662
v -0.184237 0.084062 -0.168950
v -0.180511 0.020786 -0.190780
v -0.180589 -0.457989 -0.116887
v -0.164678 0.411207 -0.240451
v -0.180272 -0.474651 -0.118315
v -0.179903 -0.461179 -0.062464
v -0.179817 -0.484210 -0.108690
v -0.179293 -0.442673 -0.118002
v -0.180127 0.354810 -0.058280
v -0.179743 0.151105 -0.159654
v -0.180854 0.030631 -0.172394
v -0.179238 -0.489750 -0.096661
v -0.178898 -0.402765 -0.101216
v -0.177174 0.366171 -0.071131
v -0.179479 -0.486925 -0.075989
v -0.190777 0.146159 -0.170812
v -0.180196 0.193586 -0.025661
v -0.179547 0.034148 -0.201941
v -0.178995 -0.482120 -0.067556
v -0.178629 -0.413186 -0.066429
v -0.173378 -0.000529 -0.078866
v -0.176292 0.149149 -0.234201
v -0.175158 0.106750 -0.165497
v -0.181575 0.449414 -0.201515
v -0.171293 -0.036920 -0.139395
v -0.179968 -0.117163 -0.139853
v -0.176636 0.359433 -0.144537
v -0.177857 -0.142065 -0.108025
v -0.172994 0.263172 -0.255079
v -0.177545 -0.474616 -0.056210
v -0.176724 0.044021 -0.170169
v -0.176602 -0.129875 -0.025956
v -0.176114 -0.419807 -0.121604
v -0.177184 0.168993 -0.076873
v -0.175052 0.305791 0.011138
v -0.176931 -0.490400 -0.119156
v -0.179555 0.222618 0.002357
v -0.180987 -0.126682 -0.133654
v -0.166363 0.323926 -0.256280
v -0.176771 -0.493073 -0.085720
v -0.177742 0.382520 -0.179986
v -0.164880 -0.014479 -0.116756
v -0.176389 -0.370897 -0.086302
v -0.176276 -0.144288 -0.094140
v -0.176218 -0.144769 -0.082235
v -0.175660 -0.494733 -0.106546
v -0.181575 0.392489 -0.186898
v -0.176427 -0.121902 -0.016804
v -0.178653 0.161995 -0.150967
v -0.174858 0.031179 -0.193751
v -0.175321 0.284441 0.018613
v -0.175218 -0.477523 -0.136579
v -0.173916 0.029197 -0.183200
v -0.175223 -0.376909 -0.102090
v -0.174369 -0.458925 -0.136928
v -0.174328 -0.486628 -0.054661
v -0.174721 -0.137995 -0.119475
v -0.175318 -0.376718 -0.072648
v -0.174509 -0.492408 -0.065869
v -0.169037 -0.002466 -0.067876
v -0.166454 0.301509 0.029688
v -0.171241 0.227534 0.021507
v -0.168523 -0.020645 -0.126079
v -0.170990 0.264390 0.028763
v -0.172426 0.209037 0.009099
v -0.173393 -0.361381 -0.095127
v -0.173376 -0.359968 -0.080205
v -0.179377 0.202801 -0.012206
v -0.173839 -0.460196 -0.045291
v -0.169257 0.375943 -0.152575
v -0.170335 0.061137 -0.169093
v -0.172961 -0.490632 -0.135661
v -0.172143 0.092364 -0.165418
v -0.171663 0.365452 -0.033274
v -0.173012 -0.417716 -0.049517
v -0.172147 0.160066 -0.133226
v -0.170549 0.377295 -0.052093
v -0.173082 -0.478789 -0.045946
v -0.176599 0.134070 -0.162823
v -0.172800 -0.019314 -0.031917
v -0.175673 0.175147 -0.044025
v -0.167869 0.360033 -0.010784
v -0.175168 0.336541 -0.009667
v -0.172578 -0.142145 -0.063103
v -0.172087 0.036509 -0.176437
v -0.160293 -0.061385 -0.147076
v -0.171693 -0.348808 -0.086839
v -0.172236 0.076518 -0.166866
v -0.172033 0.357606 -0.256036
v -0.170162 0.374768 -0.131223
v -0.167471 0.388451 -0.068882
v -0.159922 0.418735 -0.232591
v -0.163487 0.072737 -0.208322
v -0.172371 -0.432864 -0.134637
v -0.172189 -0.143104 -0.073854
v -0.168380 -0.410878 -0.135075
v -0.171218 -0.497412 -0.076903
v -0.170495 -0.378602 -0.118676
v -0.170801 -0.467186 -0.145540
v -0.170075 -0.354799 -0.105454
v -0.170602 -0.133213 -0.128496
v -0.169930 0.044508 -0.198801
v -0.171265 -0.498017 -0.096487
v -0.169966 -0.355065 -0.068730
v -0.170303 -0.373614 -0.058653
v -0.171162 0.245128 0.026707
v -0.171413 0.229786 -0.249996
v -0.160400 -0.047722 -0.143476
v -0.161513 0.435404 -0.216015
v -0.154143 -0.053244 -0.020833
v -0.172960 0.375913 -0.168350
v -0.168926 0.175892 -0.019039
v -0.169135 -0.340807 -0.079969
v -0.167275 0.040486 -0.186263
v -0.168521 -0.340846 -0.097053
v -0.166644 -0.442856 -0.146752
v -0.171176 0.153406 -0.145759
v -0.168386 -0.490683 -0.043582
v -0.167588 -0.498504 -0.126313
v -0.164837 0.051734 -0.175982
v -0.167945 0.387963 -0.090149
v -0.166906 -0.328444 -0.087754
v -0.162175 0.159153 -0.034010
v -0.170364 -0.108718 -0.143820
v -0.167918 -0.493057 -0.145694
v -0.161311 0.356743 0.008207
v -0.167616 -0.496852 -0.056298
v -0.165478 -0.394433 -0.044432
v -0.165924 -0.499012 -0.087229
v -0.168362 0.392212 -0.174974
v -0.166822 -0.135584 -0.045532
v -0.167985 0.189568 0.001094
v -0.167187 -0.483806 -0.151305
v -0.166527 -0.150268 -0.102781
v -0.165213 -0.326936 -0.077130
v -0.166404 -0.154272 -0.091355
v -0.168654 0.430480 -0.190865
v -0.166383 -0.145288 -0.112491
v -0.166266 -0.460790 -0.032744
v -0.165378 -0.341228 -0.065694
v -0.165619 -0.164052 -0.100970
v -0.166076 -0.179798 -0.085460
v -0.166808 0.159602 -0.051577
v -0.165629 -0.126262 -0.136168
v -0.165302 -0.352711 -0.117427
v -0.166698 -0.480668 -0.035653
v -0.165822 -0.499072 -0.114053
v -0.163942 -0.324604 -0.100374
v -0.164286 -0.363923 -0.051980
v -0.169607 0.418694 -0.187014
v -0.165997 0.327877 0.019638
v -0.170225 0.404012 -0.182827
v -0.165525 -0.138079 -0.056231
v -0.169547 0.118255 -0.162172
v -0.163736 0.293259 -0.255974
v -0.165525 -0.369706 -0.125011
v -0.165372 -0.138934 -0.123189
v -0.164619 -0.184996 -0.107195
v -0.163938 -0.211351 -0.082082
v -0.164166 0.151728 -0.078954
v -0.164419 -0.340253 -0.111376
v -0.164977 -0.152075 -0.077879
v -0.164362 -0.206327 -0.097817
v -0.161901 -0.311405 -0.087058
v -0.162846 -0.165749 -0.065081
v -0.164836 -0.421763 -0.036540
v -0.163873 -0.194881 -0.069868
v -0.166842 0.142986 -0.150801
v -0.164456 -0.390928 -0.134943
v -0.154056 -0.094840 -0.016126
v -0.162735 0.214477 0.028737
v -0.163845 -0.157041 -0.112677
v -0.161665 0.051795 -0.187427
v -0.162751 -0.471711 -0.157312
v -0.152805 -0.030379 -0.132604
v -0.163154 -0.498779 -0.065404
v -0.156160 0.410679 -0.075430
v -0.162447 0.392383 -0.043841
v -0.162304 -0.223045 -0.096602
v -0.156095 0.311440 0.042939
v -0.161572 -0.185639 -0.056614
v -0.160738 -0.499491 -0.103028
v -0.160184 0.195406 0.020174
v -0.159230 -0.205571 -0.049596
v -0.158330 0.397765 -0.129121
v -0.155188 0.172161 -0.234703
v -0.162055 -0.109917 -0.016800
v -0.162483 -0.009107 -0.053278
v -0.159931 -0.406894 -0.145776
v -0.163003 0.264555 0.040952
v -0.163923 -0.473053 -0.030850
v -0.161962 0.241461 0.040180
v -0.163801 -0.454892 -0.153430
v -0.160825 -0.220493 -0.064760
v -0.162835 -0.147934 -0.066961
v -0.160551 0.076765 -0.169144
v -0.161988 0.145926 -0.137038
v -0.161286 -0.211364 -0.115798
v -0.161444 -0.499196 -0.134601
v -0.156518 0.172161 0.002706
v -0.160430 -0.232733 -0.074059
v -0.163813 0.150786 -0.120543
v -0.161181 -0.493656 -0.155055
v -0.158789 -0.168197 -0.050125
v -0.159716 0.385149 -0.020386
v -0.156894 0.407175 -0.100040
v -0.156622 -0.335541 -0.052613
v -0.163181 -0.084887 -0.148230
v -0.161110 -0.148133 -0.122796
v -0.162377 -0.424011 -0.148235
v -0.160153 0.091805 -0.165093
v -0.162305 0.391026 -0.161983
v -0.160347 -0.130396 -0.040163
v -0.162629 0.282847 0.040199
v -0.159529 0.061438 -0.197693
v -0.159934 -0.241332 -0.089650
v -0.159456 -0.485376 -0.160389
v -0.160558 -0.185648 -0.124859
v -0.164545 0.092328 -0.216434
v -0.160378 0.111310 -0.160919
v -0.159087 0.127847 -0.154375
v -0.156781 0.395479 -0.243351
v -0.155517 -0.230877 -0.049811
v -0.158657 -0.341819 -0.123866
v -0.159348 -0.137110 -0.132069
v -0.159313 -0.493759 -0.031855
v -0.158681 -0.380166 -0.039132
v -0.159496 -0.358613 -0.130207
v -0.152120 -0.499878 -0.080359
v -0.158021 -0.236052 -0.112112
v -0.154493 -0.355680 -0.042205
v -0.155253 0.064541 -0.185178
v -0.154276 -0.443136 -0.022495
v -0.155504 0.408858 -0.055979
v -0.157917 -0.318684 -0.063296
v -0.158665 -0.124606 -0.032112
v -0.155625 -0.186383 -0.036304
v -0.156884 -0.437334 -0.156814
v -0.158287 -0.146448 -0.055578
v -0.159033 -0.498795 -0.048964
v -0.157862 -0.248073 -0.072071
v -0.154684 -0.265196 -0.105993
v -0.157901 -0.323243 -0.115522
v -0.164476 0.120771 -0.224407
v -0.166955 0.441885 -0.209438
v -0.157163 -0.379348 -0.140726
v -0.152144 0.335083 0.039439
v -0.155401 0.350991 0.025252
v -0.155741 -0.206353 -0.137193
v -0.160707 0.390774 -0.147082
v -0.157125 -0.264218 -0.086130
v -0.153860 0.381434 0.000363
v -0.155478 -0.414276 -0.027651
v -0.154447 -0.011534 -0.106088
v -0.156512 -0.462761 -0.021774
v -0.158264 -0.301604 -0.078844
v -0.159185 -0.482000 -0.026343
v -0.153413 0.223587 0.044854
v -0.158255 -0.308720 -0.104688
v -0.148285 -0.040136 -0.139527
v -0.155020 -0.301778 -0.067362
v -0.158281 -0.298863 -0.091513
v -0.154553 0.275912 0.051124
v -0.157353 0.403825 -0.171942
v -0.156412 -0.282335 -0.091812
v -0.157484 -0.118533 -0.025910
v -0.152606 -0.152264 -0.039798
v -0.157742 -0.005866 -0.088628
v -0.152456 -0.393928 -0.149912
v -0.155644 -0.285711 -0.076866
v -0.158040 -0.115540 -0.143755
v -0.161346 0.436603 -0.196377
v -0.156138 -0.150562 -0.133688
v -0.150857 0.206159 0.039875
v -0.152537 -0.228968 -0.136001
v -0.156587 -0.100589 -0.147121
v -0.154432 -0.264153 -0.067697
v -0.155576 0.415729 -0.179350
v -0.154851 0.426967 -0.220716
v -0.148971 0.359685 -0.249457
v -0.157353 0.136735 -0.145115
v -0.154035 0.425461 -0.186625
v -0.150966 0.232046 -0.250004
v -0.153672 -0.289043 -0.106878
v -0.151550 0.409743 -0.038482
v -0.150404 0.315646 -0.254718
v -0.154764 0.262741 -0.254016
v -0.153819 -0.182425 -0.143559
v -0.140407 -0.500000 -0.132179
v -0.155891 -0.459260 -0.161958
v -0.151834 0.076494 -0.198551
v -0.152105 0.139317 -0.115411
v -0.153921 0.103800 -0.163079
v -0.148962 0.300599 0.054450
v -0.153042 -0.476075 -0.166206
v -0.149626 -0.154866 -0.147269
v -0.153922 -0.140440 -0.047111
v -0.152616 0.121191 -0.155246
v -0.153913 0.160592 -0.010060
v -0.153595 -0.126861 -0.142176
v -0.150522 -0.207461 -0.023592
v -0.152120 -0.413399 -0.154941
v -0.152761 0.138219 -0.131401
v -0.148896 0.180490 0.023792
v -0.151505 0.076216 -0.177923
v -0.151978 -0.491601 -0.164994
v -0.154810 0.256992 0.050770
v -0.150789 0.241630 0.053293
v -0.150605 -0.326440 -0.128657
v -0.155717 0.146170 -0.054204
v -0.148280 0.200919 -0.242074
v -0.150339 -0.303814 -0.057139
v -0.151354 -0.285466 -0.063006
v -0.151316 -0.306552 -0.119096
v -0.148053 -0.022178 -0.123108
v -0.150470 -0.264392 -0.120402
v -0.151564 -0.348794 -0.136050
v -0.147494 -0.312673 -0.049832
v -0.144640 0.422343 -0.118222
v -0.149459 0.293953 -0.255695
v -0.151671 -0.499362 -0.154133
v -0.152718 -0.139341 -0.141070
v -0.153014 0.140088 -0.082118
v -0.149306 -0.032863 -0.034004
v -0.145256 -0.441700 -0.165160
v -0.145151 0.357063 0.037958
v -0.149108 -0.375978 -0.030494
v -0.144370 0.416068 -0.142767
v -0.152045 0.404436 -0.157683
v -0.138011 0.204347 0.052029
v -0.151016 -0.112710 -0.025294
v -0.141209 0.135739 -0.043252
v -0.148374 -0.204006 -0.155558
v -0.152980 0.378836 -0.246820
v -0.148492 0.146849 -0.026233
v -0.150232 0.089323 -0.170947
v -0.149431 -0.181400 -0.021084
v -0.150793 0.338248 -0.252657
v -0.148785 -0.491957 -0.019497
v -0.146297 0.097605 -0.207046
v -0.146155 -0.222683 -0.153884
v -0.147951 -0.400244 -0.024369
v -0.144979 -0.260957 -0.135173
v -0.145670 -0.325086 -0.043660
v -0.145732 0.190798 0.035948
v -0.145252 0.083269 -0.188355
v -0.147119 0.376139 0.020700
v -0.148618 -0.134029 -0.037529
v -0.147533 -0.273802 -0.051277
v -0.151068 -0.366173 -0.142597
v -0.147104 -0.087316 -0.150681
v -0.149212 0.131444 -0.142547
v -0.145999 0.112406 -0.160961
v -0.142974 -0.167917 -0.162627
v -0.148166 -0.289701 -0.120481
v -0.145488 -0.113884 -0.149796
v -0.145864 0.126773 -0.148815
v -0.144546 -0.293012 -0.050121
v -0.137882 0.128281 -0.089042
v -0.145767 -0.155457 -0.022441
v -0.146854 0.414975 -0.170262
v -0.142505 -0.256792 -0.029754
v -0.148528 -0.477764 -0.015052
v -0.137524 -0.500000 -0.053594
v -0.139249 0.400428 0.009996
v -0.144084 -0.188470 -0.164244
v -0.145794 -0.227042 -0.019409
v -0.151332 0.433196 -0.203524
v -0.142313 0.432122 -0.065850
v -0.144731 -0.009245 -0.081669
v -0.143518 0.409160 -0.011130
v -0.152096 0.148783 -0.227700
v -0.146001 -0.131057 -0.149453
v -0.136547 0.147320 -0.000130
v -0.145004 -0.425969 -0.016832
v -0.140818 0.419000 -0.218487
v -0.143376 0.133733 -0.063327
v -0.144984 0.429333 -0.191677
v -0.144379 -0.181472 -0.009129
v -0.146539 -0.463403 -0.168200
v -0.071164 -0.500000 -0.124888
v -0.145530 -0.104169 -0.023482
v -0.143018 0.282674 0.063309
v -0.142529 -0.378688 -0.152617
v -0.144825 -0.479980 -0.171209
v -0.146254 0.113121 -0.214488
v -0.144607 -0.078617 -0.150597
v -0.143641 0.101791 -0.169295
v -0.146626 -0.311865 -0.127993
v -0.141795 0.130164 -0.130306
v -0.140146 -0.281879 -0.040092
v -0.143824 0.423272 -0.180479
v -0.139571 0.347881 0.049480
v -0.140747 -0.203843 -0.000143
v -0.143770 -0.124034 -0.031386
v -0.141341 -0.285153 -0.132311
v -0.136934 0.372384 0.040025
v -0.148285 -0.012403 -0.059705
v -0.143142 -0.066624 -0.148965
v -0.136392 -0.185921 -0.176854
v -0.140593 -0.350977 -0.145812
v -0.142936 0.262415 0.063647
v -0.129949 0.228868 -0.253444
v -0.140509 -0.374522 -0.024545
v -0.134030 0.259948 -0.257333
v -0.144211 -0.301525 -0.128696
v -0.140799 -0.499691 -0.157701
v -0.141310 0.095661 -0.177961
v -0.142103 -0.422738 -0.162884
v -0.140064 -0.133428 -0.022495
v -0.138707 0.247138 0.065252
v -0.143482 0.416458 -0.160818
v -0.142433 0.158638 0.008604
v -0.139018 0.169887 -0.232627
v -0.143933 0.120174 -0.155616
v -0.149634 -0.019906 -0.046363
v -0.141916 0.427222 -0.042617
v -0.143440 -0.052090 -0.145156
v -0.144769 0.323894 0.053403
v -0.143573 0.090066 -0.196452
v -0.141804 -0.459969 -0.010704
v -0.139353 -0.098485 -0.155588
v -0.143354 -0.492909 -0.169432
v -0.137158 -0.208489 -0.174634
v -0.142720 0.432168 -0.083459
v -0.137694 -0.399479 -0.017635
v -0.132972 0.352855 -0.248845
v -0.134188 0.137513 -0.017435
v -0.136416 -0.163054 0.000949
v -0.140557 0.170136 0.025131
v -0.138341 -0.046337 -0.031602
v -0.141402 0.225913 0.057951
v -0.135440 0.427967 -0.022182
v -0.140067 0.126899 -0.141962
v -0.145744 0.427542 -0.210011
v -0.134633 -0.259368 -0.154550
v -0.137325 -0.491040 -0.010770
v -0.133670 0.307734 -0.257026
v -0.137649 0.177623 0.035284
v -0.130961 0.436574 -0.130475
v -0.137174 -0.014482 -0.105102
v -0.135517 0.126945 -0.117045
v -0.133819 0.441863 -0.100566
v -0.138303 -0.232737 -0.164446
v -0.135908 0.100010 -0.187520
v -0.138465 -0.095932 -0.024035
v -0.136393 -0.499386 -0.020669
v -0.137372 0.422686 -0.169851
v -0.133285 0.304440 0.069163
v -0.134322 -0.443804 -0.169696
v -0.135096 0.373033 -0.243478
v -0.135259 -0.127684 -0.161952
v -0.138745 0.385484 -0.240037
v -0.138271 -0.116693 -0.025605
v -0.126026 -0.267759 -0.005401
v -0.141051 -0.010799 -0.092427
v -0.135705 -0.182798 0.008734
v -0.135206 0.287161 -0.257971
v -0.134602 0.328646 -0.253771
v -0.134815 -0.246638 -0.006785
v -0.128324 0.370753 0.051804
v -0.133762 -0.225069 0.007941
v -0.138542 0.397895 -0.234452
v -0.135466 0.122409 -0.151030
v -0.131589 0.154891 0.019331
v -0.136490 -0.296964 -0.038416
v -0.132197 -0.341076 -0.147823
v -0.133723 -0.108651 -0.160142
v -0.138699 -0.317104 -0.137864
v -0.135413 0.111589 -0.169012
v -0.136573 0.101878 -0.197400
v -0.138028 0.427547 -0.199172
v -0.141206 -0.028566 -0.129628
v -0.134490 -0.478860 -0.006212
v -0.127947 0.200194 -0.245729
v -0.134510 -0.463051 -0.173236
v -0.133055 0.391197 0.030004
v -0.135322 -0.299957 -0.139187
v -0.125264 0.281054 0.077752
v -0.137499 0.408906 -0.226097
v -0.131097 -0.412493 -0.164394
v -0.122261 0.123049 -0.041783
v -0.133065 -0.484574 -0.175051
v -0.131236 -0.370661 -0.020548
v -0.116014 0.262884 0.084056
v -0.133585 0.426410 -0.155559
v -0.138154 0.128815 -0.217570
v -0.135847 -0.077195 -0.024666
v -0.133998 0.427376 -0.188337
v -0.133909 -0.429766 -0.010000
v -0.133874 -0.331349 -0.031726
v -0.135725 -0.013353 -0.070417
v -0.133660 -0.308405 -0.035672
v -0.130255 -0.202795 -0.185320
v -0.133406 -0.020523 -0.055975
v -0.135893 -0.036933 -0.137593
v -0.134126 0.110864 -0.204456
v -0.130941 -0.361697 -0.152945
v -0.130575 -0.061249 -0.028721
v -0.133416 0.117755 -0.159538
v -0.134204 -0.075216 -0.154688
v -0.133062 -0.167027 -0.178468
v -0.131113 -0.028478 -0.047163
v -0.129209 0.166877 0.035004
v -0.131834 0.332002 0.064489
v -0.131413 -0.464018 -0.005006
v -0.129739 0.185708 0.048703
v -0.131238 -0.059838 -0.150658
v -0.133988 -0.282171 -0.143973
v -0.133094 0.426710 -0.178546
v -0.125939 -0.247811 -0.175796
v -0.131804 -0.107706 -0.021832
v -0.131839 -0.496500 -0.171262
v -0.130110 0.228546 0.067991
v -0.126980 0.427217 -0.002127
v -0.129520 -0.225445 -0.181167
v -0.130935 0.445659 -0.054893
v -0.130675 -0.037277 -0.040151
v -0.121269 0.179828 -0.239600
v -0.136483 0.141375 -0.222271
v -0.131064 -0.046132 -0.144181
v -0.126810 -0.389247 -0.014641
v -0.130336 -0.121169 -0.012717
v -0.130484 -0.139156 -0.001415
v -0.132185 -0.021918 -0.120692
v -0.130432 0.109940 -0.180298
v -0.114718 0.302341 0.083731
v -0.127867 0.111385 -0.191061
v -0.127225 -0.498474 -0.012960
v -0.127567 -0.160731 0.015277
v -0.126870 -0.016132 -0.108985
v -0.126547 0.430639 -0.167834
v -0.127813 0.121729 -0.145150
v -0.124510 -0.218095 -0.189661
v -0.128456 -0.428765 -0.168473
v -0.123740 -0.270701 -0.164358
v -0.126568 -0.490094 -0.005031
v -0.118928 0.334355 -0.255771
v -0.130430 -0.326092 -0.145643
v -0.122419 -0.147447 -0.186772
v -0.127702 -0.013168 -0.095817
v -0.128499 0.154161 -0.226857
v -0.124855 0.207980 0.064668
v -0.125191 -0.415836 -0.009102
v -0.128407 -0.012819 -0.082144
v -0.117596 0.239398 0.079751
v -0.126906 -0.389286 -0.160324
v -0.125106 0.117330 -0.165576
v -0.126724 -0.101022 -0.020001
v -0.127269 -0.312393 -0.145871
v -0.118956 0.313634 -0.260270
v -0.128352 0.420536 -0.207369
v -0.125074 -0.046692 -0.036219
v -0.119581 0.165279 -0.233359
v -0.124073 0.437464 -0.150389
v -0.126108 -0.091904 -0.023026
v -0.127678 -0.448027 -0.005450
v -0.114475 0.114633 -0.118919
v -0.126376 0.124830 -0.209265
v -0.124225 0.389133 -0.235089
v -0.126377 0.415483 0.015395
v -0.128690 -0.029670 -0.131873
v -0.125252 0.455759 -0.076351
v -0.124441 0.117534 -0.198855
v -0.121072 -0.208108 -0.195185
v -0.125039 -0.081437 -0.025167
v -0.125146 -0.190271 -0.191667
v -0.123070 -0.491564 -0.175901
v -0.119329 0.459809 -0.057159
v -0.127360 -0.206221 0.024128
v -0.126155 0.425206 -0.196193
v -0.122477 -0.479033 -0.001614
v -0.123128 0.399961 -0.227825
v -0.119204 0.445774 -0.017249
v -0.125049 -0.330262 -0.027004
v -0.122312 0.455672 -0.101214
v -0.122985 -0.167311 -0.191412
v -0.123065 -0.470127 -0.176020
v -0.124272 -0.089600 -0.166953
v -0.128325 -0.288441 -0.024975
v -0.123675 0.428562 -0.184698
v -0.126800 0.412461 -0.217787
v -0.125533 -0.294108 -0.149520
v -0.123403 0.116541 -0.176975
v -0.117785 -0.148662 0.024981
v -0.123038 0.119269 -0.154786
v -0.122142 0.450282 -0.033805
v -0.124611 0.367783 -0.244254
v -0.113324 0.286240 -0.264821
v -0.117082 0.126755 -0.015660
v -0.125416 -0.190024 0.027441
v -0.117689 -0.125894 0.009308
v -0.121252 -0.102929 -0.013347
v -0.122909 -0.499134 -0.166976
v -0.116747 -0.499996 -0.146341
v -0.116940 0.331853 0.077060
v -0.123532 0.137058 -0.216932
v -0.119659 -0.025821 -0.053715
v -0.121156 -0.036210 -0.140563
v -0.119155 -0.227559 0.032510
v -0.120477 -0.435493 -0.004836
v -0.121219 -0.015642 -0.071544
v -0.117050 -0.418129 -0.167395
v -0.116305 0.141239 0.018576
v -0.120230 0.117074 -0.185573
v -0.121942 -0.173248 0.029190
v -0.122519 -0.068388 -0.159353
v -0.118271 -0.442084 -0.171825
v -0.114122 -0.258267 -0.184067
v -0.119983 -0.463800 -0.001231
v -0.115939 -0.358391 -0.154812
v -0.114873 0.148255 0.030409
v -0.118207 -0.241372 -0.188349
v -0.097240 0.178394 -0.247913
v -0.123622 0.399827 0.035638
v -0.116117 -0.228938 -0.195386
v -0.115783 -0.245499 0.029483
v -0.119264 -0.497093 -0.007781
v -0.120461 0.146169 -0.222645
v -0.118091 -0.488931 -0.002111
v -0.115008 0.368288 0.066097
v -0.118231 -0.016569 -0.113979
v -0.117492 -0.059870 -0.031304
v -0.103060 0.216628 -0.260152
v -0.119387 -0.049406 -0.151582
v -0.118358 -0.013057 -0.102091
v -0.093578 0.340721 -0.262279
v -0.122206 -0.301163 -0.023497
v -0.120850 -0.339863 -0.151198
v -0.117219 -0.306178 -0.152861
v -0.116036 0.354303 -0.250032
v -0.114153 -0.389794 -0.012006
v -0.111986 -0.214913 0.045141
v -0.112143 0.468559 -0.087634
v -0.117250 -0.021228 -0.124263
v -0.115481 0.123285 -0.199152
v -0.117245 -0.321595 -0.150491
v -0.115073 -0.087208 -0.017199
v -0.114050 0.118470 -0.167834
v -0.120869 -0.315139 -0.025864
v -0.108433 0.191081 0.068151
v -0.118194 -0.013489 -0.077230
v -0.111079 0.155225 0.041243
v -0.104470 0.215533 0.081665
v -0.113255 -0.072424 -0.169110
v -0.115791 0.438985 0.000843
v -0.110085 0.437266 -0.175990
v -0.114372 -0.020674 -0.061150
v -0.114781 0.429399 0.015876
v -0.115806 -0.484068 -0.177967
v -0.117876 0.117928 -0.139991
v -0.099454 0.195844 -0.254533
v -0.117254 0.381261 -0.238341
v -0.114841 -0.011348 -0.087230
v -0.115425 -0.092473 -0.174962
v -0.103189 0.241050 -0.265765
v -0.110402 -0.279815 0.011518
v -0.115851 -0.328410 -0.023378
v -0.115011 -0.035480 -0.045132
v -0.103497 -0.094253 0.000114
v -0.112608 -0.178863 -0.203943
v -0.115542 -0.495231 -0.174717
v -0.117100 -0.343472 -0.021765
v -0.099784 0.164635 -0.238936
v -0.113279 0.427694 -0.192329
v -0.110252 -0.069179 -0.024610
v -0.113545 0.132379 -0.210577
v -0.112431 -0.454222 -0.001429
v -0.111190 -0.275962 -0.175543
v -0.111595 -0.482105 -0.000065
v -0.110112 0.393539 -0.231576
v -0.114669 -0.195054 0.043019
v -0.114748 -0.027635 -0.136198
v -0.115294 0.421179 -0.203461
v -0.114862 -0.290507 -0.161968
v -0.113173 0.410390 -0.216335
v -0.109556 -0.401963 -0.163546
v -0.110523 -0.164251 0.041320
v -0.105441 0.353107 0.079729
v -0.108276 -0.464063 -0.175814
v -0.104873 -0.250881 -0.196746
v -0.116428 -0.217264 -0.198291
v -0.110835 -0.426448 -0.004746
v -0.112313 0.404335 0.045780
v -0.106704 -0.243600 0.043270
v -0.113943 -0.263250 0.020314
v -0.108177 -0.499623 -0.163813
v -0.114478 0.132619 0.003400
v -0.121384 0.389060 0.047693
v -0.116341 0.416109 0.029372
v -0.110189 -0.011044 -0.110107
v -0.110447 0.141767 -0.219659
v -0.102486 -0.361343 -0.154842
v -0.109043 -0.469726 0.000526
v -0.113383 -0.309009 -0.017951
v -0.111898 0.119012 -0.176602
v -0.098639 -0.437758 -0.170011
v -0.107412 0.452788 -0.147418
v -0.110387 -0.015114 -0.070297
v -0.109092 -0.027839 -0.051546
v -0.108997 0.116107 -0.154754
v -0.104891 0.387026 0.065051
v -0.106048 0.470585 -0.105507
v -0.109050 0.472001 -0.071214
v -0.110616 -0.179562 0.045538
v -0.109494 -0.054836 -0.163086
v -0.108747 -0.013442 -0.120165
v -0.109356 -0.298733 -0.005468
v -0.109229 0.462231 -0.123123
v -0.111467 -0.203260 -0.204391
v -0.108448 0.122535 -0.191206
v -0.106989 0.471328 -0.053197
v -0.108928 -0.499485 -0.012972
v -0.110101 -0.008902 -0.099312
v -0.110916 -0.046058 -0.037594
v -0.104909 -0.127099 -0.201209
v -0.106538 -0.230127 0.048632
v -0.109389 0.172867 0.056567
v -0.103368 -0.488268 -0.177495
v -0.105801 0.467594 -0.036099
v -0.108684 -0.491869 -0.001978
v -0.109020 0.153547 -0.228874
v -0.104313 -0.152225 -0.207460
v -0.101100 0.115631 -0.023191
v -0.097359 -0.069313 -0.015001
v -0.102098 -0.189904 0.056395
v -0.109346 -0.321056 -0.019850
v -0.105238 -0.017989 -0.133690
v -0.106140 -0.313818 -0.156095
v -0.102263 -0.096122 -0.193530
v -0.104096 0.129714 -0.205785
v -0.102294 0.434266 0.026372
v -0.107421 -0.328342 -0.152728
v -0.102601 0.446346 0.010500
v -0.105036 -0.008273 -0.078259
v -0.109076 0.372014 -0.244046
v -0.106950 -0.006711 -0.089411
v -0.099036 0.109863 -0.141013
v -0.100048 -0.051205 -0.029872
v -0.105143 -0.343634 -0.153012
v -0.102473 -0.396623 -0.010712
v -0.100073 -0.384626 -0.158568
v -0.101474 -0.264990 0.038199
v -0.101157 -0.447700 -0.002354
v -0.104801 -0.130935 0.029999
v -0.098376 0.115580 -0.167927
v -0.096936 -0.497846 -0.170695
v -0.106584 -0.335106 -0.020448
v -0.104922 -0.019512 -0.059737
v -0.093345 0.389435 -0.237839
v -0.099890 -0.288951 0.018931
v -0.089377 0.368437 -0.252114
v -0.101296 0.429104 -0.195767
v -0.104290 -0.205093 0.055314
v -0.105404 -0.359045 -0.017638
v -0.103691 -0.035514 -0.042936
v -0.103437 -0.217354 -0.208345
v -0.109519 -0.237273 -0.198354
v -0.093778 0.418534 -0.212220
v -0.101117 -0.296678 -0.169319
v -0.088684 0.405790 -0.226850
v -0.101696 -0.477801 0.000241
v -0.098659 0.138390 -0.218463
v -0.096221 0.453108 -0.160054
v -0.101512 -0.004107 -0.111976
v -0.102445 0.461952 -0.014748
v -0.102946 -0.313255 -0.011710
v -0.096451 -0.429149 -0.005634
v -0.102051 -0.183512 -0.212052
v -0.100271 0.281748 0.095136
v -0.105395 -0.032966 -0.151167
v -0.101857 -0.150827 0.045236
v -0.095244 0.119497 -0.002203
v -0.096708 0.470310 -0.127450
v -0.096564 0.128538 0.017960
v -0.100040 -0.218469 0.057833
v -0.086042 0.375493 0.084723
v -0.096411 -0.466673 -0.000847
v -0.097793 0.240556 0.094058
v -0.096850 -0.304061 0.004338
v -0.098251 -0.166882 0.054782
v -0.096382 -0.005515 -0.128143
v -0.099847 -0.264433 -0.193688
v -0.083753 0.200964 0.088724
v -0.099952 0.119347 -0.181418
v -0.102277 0.421094 0.041131
v -0.092129 -0.204272 0.065985
v -0.093018 -0.157137 -0.216934
v -0.099253 -0.011140 -0.065708
v -0.100946 -0.001363 -0.098129
v -0.097350 -0.024662 -0.048672
v -0.100152 -0.002184 -0.084246
v -0.094506 0.122727 -0.194787
v -0.092952 0.159214 0.057742
v -0.090190 0.109660 -0.155643
v -0.087546 0.176887 0.073084
v -0.093470 -0.138403 -0.213900
v -0.092573 0.416623 0.054080
v -0.093313 0.142974 0.042631
v -0.093601 -0.015099 -0.147101
v -0.092913 -0.246996 0.057128
v -0.098064 -0.496976 -0.007064
v -0.097428 -0.201391 -0.214416
v -0.096800 0.149124 -0.229494
v -0.087974 -0.375881 -0.153905
v -0.089518 -0.131713 0.045718
v -0.096218 -0.257830 0.048802
v -0.093160 -0.381152 -0.015185
v -0.090544 -0.232361 0.063853
v -0.088659 0.468432 -0.142304
v -0.091693 -0.183984 0.064364
v -0.099055 0.401115 0.060734
v -0.098229 0.102252 -0.095941
v -0.092253 -0.105431 -0.207171
v -0.095758 -0.002308 -0.073338
v -0.096255 -0.325918 -0.015703
v -0.096899 -0.320094 -0.156775
v -0.090420 -0.309957 -0.165229
v -0.094155 -0.070888 -0.191979
v -0.094386 -0.485779 -0.001466
v -0.092271 -0.100131 0.018574
v -0.093729 -0.034490 -0.166664
v -0.091186 0.008508 -0.110126
v -0.094228 0.261085 0.098976
v -0.093500 -0.231304 -0.211518
v -0.088897 0.128521 -0.209304
v -0.086984 -0.015969 -0.046723
v -0.094968 -0.335738 -0.153060
v -0.090108 -0.032649 -0.036043
v -0.095532 -0.340786 -0.019569
v -0.091152 -0.349864 -0.151697
v -0.092864 -0.313877 -0.003561
v -0.092872 -0.357145 -0.019020
v -0.099290 -0.478099 -0.176880
v -0.092458 0.006530 -0.083856
v -0.093974 0.483515 -0.088257
v -0.092552 -0.246904 -0.207047
v -0.085756 -0.149525 0.057993
v -0.083997 0.137044 -0.223461
v -0.086315 0.393756 0.075066
v -0.083540 -0.168477 -0.223178
v -0.090362 0.486561 -0.073552
v -0.091952 0.480470 -0.108796
v -0.080726 0.112609 -0.177341
v -0.085301 -0.412111 -0.012192
v -0.087535 -0.411657 -0.161635
v -0.088571 0.094924 -0.080743
v -0.092154 0.009350 -0.095329
v -0.088622 -0.124456 -0.214805
v -0.085247 0.453627 0.019627
v -0.091997 0.481499 -0.045951
v -0.086303 0.439409 0.037095
v -0.088590 -0.261302 -0.202208
v -0.092558 0.100942 -0.114603
v -0.092580 -0.277787 0.039594
v -0.089945 0.130934 0.029266
v -0.092681 0.483718 -0.060219
v -0.087127 -0.302325 0.019393
v -0.076321 0.144626 0.054950
v -0.081069 -0.190670 0.072482
v -0.084385 0.102187 -0.037194
v -0.090543 0.477880 -0.030925
v -0.086402 0.331863 0.098766
v -0.085993 -0.084629 -0.205834
v -0.088359 -0.499479 -0.015362
v -0.088243 -0.215791 0.068404
v -0.088754 -0.286084 -0.185743
v -0.088861 -0.002693 -0.061777
v -0.080271 0.008078 -0.138684
v -0.084290 -0.112109 0.036198
v -0.082364 0.017968 -0.119136
v -0.085291 0.012089 -0.072800
v -0.083053 -0.264697 0.057573
v -0.087113 -0.487354 -0.175427
v -0.084556 0.472478 -0.011007
v -0.092380 -0.053674 -0.183524
v -0.084386 -0.458908 -0.005038
v -0.081178 -0.038319 -0.185399
v -0.093361 0.101412 -0.060246
v -0.079643 -0.387298 -0.019270
v -0.087278 0.302762 0.103668
v -0.077738 -0.314383 0.010333
v -0.079378 0.204587 -0.266208
v -0.083996 0.022151 -0.089370
v -0.085205 -0.168855 0.065641
v -0.084695 -0.492656 -0.006378
v -0.082719 -0.434134 -0.009000
v -0.083115 0.089783 -0.097464
v -0.078484 0.287883 -0.278328
v -0.077434 0.410460 0.069861
v -0.081086 0.456048 -0.169860
v -0.083461 -0.362374 -0.021245
v -0.081252 -0.111466 -0.217093
v -0.083231 -0.291470 0.037567
v -0.083931 -0.321173 -0.005653
v -0.078194 -0.244814 0.069617
v -0.082260 -0.197641 -0.222888
v -0.083997 -0.482311 -0.003658
v -0.081042 -0.217091 -0.220199
v -0.083115 -0.318565 -0.161255
v -0.083240 0.269773 0.109286
v -0.070118 0.128412 -0.219456
v -0.073175 -0.236094 -0.218953
v -0.076015 0.314314 -0.276042
v -0.081913 -0.207682 0.073202
v -0.076749 0.132993 0.041909
v -0.087506 -0.328479 -0.155186
v -0.078618 -0.227825 0.073416
v -0.085657 -0.331362 -0.016581
v -0.083616 -0.064273 -0.199208
v -0.079851 -0.076749 0.010096
v -0.082058 0.488913 -0.098129
v -0.070024 -0.254296 -0.213488
v -0.082053 0.220377 0.099214
v -0.084909 0.285796 0.107405
v -0.081995 -0.473433 -0.173593
v -0.079176 -0.496752 -0.169380
v -0.082764 0.245686 0.107128
v -0.078879 0.101209 -0.144701
v -0.077787 0.115721 0.008787
v -0.081628 -0.346175 -0.022015
v -0.081268 0.090976 -0.109977
v -0.074997 -0.136856 -0.224912
v -0.075620 -0.280583 0.053948
v -0.080027 0.004795 -0.056307
v -0.078372 0.430750 0.052082
v -0.079160 -0.445034 -0.167027
v -0.083012 0.024117 -0.101987
v -0.077389 0.485524 -0.118419
v -0.081570 -0.342095 -0.150895
v -0.077653 -0.053386 -0.198721
v -0.070189 0.154081 -0.245144
v -0.070115 0.158509 0.070082
v -0.078367 0.278712 0.115766
v -0.074189 -0.124159 0.051900
v -0.079043 -0.006625 -0.158309
v -0.077156 0.031204 -0.075600
v -0.079335 -0.354874 -0.148950
v -0.072994 -0.293830 -0.186357
v -0.068694 0.180010 0.085811
v -0.076479 0.473012 -0.146309
v -0.074193 -0.092587 -0.216707
v -0.073094 0.230960 -0.275522
v -0.076487 0.492667 -0.061329
v -0.077783 -0.499737 -0.159371
v -0.079207 0.252667 -0.276801
v -0.074555 -0.274509 -0.200681
v -0.078122 0.083240 -0.089467
v -0.080026 0.090426 -0.060611
v -0.076915 0.264612 0.119818
v -0.073618 0.269337 -0.279759
v -0.078007 0.482877 -0.026334
v -0.077026 0.251489 0.117890
v -0.076462 -0.496954 -0.013899
v -0.077075 0.305074 0.113448
v -0.075889 0.257296 0.160261
v -0.074677 0.090962 -0.126424
v -0.069058 -0.159765 -0.229668
v -0.076302 0.234319 0.111611
v -0.075751 0.250699 0.186922
v -0.075521 -0.485737 -0.172630
v -0.074606 0.080638 -0.104721
v -0.073158 -0.303951 0.032753
v -0.075470 0.271413 0.170332
v -0.076088 0.291258 0.118630
v -0.074611 0.252899 0.204683
v -0.075343 -0.485685 -0.008556
v -0.074846 0.270042 0.190029
v -0.074645 0.248826 0.145042
v -0.074767 0.273277 0.145354
v -0.074957 0.275346 0.127948
v -0.075769 0.040459 -0.090340
v -0.074840 0.261727 0.132571
v -0.073060 0.020765 -0.058695
v -0.073131 -0.361187 -0.026393
v -0.066388 -0.296363 0.047570
v -0.074723 0.239056 0.173041
v -0.077707 -0.020066 -0.173725
v -0.066357 0.018978 -0.147241
v -0.070738 -0.089007 0.028198
v -0.070089 -0.161857 0.072392
v -0.076875 -0.137732 0.058340
v -0.073153 0.288551 0.152260
v -0.072952 0.327348 0.112070
v -0.072146 0.031802 -0.123562
v -0.074948 0.038616 -0.106349
v -0.076109 0.445374 0.037587
v -0.073608 0.226720 0.206649
v -0.077964 0.083839 -0.074932
v -0.073938 0.491054 -0.043847
v -0.071816 0.217759 0.194734
v -0.073562 0.240043 0.123497
v -0.065090 -0.315364 0.020529
v -0.073139 0.233620 0.217000
v -0.074316 -0.335398 -0.151976
v -0.064666 -0.225135 0.082157
v -0.073599 0.287076 0.131087
v -0.061541 -0.313916 -0.170131
v -0.073104 -0.324409 -0.158462
v -0.072895 0.073812 -0.095435
v -0.071048 0.493754 -0.097950
v -0.071211 -0.433227 -0.015526
v -0.070056 0.202246 0.218728
v -0.069807 0.039445 -0.065008
v -0.071904 -0.326424 -0.006814
v -0.072021 0.068997 -0.086486
v -0.071796 0.283844 0.192694
v -0.070558 -0.115168 -0.223717
v -0.069789 -0.110615 0.045897
v -0.072517 0.267652 0.207394
v -0.071751 0.303407 0.125998
v -0.071635 0.082062 -0.116276
v -0.070714 0.214857 0.226695
v -0.077311 0.493014 -0.082888
v -0.071914 0.232154 0.149065
v -0.068966 0.214868 0.179169
v -0.071541 0.293988 0.175117
v -0.070465 0.227102 0.120640
v -0.071308 0.049800 -0.078825
v -0.071621 -0.384381 -0.149162
v -0.073975 0.090135 -0.047690
v -0.073208 -0.334954 -0.018554
v -0.068405 -0.267413 0.067092
v -0.071963 0.220258 0.109826
v -0.067877 -0.389252 -0.026203
v -0.071114 -0.065927 -0.209785
v -0.068198 0.196084 0.206720
v -0.071024 0.056798 -0.088165
v -0.071798 0.247591 0.221416
v -0.073330 0.467053 0.009715
v -0.070851 -0.208254 0.079718
v -0.070786 0.053521 -0.100509
v -0.065152 0.401722 -0.240256
v -0.068377 0.318704 0.123823
v -0.069918 0.061978 -0.076162
v -0.070587 -0.499310 -0.025064
v -0.071932 -0.462051 -0.010992
v -0.073666 0.454698 0.027356
v -0.070518 0.063597 -0.097145
v -0.070141 -0.494468 -0.168760
v -0.062177 -0.000411 -0.171296
v -0.069811 0.280192 0.205622
v -0.069746 0.070958 -0.106215
v -0.059865 0.110613 -0.190426
v -0.067397 0.343797 0.111753
v -0.067169 0.314199 0.138601
v -0.071056 0.103548 -0.162247
v -0.068066 0.202919 0.236916
v -0.068649 -0.039401 -0.197328
v -0.069654 0.263627 0.219859
v -0.067059 0.212857 0.242023
v -0.068098 0.053808 -0.068508
v -0.069188 0.228766 0.234742
v -0.070652 0.079560 -0.059452
v -0.070591 -0.045944 -0.006720
v -0.071138 0.072992 -0.070885
v -0.075224 -0.002774 -0.044254
v -0.068167 0.049816 -0.112986
v -0.060924 0.234777 -0.279586
v -0.068242 -0.175119 0.077308
v -0.067995 0.192478 0.230025
v -0.066466 0.201459 0.189993
v -0.065377 0.176398 0.217051
v -0.067769 0.222512 0.133207
v -0.067022 0.219088 0.121559
v -0.069792 0.206547 0.102979
v -0.069474 0.478649 -0.008515
v -0.059610 0.214578 -0.275452
v -0.066933 -0.023572 -0.187096
v -0.070078 -0.476110 -0.011490
v -0.067423 0.061550 -0.109164
v -0.067474 0.293390 0.197956
v -0.067565 -0.345810 -0.146008
v -0.063089 0.123598 0.037092
v -0.062490 -0.499023 -0.038058
v -0.066989 0.177551 -0.260145
v -0.067328 0.277525 0.216600
v -0.059186 -0.247687 0.080509
v -0.064175 -0.190642 0.082123
v -0.077105 0.357636 0.098202
v -0.056596 0.289748 -0.284182
v -0.062416 0.476274 -0.150280
v -0.066719 0.080796 -0.124845
v -0.065325 0.304137 0.189063
v -0.060751 -0.411440 -0.149305
v -0.067701 -0.429220 -0.158226
v -0.065915 -0.347318 -0.027319
v -0.067001 0.220275 0.146893
v -0.063199 -0.145481 0.069437
v -0.066317 -0.354707 -0.143973
v -0.066624 0.062765 -0.063439
v -0.064777 0.169277 0.231303
v -0.067157 -0.485588 -0.169355
v -0.064095 0.210285 0.166567
v -0.065955 -0.489851 -0.016270
v -0.063150 0.045335 -0.127174
v -0.054513 -0.306275 0.044685
v -0.062331 0.441349 0.049844
v -0.065925 -0.498991 -0.159476
v -0.065801 0.258794 0.232839
v -0.067889 -0.500000 -0.065889
v -0.061341 -0.100722 -0.225113
v -0.056130 0.194262 -0.270082
v -0.064004 0.051442 -0.058369
v -0.046820 -0.303634 -0.185096
v -0.063910 0.343924 -0.272461
v -0.065434 0.315844 0.160729
v -0.068421 -0.019996 -0.024508
v -0.063705 0.450360 0.038652
v -0.062685 0.497277 -0.092230
v -0.058046 -0.416646 -0.029829
v -0.062043 0.339199 0.123124
v -0.069309 0.140135 -0.234085
v -0.065382 0.071685 -0.117827
v -0.070259 0.391044 0.086292
v -0.058925 -0.457334 -0.022265
v -0.055255 -0.179060 -0.233996
v -0.063841 -0.364652 -0.032419
v -0.058565 -0.330468 -0.008857
v -0.064186 -0.330103 -0.154119
v -0.072999 0.383463 -0.249960
v -0.057274 0.118501 -0.209743
v -0.064848 0.193214 0.246357
v -0.065160 0.092996 -0.145515
v -0.067411 -0.368526 -0.144821
v -0.063802 0.179947 0.245974
v -0.067414 0.486017 -0.023645
v -0.062309 0.237397 0.247237
v -0.061693 0.162754 0.244663
v -0.063808 0.181153 0.202470
v -0.065726 0.423437 0.065705
v -0.057084 0.314366 -0.281494
v -0.062158 0.059109 -0.121499
v -0.061391 0.330131 0.139733
v -0.064060 0.289635 0.211672
v -0.063391 0.069209 -0.053607
v -0.065129 -0.472613 -0.167586
v -0.059268 0.495498 -0.047196
v -0.063733 0.210283 0.115235
v -0.065488 0.488106 -0.123701
v -0.056864 0.130666 0.050911
v -0.062948 0.314606 0.178656
v -0.060349 0.113943 0.020395
v -0.063318 0.271824 0.228185
v -0.059689 0.161039 0.205391
v -0.058632 0.143368 0.063642
v -0.059243 -0.439065 -0.024472
v -0.059165 -0.153147 -0.233248
v -0.052781 -0.264271 -0.214286
v -0.067417 0.091550 -0.034925
v -0.062538 0.219407 0.251253
v -0.059594 -0.381524 -0.034600
v -0.061702 0.199373 0.177614
v -0.059876 0.138012 0.224749
v -0.063493 0.019148 -0.045117
v -0.061135 -0.499909 -0.148761
v -0.056021 0.097847 -0.163122
v -0.059243 0.039249 -0.137683
v -0.060709 0.211003 0.127459
v -0.060000 0.173862 0.254859
v -0.061511 0.075448 -0.046028
v -0.061196 -0.336375 -0.020376
v -0.048556 0.139386 -0.241696
v -0.060346 -0.126378 -0.230471
v -0.062990 0.498448 -0.075676
v -0.059087 -0.383871 -0.141438
v -0.059721 0.146932 0.241424
v -0.060301 -0.490754 -0.166357
v -0.060431 0.188164 0.187352
v -0.060672 -0.471988 -0.018566
v -0.059627 0.075115 -0.130253
v -0.063256 0.002796 -0.035503
v -0.057764 0.474788 0.004628
v -0.059796 0.058045 -0.051486
v -0.057463 0.204173 0.161740
v -0.058308 -0.038509 -0.203212
v -0.061581 -0.129126 0.062247
v -0.058125 -0.054472 0.009629
v -0.061800 0.040688 -0.052447
v -0.063951 0.194444 0.099094
v -0.061253 0.463825 0.021523
v -0.059643 0.210110 0.140165
v -0.057354 -0.107814 0.050657
v -0.062220 -0.096828 0.040250
v -0.050750 0.249269 -0.283895
v -0.061052 0.495375 -0.104882
v -0.060525 0.149877 0.213872
v -0.060580 0.198915 0.256381
v -0.060878 0.084345 -0.137688
v -0.058261 0.305092 0.205521
v -0.063133 0.098523 -0.017825
v -0.059747 0.408641 0.080329
v -0.060920 -0.079293 -0.219491
v -0.058258 0.284206 0.227355
v -0.057167 0.054186 -0.131070
v -0.059491 0.208332 0.153007
v -0.057326 0.330566 0.163728
v -0.056880 0.318400 0.189389
v -0.058409 0.066561 -0.128371
v -0.058423 0.366933 -0.264637
v -0.058416 -0.063132 -0.215306
v -0.055518 0.110528 0.202382
v -0.057281 0.420802 -0.226938
v -0.062659 0.461352 -0.174634
v -0.060366 0.491198 -0.031665
v -0.054686 0.458181 0.031327
v -0.050883 0.273034 -0.285426
v -0.047149 0.180687 0.097475
v -0.053651 0.394496 0.093100
v -0.057627 0.498836 -0.063347
v -0.057329 -0.482524 -0.022651
v -0.058679 0.358081 0.113751
v -0.057391 0.269433 0.239498
v -0.057555 0.172013 0.194589
v -0.057376 -0.494805 -0.028219
v -0.057375 -0.198896 -0.232325
v -0.057815 -0.360554 -0.138725
v -0.056475 0.157196 0.256823
v -0.059035 0.440544 -0.204521
v -0.047036 0.475939 -0.157784
v -0.056828 0.124837 0.233676
v -0.059900 -0.286912 0.060599
v -0.056182 -0.353182 -0.036340
v -0.055952 -0.336772 -0.147448
v -0.057220 -0.023792 -0.194371
v -0.054916 0.177848 0.264227
v -0.056089 0.484335 -0.138162
v -0.057688 0.201045 0.111239
v -0.050703 -0.008063 -0.186176
v -0.056362 0.198583 0.168624
v -0.055590 0.251215 0.250527
v -0.056206 0.484925 -0.013845
v -0.053906 -0.247887 -0.221396
v -0.053543 0.093346 0.202896
v -0.051356 0.130949 -0.232588
v -0.045506 -0.283955 -0.203711
v -0.055604 0.141419 0.200167
v -0.054027 -0.364704 -0.041826
v -0.055686 -0.342540 -0.029604
v -0.052023 0.102959 0.186342
v -0.055406 -0.349014 -0.139606
v -0.052144 -0.022044 -0.011140
v -0.052379 0.158358 -0.254466
v -0.053966 0.135707 0.251411
v -0.053636 0.065549 -0.041770
v -0.054752 0.077094 -0.036216
v -0.054426 -0.454888 -0.157128
v -0.053836 -0.370776 -0.135354
v -0.053650 0.224342 0.262115
v -0.051611 0.070523 -0.137262
v -0.055834 0.296813 0.218422
v -0.051512 0.390659 -0.253047
v -0.056692 0.336589 0.149185
v -0.053005 -0.379560 -0.043042
v -0.055702 -0.271268 0.072867
v -0.053066 0.202792 0.122250
v -0.052725 0.156677 0.194307
v -0.053156 -0.231403 -0.227379
v -0.056054 -0.499956 -0.082180
v -0.049162 -0.445939 -0.035533
v -0.050167 -0.117039 0.059763
v -0.052629 0.088090 -0.150465
v -0.051606 0.203644 0.133934
v -0.052015 0.187178 0.176878
v -0.052883 0.050200 -0.043303
v -0.052566 0.331163 0.175657
v -0.054917 0.087077 -0.027490
v -0.052426 -0.499090 -0.049398
v -0.054340 0.350078 0.128933
v -0.052319 -0.493436 -0.160027
v -0.051185 0.153308 0.264571
v -0.054353 0.033048 -0.042301
v -0.047935 -0.296790 0.059700
v -0.051947 0.126930 0.191385
v -0.049940 0.428822 0.066832
v -0.049697 0.320524 0.198576
v -0.051650 0.059335 -0.136221
v -0.051886 0.108188 0.234567
v -0.051608 0.048145 -0.140365
v -0.047414 -0.097684 -0.229358
v -0.056563 -0.209762 0.086725
v -0.051710 0.200054 0.268308
v -0.049234 -0.408880 -0.043131
v -0.051001 -0.470295 -0.029370
v -0.049974 -0.402579 -0.137829
v -0.048195 0.494911 -0.041336
v -0.053700 -0.430828 -0.149668
v -0.050181 0.033373 -0.151175
v -0.042002 0.111962 0.027316
v -0.050708 0.371290 0.110769
v -0.048226 0.056588 0.171020
v -0.044637 0.097767 -0.006215
v -0.050951 -0.499255 -0.148959
v -0.046605 0.499582 -0.085577
v -0.044764 0.072933 0.216010
v -0.046883 0.097029 0.173464
v -0.049065 -0.499022 -0.060157
v -0.047187 -0.026641 -0.201202
v -0.047691 -0.337117 -0.020687
v -0.038650 -0.331323 -0.001218
v -0.048934 0.468501 0.017659
v -0.047926 -0.484566 -0.034517
v -0.046833 0.043724 0.175294
v -0.050701 0.199616 0.157611
v -0.048955 0.165436 0.187989
v -0.050104 0.177157 0.183261
v -0.046106 -0.494022 -0.044762
v -0.044326 0.334269 -0.279639
v -0.048915 0.173756 0.271057
v -0.041437 0.225275 -0.281819
v -0.049369 0.446811 0.047493
v -0.049380 0.191199 0.106838
v -0.047910 -0.358096 -0.047486
v -0.047195 0.070231 0.166397
v -0.047688 0.078263 -0.144943
v -0.048312 -0.358808 -0.131328
v -0.041299 0.459460 0.031421
v -0.051376 -0.000283 -0.024903
v -0.048505 0.309456 0.214581
v -0.048397 0.498172 -0.099912
v -0.048221 0.490236 -0.127869
v -0.048205 0.500000 -0.071546
v -0.048247 0.144038 0.189782
v -0.048777 0.292271 0.231658
v -0.047961 0.200755 0.144166
v -0.035686 0.290206 -0.287693
v -0.046996 -0.348088 -0.041260
v -0.047794 0.495047 -0.113851
v -0.047246 -0.371492 -0.052033
v -0.043659 0.090817 -0.160580
v -0.047069 -0.385776 -0.129761
v -0.040372 0.203514 -0.276669
v -0.049465 -0.479249 -0.159114
v -0.043714 0.364922 0.127945
v -0.046763 0.276075 0.245940
v -0.044931 -0.390656 -0.054477
v -0.043929 -0.130879 -0.236184
v -0.045467 0.121295 0.256338
v -0.042610 0.098567 -0.174477
v -0.047420 0.090911 -0.017480
v -0.046031 0.498325 -0.056310
v -0.045646 0.046958 0.188346
v -0.043208 -0.173735 0.086783
v -0.048259 0.158823 0.080509
v -0.048685 -0.499743 -0.097978
v -0.044128 0.489672 -0.025693
v -0.046470 -0.152565 0.079268
v -0.039005 -0.128850 0.070509
v -0.046698 -0.077557 0.032857
v -0.046787 0.354263 0.140003
v -0.044908 0.383604 0.106294
v -0.043628 0.195651 0.118018
v -0.042556 0.466566 -0.174614
v -0.041347 -0.446159 -0.048131
v -0.045217 -0.287462 0.068841
v -0.044322 -0.341409 -0.032064
v -0.046012 0.140982 0.266524
v -0.042099 -0.412445 -0.055756
v -0.045098 -0.461846 -0.151424
v -0.047664 0.190584 0.169512
v -0.044215 0.099525 0.241940
v -0.044904 0.035424 0.159341
v -0.037903 0.473890 0.008413
v -0.045221 -0.194357 0.090214
v -0.046159 -0.079587 -0.225199
v -0.042604 0.454333 -0.192537
v -0.044454 0.252666 0.260119
v -0.043229 -0.472720 -0.040949
v -0.044798 -0.060780 -0.219399
v -0.049160 0.019170 -0.033478
v -0.043880 0.022496 0.163729
v -0.045240 0.057299 -0.036550
v -0.051466 -0.317426 0.027608
v -0.040219 -0.218139 0.092951
v -0.039972 0.484677 -0.013285
v -0.039607 0.175439 -0.266460
v -0.043931 0.034128 -0.034578
v -0.043694 0.048691 -0.146403
v -0.043804 -0.372302 -0.123466
v -0.044235 0.060937 -0.142497
v -0.042718 0.068231 -0.031699
v -0.041773 0.014036 -0.173166
v -0.044776 0.156710 0.272116
v -0.044715 -0.439798 -0.144085
v -0.044797 0.053142 0.157454
v -0.036817 -0.276589 0.079536
v -0.038446 -0.254899 -0.223036
v -0.043257 -0.041946 -0.211403
v -0.043827 0.229084 0.269038
v -0.044202 0.081752 0.164056
v -0.043560 -0.342216 -0.137858
v -0.045510 0.332281 0.186665
v -0.043432 -0.498814 -0.069338
v -0.042187 0.020498 0.179743
v -0.043096 0.153572 0.187179
v -0.042523 -0.232456 0.091125
v -0.032988 0.101089 0.007014
v -0.040145 0.409777 0.086852
v -0.026081 0.480784 -0.150833
v -0.040795 -0.484513 -0.046709
v -0.042859 -0.499478 -0.132004
v -0.042744 0.198556 0.131017
v -0.043986 -0.422992 -0.136765
v -0.040756 0.322893 0.205617
v -0.042606 -0.498886 -0.142939
v -0.042157 0.136844 0.184657
v -0.039659 0.079883 -0.151870
v -0.038804 -0.335808 -0.149089
v -0.041208 -0.360301 -0.058673
v -0.036589 -0.006816 -0.013653
v -0.042336 0.079664 -0.024934
v -0.039900 -0.350804 -0.126237
v -0.044340 0.350141 0.154555
v -0.039569 0.117093 0.175865
v -0.041594 -0.488475 -0.152333
v -0.038081 -0.400271 -0.070215
v -0.037040 0.034792 -0.159048
v -0.042211 0.181901 0.174146
v -0.038921 -0.007665 0.180194
v -0.041611 -0.260790 0.084614
v -0.035629 -0.246384 0.091131
v -0.033861 0.269941 -0.288119
v -0.044172 0.341446 0.172738
v -0.041370 -0.376223 -0.063986
v -0.042843 0.206944 0.274270
v -0.041028 -0.498938 -0.087714
v -0.043092 0.052575 0.200721
v -0.040955 -0.351106 -0.051478
v -0.040484 -0.001875 0.164541
v -0.041189 0.312976 -0.284534
v -0.040979 0.407144 -0.244078
v -0.036933 0.393681 0.101685
v -0.041352 -0.388248 -0.120880
v -0.033172 0.115511 0.264590
v -0.038819 0.166447 0.182368
v -0.036123 0.124536 0.052772
v -0.040935 0.013595 0.151516
v -0.036342 0.045951 -0.152859
v -0.039774 0.037536 0.144829
v -0.034215 0.428914 -0.225076
v -0.039731 -0.499309 -0.119307
v -0.039983 -0.359755 -0.120571
v -0.040025 0.065118 0.152314
v -0.037798 0.000987 0.187566
v -0.040323 -0.324054 0.020301
v -0.039461 -0.308046 0.052474
v -0.040257 -0.407025 -0.125007
v -0.038661 -0.480337 -0.148378
v -0.037709 0.093599 0.163571
v -0.039390 0.174839 0.278620
v -0.033019 0.427144 0.071109
v -0.039948 0.080894 0.231540
v -0.039337 -0.035935 0.005055
v -0.041048 -0.093180 0.046789
v -0.037590 0.012460 0.189657
v -0.030621 -0.339749 -0.029152
v -0.034351 -0.109093 0.059894
v -0.037527 -0.010374 0.155702
v -0.041257 0.193240 0.160202
v -0.035911 0.377618 0.118292
v -0.039715 0.028433 0.189737
v -0.030909 -0.084647 -0.230169
v -0.036722 0.445337 0.050061
v -0.039121 0.442710 -0.208637
v -0.038681 -0.497790 -0.077336
v -0.019228 0.411116 -0.243573
v -0.036842 0.174143 0.177795
v -0.036424 0.068535 -0.148353
v -0.030242 0.492306 -0.038346
v -0.034443 -0.108431 -0.234967
v -0.025878 0.334495 -0.281923
v -0.036809 0.127230 -0.233381
v -0.036526 0.057289 0.214455
v -0.036283 -0.438382 -0.062875
v -0.039609 -0.493079 -0.056941
v -0.036914 0.044052 -0.032073
v -0.037946 0.022252 0.141983
v -0.037625 -0.396610 -0.114088
v -0.037302 -0.459193 -0.140823
v -0.029240 0.497857 -0.096046
v -0.038462 -0.380110 -0.111747
v -0.036383 -0.026070 0.170487
v -0.027835 0.247668 -0.287088
v -0.036500 -0.362880 -0.071129
v -0.036479 -0.344898 -0.042490
v -0.036957 -0.435002 -0.130122
v -0.037031 -0.023941 0.180587
v -0.034948 -0.008008 -0.193208
v -0.037931 0.195658 0.150710
v -0.035031 0.317829 0.216717
v -0.036995 0.333420 0.194414
v -0.037217 -0.377485 -0.077728
v -0.036909 0.364407 -0.270762
v -0.035704 -0.315678 0.042434
v -0.035893 0.104233 0.254957
v -0.037396 -0.367602 -0.110533
v -0.035891 0.144431 0.183841
v -0.035053 0.088251 -0.014439
v -0.040162 0.118482 -0.218697
v -0.024044 -0.059720 0.026348
v -0.036561 -0.471243 -0.054343
v -0.032976 -0.025543 -0.205412
v -0.032295 -0.147500 -0.240262
v -0.033649 -0.421460 -0.080611
v -0.035376 0.009845 -0.021823
v -0.037008 -0.422537 -0.123674
v -0.035685 -0.391801 -0.085285
v -0.035490 -0.353561 -0.063099
v -0.036872 0.298359 0.235528
v -0.036261 0.349877 -0.276245
v -0.035523 -0.024547 0.194213
v -0.037141 0.048750 0.145190
v -0.035478 -0.392393 -0.101392
v -0.035582 -0.377042 -0.096407
v -0.035829 0.007871 0.142272
v -0.033302 0.057515 -0.029340
v -0.033141 0.496653 -0.054433
v -0.034809 -0.487601 -0.142986
v -0.034075 -0.415446 -0.108949
v -0.035907 0.044818 0.205512
v -0.035774 0.079515 0.155810
v -0.032955 0.024270 -0.026576
v -0.036301 0.381468 -0.261895
v -0.034977 0.127628 0.270368
v -0.036379 0.144757 0.275762
v -0.032264 0.157144 -0.258439
v -0.032794 0.107571 -0.201289
v -0.032210 0.283025 0.249808
v -0.035673 0.193491 0.280043
v -0.033807 -0.037185 0.210916
v -0.034798 0.186297 0.166778
v -0.033780 -0.410071 -0.094130
v -0.033949 -0.038524 0.185556
v -0.034289 -0.494659 -0.137583
v -0.034445 -0.011641 0.197495
v -0.029166 0.066914 0.229883
v -0.029103 0.171354 0.096015
v -0.035223 0.055313 -0.149400
v -0.033021 -0.362514 -0.084511
v -0.034429 0.195932 0.140286
v -0.030665 -0.448941 -0.078867
v -0.033457 -0.020566 0.205578
v -0.035280 -0.483764 -0.060704
v -0.033334 0.157964 0.280348
v -0.030825 0.395269 -0.254153
v -0.034666 0.347281 0.174577
v -0.033366 -0.034482 0.227839
v -0.034547 0.359081 0.152241
v -0.032292 -0.011112 0.144881
v -0.031377 -0.457214 -0.125976
v -0.032947 0.017483 0.197953
v -0.033195 -0.472102 -0.138128
v -0.032694 -0.021814 0.214963
v -0.032869 0.137212 0.068224
v -0.032636 -0.360967 -0.096431
v -0.030603 0.072903 -0.023650
v -0.028025 0.371577 0.136366
v -0.032831 -0.489414 -0.071163
v -0.028308 0.087484 -0.164272
v -0.031721 -0.355236 -0.107240
v -0.031099 -0.343845 -0.130485
v -0.031777 -0.350675 -0.116455
v -0.033314 0.157810 0.183490
v -0.032442 -0.022362 0.229471
v -0.029536 -0.443477 -0.095737
v -0.031361 0.236574 0.273324
v -0.031493 -0.436952 -0.113872
v -0.033602 0.030101 0.200437
v -0.031944 -0.495787 -0.096542
v -0.031392 -0.036634 0.162109
v -0.022277 -0.336095 -0.010230
v -0.030363 0.153447 0.082232
v -0.031556 -0.354797 -0.074684
v -0.031523 -0.493240 -0.084772
v -0.032078 -0.494807 -0.128474
v -0.033560 0.257217 0.264159
v -0.030021 -0.346798 -0.054147
v -0.030511 0.077431 -0.155531
v -0.032421 -0.000375 0.199188
v -0.028446 0.178359 0.172519
v -0.030840 -0.050308 0.193239
v -0.031311 0.058171 0.143748
v -0.024490 -0.133484 -0.240385
v -0.031132 -0.304228 0.060787
v -0.024121 0.015478 -0.179229
v -0.022181 0.461813 -0.185104
v -0.032378 0.090029 0.246655
v -0.030735 -0.046258 0.174178
v -0.030327 -0.045483 0.226174
v -0.029130 -0.027505 0.150386
v -0.029681 -0.484844 -0.131138
v -0.025278 -0.202494 0.096234
v -0.028362 0.102996 0.164702
v -0.032543 0.194767 0.127673
v -0.031434 0.129937 0.178259
v -0.027819 0.168547 0.178320
v -0.030286 -0.475260 -0.072334
v -0.030275 0.028968 0.135103
v -0.014938 0.318500 -0.286465
v -0.028959 0.014059 0.134200
v -0.028708 -0.070385 -0.226435
v -0.029790 -0.494732 -0.109410
v -0.029788 -0.201026 -0.238939
v -0.025284 0.081797 -0.016700
v -0.029893 -0.326110 -0.162603
v -0.022245 -0.036597 -0.214033
v -0.019277 0.218279 -0.283042
v -0.032610 0.190066 0.114604
v -0.029478 0.206459 0.281629
v -0.029373 -0.050786 0.215865
v -0.029228 -0.163906 -0.241556
v -0.010666 0.275642 -0.289698
v -0.025011 0.455011 0.035984
v -0.021663 -0.311851 -0.182823
v -0.028030 0.189994 0.158068
v -0.029045 -0.473211 -0.126650
v -0.027798 -0.466644 -0.089312
v -0.028423 -0.001439 0.136943
v -0.026832 0.072808 0.149307
v -0.022148 0.412351 0.087625
v -0.027262 -0.010558 0.212689
v -0.028471 -0.354491 -0.087019
v -0.028413 -0.490075 -0.120123
v -0.028054 0.042679 0.137333
v -0.028101 0.180069 0.284919
v -0.029182 0.009495 0.202254
v -0.018119 0.432477 0.064524
v -0.024111 -0.328746 0.017514
v -0.027029 -0.012710 0.222069
v -0.019908 -0.343406 -0.044701
v -0.027246 -0.013624 0.230740
v -0.021737 0.446909 -0.206265
v -0.027524 -0.482517 -0.089306
v -0.022644 0.107744 0.026278
v -0.025228 -0.058734 0.205609
v -0.026581 -0.485562 -0.107753
v -0.026747 0.498425 -0.073764
v -0.023709 0.098499 0.258618
v -0.025247 0.093416 -0.004624
v -0.026987 0.033895 0.207599
v -0.026100 -0.476590 -0.110376
v -0.025392 0.064439 -0.153410
v -0.025844 0.335754 0.199229
v -0.025347 0.020572 0.205626
v -0.019554 -0.271594 0.088747
v -0.018082 -0.318405 0.046289
v -0.025977 0.384211 0.117944
v -0.026505 -0.352396 -0.099937
v -0.023475 0.093719 -0.174641
v -0.025444 -0.058001 0.180818
v -0.024924 -0.054739 0.228764
v -0.027536 -0.187327 0.093611
v -0.024775 -0.231672 -0.234519
v -0.024755 0.269708 0.260959
v -0.020009 0.489452 -0.129198
v -0.023475 0.193018 0.146768
v -0.019240 -0.109943 0.063440
v -0.027904 0.048320 0.215885
v -0.024957 0.354246 0.170523
v -0.023336 -0.144108 0.081005
v -0.021548 0.114100 0.270142
v -0.024423 -0.043564 0.237663
v -0.023210 -0.089541 0.048680
v -0.024438 -0.017045 0.139442
v -0.024270 -0.061418 0.194773
v -0.026175 0.116177 0.042967
v -0.014906 -0.118367 -0.239704
v -0.024058 -0.043736 0.156834
v -0.024976 -0.348443 -0.065444
v -0.021955 -0.345995 -0.118519
v -0.022335 0.080662 0.245934
v -0.022193 0.183641 0.166158
v -0.022108 0.064286 -0.023538
v -0.024662 0.151729 0.283197
v -0.024767 0.299152 -0.288142
v -0.018193 0.179375 -0.271105
v -0.025715 0.148890 0.182162
v -0.023764 0.132793 0.278177
v -0.020639 -0.001366 -0.192702
v -0.020701 -0.011815 -0.005779
v -0.018855 0.082881 -0.162913
v -0.018313 0.279192 0.257754
v -0.023851 -0.000141 0.210356
v -0.025559 -0.167059 0.089300
v -0.011078 0.176330 0.103687
v -0.022451 0.303692 0.237952
v -0.023428 0.037785 -0.163107
v -0.022012 -0.289287 0.078536
v -0.025367 -0.297976 0.069780
v -0.019090 0.058003 0.140874
v -0.022113 -0.348510 -0.108763
v -0.023316 -0.350380 -0.078450
v -0.026833 0.399137 0.100413
v -0.022631 -0.054485 0.167355
v -0.026431 -0.270807 -0.218102
v -0.024261 -0.323315 0.032873
v -0.021497 -0.260800 -0.224909
v -0.022573 0.193678 0.135244
v -0.022761 0.049692 -0.026267
v -0.027247 0.193253 -0.275206
v -0.023067 -0.235092 0.096723
v -0.018871 -0.216353 0.098189
v -0.021992 -0.060744 0.217182
v -0.018107 0.323544 0.218447
v -0.021789 0.161938 0.180275
v -0.017032 0.136568 0.071046
v -0.022273 0.052496 -0.156254
v -0.015529 -0.161372 -0.243183
v -0.021366 -0.032538 0.235823
v -0.020996 -0.007849 0.230945
v -0.020163 -0.283673 -0.210998
v -0.023921 0.183164 0.108409
v -0.024834 0.031969 -0.025512
v -0.022159 -0.350484 -0.090161
v -0.026614 -0.247213 -0.228945
v -0.005711 -0.146355 -0.243266
v -0.020788 0.004610 0.131672
v -0.019442 0.255955 0.269708
v -0.020211 0.022105 0.130534
v -0.021224 0.191158 0.121924
v -0.024526 -0.297822 -0.197544
v -0.019019 -0.309568 0.060166
v -0.017910 -0.003225 0.220967
v -0.011130 0.102416 0.162483
v -0.019859 -0.258986 0.093426
v -0.017619 0.174850 0.173280
v -0.019347 0.072308 -0.157038
v -0.014122 0.430169 -0.226173
v -0.016781 0.035448 0.132435
v -0.017527 0.143198 -0.251286
v -0.018285 0.010364 0.211017
v -0.015420 0.133870 0.177729
v -0.020379 -0.333564 -0.150323
v -0.019969 0.129438 -0.239528
v 0.001732 0.436668 0.058354
v -0.014633 0.010058 -0.016061
v -0.016129 0.353171 -0.276612
v -0.013985 0.084679 -0.012091
v -0.018161 -0.019324 0.237832
v -0.019319 -0.035029 0.146594
v -0.020690 0.054934 0.225118
v -0.019248 0.118330 -0.225825
v -0.004575 0.072210 0.146948
v -0.014097 0.188770 0.156786
v -0.014220 0.380358 0.130432
v -0.018063 0.024649 0.209847
v -0.013630 0.201102 0.286964
v -0.017230 -0.127365 0.074174
v -0.017117 0.039085 0.215771
v -0.017579 -0.065373 0.185776
v -0.013039 0.025783 -0.174024
v -0.012874 0.107939 -0.207954
v -0.018799 0.069297 0.237905
v -0.002442 0.493193 -0.112197
v -0.016058 0.181602 0.288509
v -0.014147 0.292052 0.249469
v -0.014404 0.152413 0.084692
v -0.019219 -0.017768 -0.204065
v -0.015017 -0.010135 0.133146
v -0.019305 0.099474 0.007508
v -0.015203 0.342363 0.195135
v -0.014925 -0.347970 -0.099750
v -0.015161 -0.064063 0.174063
v -0.018223 -0.195942 -0.241127
v -0.014083 -0.067157 0.206566
v -0.010153 0.092055 -0.003842
v -0.015898 -0.096666 -0.235285
v -0.016398 0.216639 0.283456
v -0.022790 -0.054657 -0.221712
v -0.010349 -0.239227 -0.234208
v -0.013930 -0.063518 0.229214
v -0.016162 -0.076436 -0.230189
v -0.013650 -0.050613 0.238373
v -0.011503 0.082402 0.251545
v -0.015563 0.124020 0.058192
v -0.011955 0.354245 0.177451
v -0.009174 0.044685 -0.023489
v -0.012068 0.103757 0.267017
v -0.006752 0.114253 0.043913
v -0.004381 -0.339698 -0.020355
v -0.015182 0.234789 0.278977
v -0.011911 0.058714 -0.022549
v -0.015143 0.394764 0.108975
v -0.012540 -0.049730 0.154496
v -0.013011 0.062931 -0.156973
v -0.004014 0.387130 -0.261696
v -0.012085 0.122357 0.277585
v -0.014553 0.145265 0.180881
v -0.004812 -0.066055 0.033455
v -0.011800 0.156725 0.287873
v -0.010468 -0.347393 -0.078495
v -0.008582 -0.038477 0.145007
v -0.012841 -0.299399 0.072805
v -0.011458 -0.009031 0.243352
v -0.009187 0.243316 -0.287761
v -0.006516 -0.345780 -0.061720
v -0.007285 -0.215075 -0.239402
v -0.010167 0.004907 0.217760
v -0.011957 -0.001864 0.229734
v -0.013421 0.156401 0.180892
v -0.012974 -0.065549 0.218757
v -0.012267 0.141181 0.284486
v -0.012772 -0.059033 0.164499
v -0.009232 0.263100 0.268390
v -0.010820 0.050646 -0.159665
v -0.013475 0.157099 -0.260738
v -0.011319 0.192379 0.142185
v -0.010866 -0.040064 0.236557
v -0.012057 0.011526 0.128977
v -0.016342 -0.341879 -0.131290
v -0.005395 -0.325876 0.033545
v 0.003708 0.452840 0.035812
v -0.012556 -0.023495 0.137819
v 0.001664 -0.116675 0.068792
v -0.006279 0.335749 -0.282665
v -0.008178 0.367695 0.155060
v -0.006778 -0.345707 -0.114980
v -0.012073 0.191992 0.130519
v -0.010624 0.187597 0.117080
v -0.003354 0.024097 0.129167
v -0.009145 -0.068524 0.195218
v -0.010232 0.072705 -0.018418
v -0.002106 0.225778 -0.285322
v 0.001563 0.153975 0.086894
v -0.007539 -0.330162 0.020387
v -0.007052 0.001074 -0.192913
v -0.006573 -0.097257 0.055969
v -0.003577 0.039889 0.132780
v -0.009002 -0.028943 0.237730
v -0.009279 0.018388 0.212875
v -0.011885 0.199143 -0.278473
v -0.004013 -0.150410 0.085476
v -0.009561 0.074723 -0.159606
v -0.009425 0.044268 0.221447
v -0.010155 0.057179 0.230940
v -0.009819 -0.286944 0.083250
v -0.009210 -0.311819 -0.185176
v -0.007865 0.030726 0.214537
v -0.003235 -0.006899 -0.006365
v -0.009305 0.026213 -0.020895
v -0.005401 0.301037 0.243798
v -0.007793 -0.314536 0.055649
v -0.007214 -0.001534 0.129741
v -0.003384 0.343226 0.195497
v 0.011782 0.101266 0.161872
v -0.002717 0.104660 0.022335
v -0.002453 0.414611 0.086231
v -0.006115 -0.068752 0.183152
v -0.005973 -0.017970 0.243099
v -0.005820 0.085051 -0.167476
v -0.002831 0.065978 0.239351
v -0.004299 -0.056343 -0.224301
v -0.001582 -0.092129 -0.234928
v -0.004105 0.473426 0.000238
v -0.006007 0.278725 0.260060
v 0.003819 0.450742 -0.201979
v -0.003120 -0.275933 0.089688
v 0.001116 0.412059 -0.243974
v 0.002044 -0.116085 -0.239825
v -0.004618 0.173145 -0.269354
v -0.000531 0.188818 0.289698
v -0.004661 0.041061 -0.164925
v -0.001926 0.317123 0.228668
v -0.000802 0.240871 0.278825
v -0.001474 -0.306038 0.067685
v -0.004119 0.093667 -0.178799
v -0.003640 -0.063145 0.237576
v -0.003566 -0.048839 0.244252
v 0.001899 0.061878 -0.021291
v -0.003242 -0.039415 0.244765
v -0.002996 -0.065199 0.170020
v -0.001085 -0.066859 0.220480
v 0.003254 0.121809 0.056739
v -0.004277 0.181105 0.167097
v 0.000473 -0.347096 -0.097216
v 0.001124 0.078556 0.249539
v -0.002330 -0.027428 0.245564
v -0.006249 -0.188760 -0.242605
v -0.001247 -0.014051 0.132640
v -0.000454 0.118247 0.170545
v 0.001446 0.357472 0.173607
v -0.002075 0.054798 0.138422
v -0.001078 0.055309 -0.159116
v -0.002562 -0.069335 0.204342
v 0.008399 0.430111 -0.226458
v -0.003327 -0.032164 0.140723
v 0.002948 -0.332956 0.010896
v 0.000648 -0.334033 -0.152387
v -0.002407 0.491602 -0.049018
v -0.001191 0.109980 0.272305
v -0.001172 -0.058134 0.160038
v -0.001801 -0.295386 0.077900
v -0.000946 0.001541 0.234631
v -0.000798 0.482784 -0.021558
v -0.000230 -0.049315 0.151839
v -0.001990 0.495491 -0.073713
v -0.002052 0.009025 0.128326
v -0.000584 0.003387 0.223652
v -0.001094 0.331367 0.211486
v -0.007125 0.168540 0.176300
v 0.006075 -0.343101 -0.127454
v 0.000778 -0.339877 -0.138898
v 0.003386 0.145575 0.180718
v -0.004994 -0.018756 -0.206034
v -0.000739 -0.321079 0.045108
v -0.001104 0.066695 -0.158410
v 0.005371 0.155156 -0.260158
v 0.000584 0.012613 0.215679
v -0.001853 -0.038781 -0.216943
v 0.000215 0.158009 0.179750
v -0.001607 -0.245152 0.098412
v -0.000298 -0.262813 0.094888
v 0.000647 0.049630 0.226565
v -0.002069 -0.180358 0.094914
v 0.000299 0.141350 -0.251005
v 0.001279 -0.201254 0.098647
v -0.000407 0.035596 0.217180
v 0.009477 0.261334 -0.289274
v 0.002780 0.210270 -0.281841
v 0.000456 -0.292308 -0.206616
v 0.001842 0.294528 -0.289450
v 0.000243 0.125832 -0.237751
v 0.000256 -0.275599 -0.219330
v 0.000975 0.023957 0.213572
v -0.002613 -0.165802 0.091002
v -0.001598 0.191844 0.132779
v 0.001668 -0.225386 0.100059
v 0.000352 0.117945 -0.227382
v -0.000671 0.095456 0.262901
v 0.006732 0.105801 -0.204070
v 0.000159 0.189600 0.122423
v 0.001966 0.254311 0.273517
v 0.005379 0.185026 -0.273900
v 0.001335 0.495526 -0.092287
v 0.001391 0.027712 -0.173545
v 0.010697 0.486728 -0.135137
v -0.000191 0.390727 0.117363
v -0.002454 -0.325093 -0.168040
v 0.001228 -0.257060 -0.228643
v 0.000739 -0.166166 -0.243880
v 0.005549 0.133362 0.069777
v 0.013903 0.114072 0.042839
v 0.003755 0.373705 0.145723
v 0.002711 -0.305436 -0.193554
v 0.000834 0.183337 0.111728
v -0.001164 0.191307 0.147680
v 0.004057 0.075418 -0.160958
v 0.007333 -0.074113 -0.230041
v 0.010321 -0.136115 -0.242182
v 0.002336 -0.009259 0.245606
v 0.001912 0.211264 0.287008
v 0.003751 -0.031876 0.009559
v 0.000931 0.131338 0.282465
v 0.001708 0.147557 0.287252
v 0.007619 0.344317 -0.280226
v -0.000700 0.076066 -0.016427
v 0.005964 -0.232372 -0.236431
v 0.002526 -0.069845 0.191550
v 0.002905 0.285463 0.255842
v 0.003625 0.166351 0.289632
v 0.008559 -0.317137 -0.178725
v 0.003795 -0.137295 0.079882
v 0.004497 -0.025022 0.137165
v 0.012531 -0.068026 0.034297
v 0.006314 0.170254 0.098960
v 0.005423 0.033095 -0.021738
v 0.003605 0.086000 -0.009754
v 0.004886 -0.004138 0.129870
v 0.004832 0.186699 0.160488
v 0.009455 0.084585 -0.166405
v 0.006283 -0.286980 0.083677
v 0.002471 0.133258 0.177238
v 0.012095 -0.324883 0.034570
v 0.004376 -0.040024 0.145307
v 0.019052 0.123196 0.056192
v 0.004588 0.269041 0.265801
v 0.005132 -0.020202 0.245108
v 0.003253 0.366023 -0.272438
v 0.005944 -0.064496 0.230873
v 0.007896 0.308927 0.236191
v 0.006745 -0.314497 0.055964
v 0.005203 0.050265 -0.023032
v 0.015134 -0.014729 -0.002638
v 0.006430 -0.068449 0.210435
v 0.006202 -0.068298 0.177928
v 0.010762 0.044604 0.135010
v 0.018892 0.467729 0.014033
v 0.006923 -0.043681 0.240358
v 0.009471 0.046238 -0.161659
v 0.007488 -0.030796 0.239261
v 0.010150 -0.272494 0.090460
v 0.009392 -0.197540 -0.241709
v 0.007671 0.094414 -0.000275
v 0.005532 0.015862 -0.017234
v 0.008515 0.177698 0.170678
v 0.014018 0.054000 0.227359
v 0.009162 0.116165 0.275017
v 0.010126 0.314998 -0.287053
v 0.008331 0.042727 0.220651
v 0.013625 0.493981 -0.057057
v 0.010348 -0.065635 0.220982
v 0.008659 -0.055881 0.241999
v 0.012985 -0.342962 -0.041256
v 0.009296 0.005987 0.217441
v 0.008658 0.028949 0.213793
v 0.010906 -0.013885 -0.202757
v 0.008037 0.000340 0.228916
v 0.014642 0.058736 0.140616
v 0.010378 0.018499 0.212637
v 0.016134 0.116749 -0.223671
v 0.010691 -0.061582 0.166634
v 0.016196 0.141156 -0.249919
v 0.015513 -0.154300 -0.242877
v 0.007034 -0.347293 -0.079257
v 0.010623 0.065773 0.238118
v 0.014172 0.353453 0.177607
v 0.015114 -0.096350 -0.235394
v 0.009590 0.026825 0.129680
v 0.011241 -0.297834 0.074820
v 0.010903 -0.068030 0.199924
v 0.018876 -0.332375 -0.153075
v 0.020283 -0.323182 -0.167818
v 0.010180 -0.000690 0.236717
v 0.010266 0.092571 -0.175855
v 0.021974 0.232964 -0.285591
v 0.011671 0.012895 0.128725
v 0.008129 0.167531 0.176868
v 0.011014 0.059612 -0.157232
v 0.010988 0.191674 0.128466
v 0.013233 0.070509 -0.157698
v 0.010167 -0.346042 -0.112659
v 0.013414 0.366789 0.155225
v 0.010769 -0.053060 0.156596
v 0.022132 -0.319934 0.041728
v 0.009584 0.192376 0.141127
v 0.010733 0.295998 0.247116
v 0.013767 0.105213 0.267490
v 0.012096 0.154409 0.181130
v 0.023512 -0.299954 -0.195699
v 0.013526 0.398383 0.105055
v 0.011263 -0.012680 0.243116
v 0.009086 -0.265881 -0.223601
v 0.017556 0.482447 -0.015921
v 0.010520 0.464821 -0.180736
v 0.017399 0.108226 0.028766
v 0.014422 0.245521 -0.287888
v 0.016242 0.154676 0.086163
v 0.019053 0.188384 0.116142
v 0.013485 -0.252269 -0.229213
v 0.011315 0.088059 0.255999
v 0.013645 0.488697 -0.035353
v 0.020575 0.081188 -0.161247
v 0.015074 -0.174404 -0.242828
v 0.030232 -0.311606 -0.180756
v 0.014684 0.189775 0.154257
v 0.012320 0.384865 0.124459
v 0.020910 0.172850 -0.268195
v 0.013286 -0.306494 0.065428
v 0.012289 0.259081 0.270130
v 0.024998 0.497715 -0.070803
v 0.012911 0.066416 -0.020694
v 0.009010 0.340043 0.199256
v 0.017057 0.077723 -0.016873
v 0.013052 -0.102283 0.058968
v 0.014133 0.400327 -0.252069
v 0.026071 -0.145977 0.081446
v 0.014585 -0.329219 0.021220
v 0.020302 0.137885 0.071951
v 0.016671 0.144071 0.284155
v 0.015417 -0.346162 -0.061810
v 0.009506 0.005522 -0.189573
v 0.015628 -0.066764 0.187491
v 0.029512 0.444211 0.051002
v 0.014472 0.128915 0.279936
v 0.016050 0.184607 0.288309
v 0.022334 -0.286933 0.079919
v 0.015973 0.057158 -0.023573
v 0.017909 -0.128433 0.074537
v 0.014830 0.204367 0.286701
v 0.018426 -0.034074 -0.213314
v 0.015596 -0.019815 0.238141
v 0.026436 -0.043064 0.014109
v 0.016244 0.027870 -0.172003
v 0.015729 -0.062604 0.231043
v 0.014040 0.282999 0.256108
v 0.018616 0.376109 0.136157
v 0.018689 -0.050810 -0.220918
v 0.017012 -0.065558 0.210019
v 0.014509 -0.034894 0.144209
v 0.019885 0.088870 -0.008975
v 0.016357 -0.018692 0.136540
v 0.017033 0.161835 0.287019
v 0.018121 0.026677 -0.022446
v 0.017976 -0.004122 0.132251
v 0.016411 0.039374 0.216257
v 0.022495 0.091303 -0.171284
v 0.020477 0.263554 0.265910
v 0.018054 -0.001836 0.218211
v 0.023846 -0.144637 -0.241627
v 0.029898 -0.081002 -0.229614
v 0.017262 0.025791 0.210698
v 0.018311 0.043138 -0.025136
v 0.022028 0.131882 0.177616
v 0.021444 -0.118553 -0.238953
v 0.017482 0.236733 0.277976
v 0.017287 -0.348232 -0.100891
v 0.024579 -0.272477 0.086676
v 0.023902 -0.313774 0.051538
v 0.018785 -0.062480 0.175033
v 0.017286 0.127825 -0.238435
v 0.019110 0.007222 -0.015534
v 0.018113 0.011738 0.210715
v 0.019042 -0.051555 0.238415
v 0.019948 -0.007025 0.230744
v 0.020926 0.306228 0.235796
v 0.020384 -0.041392 0.235318
v 0.019532 0.033767 0.132068
v 0.022719 0.118250 0.272040
v 0.023434 0.367185 0.148630
v 0.026280 -0.232382 -0.233815
v 0.019220 0.174925 0.173294
v 0.022029 0.008145 0.131563
v 0.027294 -0.087419 0.046301
v 0.018480 -0.256756 0.094191
v 0.020190 0.097722 0.003212
v 0.020309 0.324082 0.217422
v 0.029585 0.216440 -0.281590
v 0.021610 0.020313 0.130822
v 0.032059 -0.323635 0.027557
v 0.020274 -0.062242 0.218378
v 0.013546 0.080180 0.151204
v 0.019134 -0.343739 -0.125158
v 0.021775 -0.236592 0.096959
v 0.027256 0.008413 -0.183754
v 0.020635 -0.204153 0.097277
v 0.022069 0.193460 0.136280
v 0.020440 0.146521 0.181105
v 0.021466 -0.052233 0.162445
v 0.029850 0.320176 -0.284930
v 0.019403 -0.218606 0.098272
v 0.021319 -0.286172 -0.209044
v 0.024568 -0.299308 0.068905
v 0.021585 -0.063773 0.198618
v 0.022350 -0.161073 0.087966
v 0.017573 0.197969 -0.277930
v 0.023622 0.192782 0.147424
v 0.021820 -0.029287 0.235736
v 0.029889 0.434467 -0.219847
v 0.028567 0.390104 0.109530
v 0.022237 -0.041404 0.152682
v 0.019782 0.277287 -0.289409
v 0.021579 -0.275379 -0.216675
v 0.021340 0.064843 0.233258
v 0.023119 -0.350060 -0.079569
v 0.023109 0.358621 0.164321
v 0.030193 0.155202 -0.257787
v 0.029007 -0.261857 -0.222362
v 0.022096 0.162928 0.179947
v 0.025670 -0.348077 -0.115430
v 0.026793 -0.114030 0.064559
v 0.021236 0.080727 0.246464
v 0.023751 0.413171 0.086660
v 0.022110 0.417108 -0.238024
v 0.023061 -0.184385 0.093873
v 0.024029 -0.056479 0.228136
v 0.027088 0.494052 -0.045969
v 0.032028 0.165470 0.281844
v 0.030413 0.191642 0.156236
v 0.030512 0.108962 -0.205382
v 0.031177 0.292778 -0.288102
v 0.027008 -0.015683 -0.201124
v 0.025490 -0.010576 0.137634
v 0.025198 0.064073 -0.024647
v 0.030103 0.085702 -0.014867
v 0.029106 0.382380 0.118062
v 0.024681 -0.348208 -0.066720
v 0.024693 -0.249819 -0.228851
v 0.032992 -0.171702 -0.240207
v 0.024417 0.051547 0.220744
v 0.024333 -0.025950 0.144202
v 0.022264 0.099827 0.260514
v 0.025848 -0.010579 0.219277
v 0.028915 0.016062 -0.022007
v 0.024258 0.037036 0.211250
v 0.026959 0.090813 0.158217
v 0.026800 0.135006 0.277906
v 0.025334 -0.059509 0.187656
v 0.025793 -0.058496 0.208535
v 0.025278 -0.000947 0.209437
v 0.027183 0.035908 -0.163110
v 0.026413 0.024151 0.205641
v 0.026956 0.151898 0.282557
v 0.028199 0.056582 0.142203
v 0.029813 0.031374 -0.027025
v 0.021636 0.342664 0.191216
v 0.026806 -0.352032 -0.101865
v 0.026814 -0.484868 -0.112461
v 0.027068 -0.469875 -0.108875
v 0.026539 0.115800 0.042316
v 0.027755 -0.472018 -0.088250
v 0.027252 0.180960 0.284964
v 0.026951 0.052634 -0.154644
v 0.031567 0.095649 -0.003172
v 0.025236 -0.344486 -0.049804
v 0.028666 0.286533 0.249167
v 0.027409 -0.052357 0.173677
v 0.029429 0.003630 0.136286
v 0.033667 0.134982 -0.242059
v 0.029037 0.123301 -0.230493
v 0.030942 0.051443 -0.029071
v 0.028198 -0.198884 -0.239712
v 0.025867 0.062980 -0.153237
v 0.028165 -0.486315 -0.090884
v 0.028533 -0.484011 -0.125670
v 0.028424 -0.052927 0.217472
v 0.028470 0.043046 0.137529
v 0.034587 0.189113 -0.272760
v 0.026448 0.010273 0.205059
v 0.032700 0.372360 0.130337
v 0.024943 -0.338791 -0.138962
v 0.034702 0.160801 0.086708
v 0.028861 -0.048619 0.229311
v 0.028859 -0.042920 0.163077
v 0.032677 0.450402 -0.200312
v 0.030214 -0.476214 -0.075629
v 0.029116 -0.015752 0.228326
v 0.029900 0.075179 -0.154446
v 0.031174 -0.448752 -0.078115
v 0.034429 -0.014723 -0.007819
v 0.028483 -0.354107 -0.090516
v 0.039635 0.095245 -0.170124
v 0.030184 0.141622 0.181417
v 0.029097 -0.010119 0.209941
v 0.029627 0.478435 -0.156564
v 0.030255 -0.051943 0.199167
v 0.035367 0.400419 0.096755
v 0.031186 0.110498 0.168993
v 0.031427 0.359744 0.155659
v 0.027678 0.204582 0.282816
v 0.031272 0.016852 0.135339
v 0.030136 -0.493846 -0.119318
v 0.026500 0.184542 0.165975
v 0.030195 -0.030978 0.154201
v 0.035741 0.499198 -0.088582
v 0.030136 -0.493381 -0.100076
v 0.032618 -0.263119 0.087700
v 0.028534 -0.306500 0.059202
v 0.030447 0.026828 0.134917
v 0.033932 0.300278 0.235567
v 0.030654 -0.472822 -0.132016
v 0.028175 0.180231 0.104159
v 0.027562 0.387841 -0.259695
v 0.033704 -0.036996 -0.211948
v 0.031174 -0.490201 -0.081061
v 0.031008 -0.348638 -0.058439
v 0.038802 -0.327336 -0.159977
v 0.031770 0.114972 0.265447
v 0.032212 -0.485963 -0.137393
v 0.032033 -0.431002 -0.108744
v 0.030154 -0.344252 -0.128696
v 0.031532 0.231551 0.275310
v 0.032141 -0.020464 0.217848
v 0.031801 -0.047304 0.206378
v 0.032546 -0.488087 -0.072217
v 0.029252 0.073889 0.150391
v 0.031917 0.406972 -0.245935
v 0.031830 -0.494731 -0.128157
v 0.032142 0.081216 0.239968
v 0.031025 0.176196 0.174273
v 0.031572 0.345903 0.180061
v 0.036822 -0.131772 0.072606
v 0.031183 -0.049334 0.186782
v 0.032884 -0.007231 0.200850
v 0.032261 0.193813 0.124783
v 0.036833 -0.295841 0.066291
v 0.037580 0.495075 -0.113879
v 0.032241 -0.038869 0.230030
v 0.030040 -0.440337 -0.094219
v 0.034787 -0.060726 -0.221999
v 0.036953 -0.143460 -0.239168
v 0.032453 0.124747 0.055106
v 0.034200 0.155302 0.183444
v 0.032622 0.005547 0.198936
v 0.034163 -0.335364 -0.149091
v 0.032522 0.063610 0.225025
v 0.030926 -0.017222 0.146045
v 0.037245 -0.120122 -0.236404
v 0.033434 -0.038358 0.216104
v 0.032302 -0.097912 -0.233291
v 0.035029 0.313090 0.222162
v 0.033204 -0.040977 0.175557
v 0.033118 -0.017724 0.206267
v 0.034874 0.428441 0.069584
v 0.033594 -0.198598 0.093749
v 0.034187 -0.031815 0.164881
v 0.032964 -0.440819 -0.121028
v 0.033383 0.031562 0.201461
v 0.031284 0.073011 -0.023777
v 0.033057 -0.361126 -0.098709
v 0.033749 0.050139 0.212712
v 0.033395 0.020618 0.198114
v 0.033436 0.331592 0.200154
v 0.038581 0.465366 -0.177387
v 0.033676 -0.356519 -0.110074
v 0.032595 -0.355826 -0.074574
v 0.034032 -0.408952 -0.098403
v 0.037771 0.112866 0.032038
v 0.044378 0.383471 0.106948
v 0.034441 0.196107 0.138971
v 0.034613 -0.036981 0.190926
v 0.033117 -0.463248 -0.066546
v 0.034134 0.255987 0.264759
v 0.039281 0.175458 -0.266701
v 0.030147 -0.337779 -0.020402
v 0.035543 0.274247 0.253991
v 0.034376 -0.001893 0.142547
v 0.033156 -0.362945 -0.086361
v 0.035527 0.062091 -0.029393
v 0.034779 0.364435 0.142037
v 0.033872 -0.028781 0.225518
v 0.034235 -0.414892 -0.082945
v 0.035945 -0.440388 -0.063577
v 0.036749 0.003480 -0.019144
v 0.034730 -0.483708 -0.061465
v 0.035315 0.048223 0.143126
v 0.042495 -0.021891 -0.200270
v 0.034932 -0.350889 -0.119571
v 0.035592 0.103065 0.254404
v 0.035307 0.085682 -0.159370
v 0.035147 -0.028500 0.202604
v 0.035105 -0.018684 0.198177
v 0.035380 -0.495415 -0.138350
v 0.035812 -0.473151 -0.056427
v 0.035223 0.342372 -0.279022
v 0.037985 0.102032 -0.185422
v 0.035917 -0.498600 -0.111043
v 0.039021 0.154085 0.276407
v 0.035385 -0.472651 -0.141941
v 0.037827 -0.495602 -0.069707
v 0.032594 0.126696 0.177291
v 0.044905 0.129995 -0.233979
v 0.039587 0.043301 -0.152384
v 0.035594 -0.373482 -0.097721
v 0.035803 0.143871 0.073171
v 0.038099 -0.018842 0.170709
v 0.037181 0.140498 0.274073
v 0.035558 -0.393020 -0.092310
v 0.037928 0.365621 -0.270005
v 0.034543 0.128718 0.271143
v 0.036142 0.010146 0.141376
v 0.037751 -0.001090 0.188095
v 0.036154 -0.375966 -0.086092
v 0.037485 -0.019210 0.185254
v 0.036527 -0.010724 0.152518
v 0.032555 -0.342849 -0.038496
v 0.043192 0.364134 0.130359
v 0.035821 0.351053 0.166266
v 0.037044 -0.452666 -0.057193
v 0.036848 -0.497896 -0.087240
v 0.037217 0.165247 0.182203
v 0.037812 0.095127 0.164177
v 0.036917 -0.393134 -0.078826
v 0.039027 0.497652 -0.101405
v 0.036999 -0.384702 -0.105148
v 0.035917 -0.365389 -0.076294
v 0.037037 -0.368603 -0.108150
v 0.036856 0.013097 0.191909
v 0.051374 0.441829 -0.205989
v 0.036670 0.189524 0.111688
v 0.037368 0.068293 -0.147986
v 0.038693 0.246154 -0.285675
v 0.036268 -0.403352 -0.110794
v 0.038109 -0.488166 -0.147678
v 0.037812 0.022372 0.141538
v 0.036610 0.458569 0.032420
v 0.039720 0.119566 -0.220975
v 0.038412 -0.412540 -0.065908
v 0.043128 0.498371 -0.059474
v 0.036630 -0.315639 0.042160
v 0.044627 -0.307390 0.049670
v 0.035950 -0.347674 -0.051434
v 0.038820 0.062772 0.149796
v 0.039454 -0.341494 -0.137474
v 0.040780 0.011614 0.150920
v 0.039739 0.030276 0.191559
v 0.042302 -0.429947 -0.050955
v 0.039238 0.272532 -0.287422
v 0.039516 0.037042 0.143935
v 0.044160 0.214731 -0.278963
v 0.039657 -0.491294 -0.054300
v 0.038376 -0.439418 -0.133867
v 0.039185 -0.411516 -0.123333
v 0.039692 -0.379849 -0.069186
v 0.039886 0.177599 0.278894
v 0.038597 -0.354519 -0.058952
v 0.041264 0.075082 0.224880
v 0.042541 0.006777 -0.178810
v 0.042178 -0.082052 0.038054
v 0.048533 -0.267376 0.078837
v 0.041211 -0.450408 -0.143423
v 0.040598 0.080925 0.159054
v 0.041136 0.003032 0.173840
v 0.041855 0.197510 0.147720
v 0.044448 0.013374 -0.028336
v 0.039558 -0.364079 -0.065069
v 0.042435 -0.499468 -0.125675
v 0.040857 0.045987 0.199986
v 0.041585 0.354739 0.150882
v 0.039308 -0.358624 -0.119504
v 0.040741 0.143681 0.185125
v 0.041104 -0.385073 -0.118801
v 0.045209 0.421878 -0.229694
v 0.042231 0.080012 -0.150436
v 0.041243 0.118668 0.177225
v 0.040814 0.001348 0.159043
v 0.042506 -0.473136 -0.151567
v 0.058558 0.119081 -0.210590
v 0.039768 0.474444 0.007556
v 0.040817 -0.349615 -0.127885
v 0.042557 0.079688 -0.024937
v 0.040376 -0.216820 0.093068
v 0.041836 -0.283428 0.073571
v 0.041837 -0.242463 0.090081
v 0.042625 0.125111 0.262516
v 0.044059 0.321730 0.204440
v 0.052733 -0.201456 -0.233149
v 0.043618 0.098209 0.241766
v 0.058459 -0.288108 -0.196222
v 0.042201 0.202970 0.275871
v 0.047979 0.423623 0.072252
v 0.042484 0.183587 0.172226
v 0.041362 -0.370103 -0.119048
v 0.043764 0.174131 0.180658
v 0.053430 0.148030 0.069930
v 0.052198 -0.069096 0.024022
v 0.042499 0.486605 -0.016318
v 0.044064 0.163885 0.273923
v 0.043375 -0.488740 -0.045252
v 0.045862 0.474803 -0.160105
v 0.042889 0.049986 0.151299
v 0.041088 0.019366 0.183273
v 0.040300 0.189868 0.164462
v 0.043898 0.030386 0.153887
v 0.044309 -0.396597 -0.055474
v 0.042061 0.057608 -0.034164
v 0.043337 0.016202 0.163913
v 0.043379 -0.499423 -0.101299
v 0.042757 0.044075 -0.035251
v 0.047026 0.383610 -0.258682
v 0.044068 0.106092 0.173406
v 0.052247 0.170525 0.087650
v 0.044897 0.155488 0.188175
v 0.054890 0.406861 -0.240289
v 0.048175 -0.030297 -0.002723
v 0.053406 -0.225881 0.087504
v 0.043696 0.069057 -0.031719
v 0.043908 0.227540 0.269556
v 0.045521 0.341829 0.171254
v 0.050068 0.321641 -0.281667
v 0.046304 0.147067 0.268589
v 0.044712 -0.424920 -0.138847
v 0.042360 0.375287 0.115767
v 0.049452 0.156879 -0.254451
v 0.042411 -0.477853 -0.043379
v 0.046197 0.329309 0.191398
v 0.042189 0.494354 -0.039947
v 0.043608 0.060104 -0.143111
v 0.042413 0.029492 -0.032666
v 0.045146 0.136829 0.266133
v 0.044230 0.195403 0.157487
v 0.047516 0.054432 0.189615
v 0.047978 0.308246 0.216675
v 0.046593 0.028473 -0.158258
v 0.045242 0.070272 0.161059
v 0.044176 0.129782 0.183614
v 0.044569 0.198966 0.129942
v 0.045279 -0.376938 -0.055837
v 0.043595 -0.332835 -0.007991
v 0.043918 0.196342 0.120095
v 0.042534 -0.455885 -0.045002
v 0.044602 0.090291 -0.016002
v 0.044790 -0.353761 -0.048689
v 0.043933 -0.498741 -0.078259
v 0.049714 -0.436490 -0.036993
v 0.050400 -0.197717 0.088583
v 0.046113 -0.043436 -0.211094
v 0.048129 0.183233 0.099478
v 0.045712 0.089664 0.168758
v 0.046734 0.250068 0.259559
v 0.054076 0.346349 -0.274164
v 0.047996 -0.151452 0.078378
v 0.047830 -0.484949 -0.158176
v 0.046793 0.043053 0.175245
v 0.045053 -0.177269 0.087223
v 0.046276 -0.499585 -0.141619
v 0.046413 0.089933 -0.157500
v 0.055665 0.200765 -0.272719
v 0.047711 -0.337413 -0.147255
v 0.046144 -0.364537 -0.052799
v 0.045245 -0.109395 0.056946
v 0.046046 0.499842 -0.073517
v 0.051503 -0.064254 -0.218302
v 0.046076 0.277970 0.245187
v 0.043553 -0.339834 -0.028043
v 0.048790 -0.407001 -0.137361
v 0.048568 0.062786 0.168982
v 0.046946 -0.498538 -0.058445
v 0.049741 -0.152061 -0.236300
v 0.057985 -0.130546 0.064841
v 0.048113 -0.080993 -0.225148
v 0.046120 -0.364009 -0.127140
v 0.048176 0.343936 0.159262
v 0.047892 -0.099174 -0.229680
v 0.052294 -0.125569 -0.233131
v 0.049372 0.125808 0.254800
v 0.051490 -0.450889 -0.153482
v 0.048024 -0.497135 -0.048401
v 0.051582 0.195243 0.110015
v 0.049687 0.202287 0.141653
v 0.050110 0.169289 0.187677
v 0.058835 0.183920 -0.265437
v 0.048932 0.074580 -0.141959
v 0.048504 0.488424 -0.131957
v 0.049204 0.300493 -0.284787
v 0.047576 -0.437956 -0.146077
v 0.049332 0.114011 0.182878
v 0.049300 -0.491551 -0.036609
v 0.048674 0.099761 -0.003988
v 0.052886 -0.470857 -0.159726
v 0.047492 0.291536 0.233708
v 0.048148 -0.497205 -0.152443
v 0.050544 -0.356106 -0.133706
v 0.046433 -0.347554 -0.041488
v 0.048193 0.090183 0.226606
v 0.047715 -0.377963 -0.128824
v 0.049951 0.395717 0.094489
v 0.051806 0.361934 0.119576
v 0.049726 0.174694 0.270693
v 0.051801 -0.226139 -0.228753
v 0.056428 0.250928 -0.283001
v 0.061260 0.169289 -0.257722
v 0.051048 -0.316908 0.029214
v 0.049409 0.081687 0.173521
v 0.050588 0.148374 0.192551
v 0.049751 -0.251411 0.084011
v 0.048632 -0.465994 -0.033436
v 0.047969 0.236496 0.263151
v 0.051316 0.100636 0.183061
v 0.051918 0.086313 0.185127
v 0.050977 -0.346546 -0.137906
v 0.054384 0.097386 0.204885
v 0.059304 -0.499956 -0.085288
v 0.049629 0.350922 0.140098
v 0.056560 -0.014234 -0.018772
v 0.051521 0.052855 -0.041686
v 0.051851 0.260648 0.249988
v 0.054181 0.039378 -0.043154
v 0.056490 0.095524 -0.158598
v 0.050936 0.063446 -0.039671
v 0.052079 0.084309 -0.147053
v 0.051842 0.157541 0.264911
v 0.054786 0.141400 -0.241411
v 0.070624 0.182785 0.086694
v 0.050840 0.201839 0.268876
v 0.051339 -0.482117 -0.029422
v 0.054319 0.494101 -0.113026
v 0.053662 0.133935 0.194704
v 0.053420 0.120456 0.242638
v 0.053177 0.183372 0.180527
v 0.054596 0.498760 -0.092080
v 0.053741 0.195910 0.167773
v 0.055164 0.086708 -0.027997
v 0.052500 -0.295948 0.057650
v 0.051517 0.051824 -0.138840
v 0.053968 0.202585 0.154679
v 0.048380 -0.498715 -0.069569
v 0.054372 0.105604 0.223735
v 0.054477 0.116044 0.194442
v 0.054754 0.063475 -0.133016
v 0.052805 -0.361516 -0.042805
v 0.052994 -0.379070 -0.043295
v 0.051265 0.038412 -0.146798
v 0.059324 -0.101061 0.044907
v 0.053277 0.161857 0.193710
v 0.055413 0.332058 0.168089
v 0.059965 0.391710 -0.249727
v 0.055885 0.023754 -0.039704
v 0.055499 -0.492291 -0.162514
v 0.058178 -0.371676 -0.138785
v 0.054308 0.185358 0.265628
v 0.052482 0.076046 -0.035011
v 0.053324 0.202158 0.120343
v 0.054948 0.449404 0.043951
v 0.057383 0.319671 0.186962
v 0.056504 -0.031138 -0.199749
v 0.055013 0.223547 0.261167
v 0.056105 -0.015884 -0.189359
v 0.059044 -0.327693 -0.156554
v 0.056591 0.295730 0.219357
v 0.057539 0.124541 0.208294
v 0.055221 0.466004 0.021121
v 0.055477 0.485940 -0.015684
v 0.054593 0.314020 0.200977
v 0.058715 0.478452 -0.148633
v 0.055569 0.495681 -0.044858
v 0.057901 -0.418722 -0.149218
v 0.058387 0.433666 0.059595
v 0.064474 0.131634 -0.227567
v 0.055373 -0.245900 -0.221802
v 0.065556 0.377917 -0.256371
v 0.059761 0.191175 0.099564
v 0.059843 0.412606 0.077659
v 0.057168 0.145230 0.250931
v 0.055620 0.243877 0.253911
v 0.055957 -0.343776 -0.030759
v 0.057936 -0.388049 -0.141535
v 0.057347 0.170000 0.259686
v 0.055632 0.149301 0.199886
v 0.058202 0.208381 0.132461
v 0.058469 0.349276 0.121541
v 0.058990 0.073007 -0.129959
v 0.055912 -0.452007 -0.026351
v 0.057052 -0.336876 -0.021126
v 0.060134 -0.401877 -0.030956
v 0.057966 0.097794 -0.014763
v 0.057059 0.268204 0.240892
v 0.059156 0.337429 0.136164
v 0.057981 -0.495494 -0.028643
v 0.057171 -0.470805 -0.022730
v 0.059343 -0.359291 -0.139659
v 0.064300 0.032997 -0.052585
v 0.058577 0.292052 -0.283670
v 0.059812 0.047970 -0.051092
v 0.058481 0.274520 -0.284166
v 0.061752 0.363495 -0.265074
v 0.058113 -0.338798 -0.146486
v 0.064308 -0.452820 -0.162245
v 0.058782 0.141748 0.208343
v 0.058823 0.463324 -0.174331
v 0.065394 -0.308196 0.033324
v 0.059739 0.060181 -0.050341
v 0.059711 0.172549 0.198294
v 0.060494 0.081884 -0.135682
v 0.065240 -0.052236 0.003128
v 0.062494 0.225771 -0.277630
v 0.059045 -0.499269 -0.041678
v 0.060257 0.054515 -0.126893
v 0.074262 0.109253 -0.003357
v 0.059639 0.138905 0.234915
v 0.061897 -0.002859 -0.174047
v 0.063375 0.008046 -0.038593
v 0.059708 0.364855 0.108638
v 0.062099 0.062738 -0.121833
v 0.061201 0.211325 0.146204
v 0.059915 0.281938 0.227054
v 0.058373 0.199180 0.260196
v 0.062070 -0.499827 -0.059213
v 0.061077 0.499121 -0.077973
v 0.058060 -0.049349 -0.209001
v 0.061793 0.491555 -0.034090
v 0.060790 0.300158 0.207889
v 0.060301 0.497538 -0.056357
v 0.059760 0.072543 -0.045102
v 0.061284 0.131542 0.050101
v 0.059372 0.159799 0.204701
v 0.059257 -0.433306 -0.025497
v 0.061412 -0.354679 -0.033389
v 0.059154 -0.499375 -0.153046
v 0.063422 -0.080159 -0.218823
v 0.065218 -0.118440 0.053914
v 0.074493 -0.093621 0.029480
v 0.063597 0.190980 0.250461
v 0.060989 -0.482164 -0.166637
v 0.060862 0.205712 0.164482
v 0.053530 -0.176806 -0.234606
v 0.060842 -0.348768 -0.142348
v 0.068181 -0.145333 -0.229343
v 0.064235 -0.240859 0.079643
v 0.058597 0.231956 0.253942
v 0.060223 -0.100776 -0.225692
v 0.062325 -0.485858 -0.018599
v 0.061837 0.167006 0.248009
v 0.063101 -0.370724 -0.032826
v 0.070351 0.439924 -0.199036
v 0.062512 0.153124 0.229395
v 0.071801 -0.000421 -0.161395
v 0.059970 0.121157 0.034781
v 0.063202 0.199985 0.104810
v 0.060953 0.185430 0.191712
v 0.068853 -0.010731 -0.031199
v 0.062344 0.206155 0.112543
v 0.059209 0.043887 -0.134609
v 0.063319 0.325426 0.143411
v 0.063552 -0.272079 -0.206365
v 0.065529 -0.225167 0.081798
v 0.063272 0.024658 -0.146165
v 0.063011 0.220214 0.250606
v 0.064029 0.318096 0.166388
v 0.064184 0.091620 -0.144658
v 0.060296 0.196557 0.178779
v 0.056790 0.111712 0.018145
v 0.064732 0.173057 0.214533
v 0.063427 0.487620 -0.127379
v 0.063582 0.207003 0.250827
v 0.063234 0.212588 0.122391
v 0.063813 -0.460948 -0.017488
v 0.063193 0.245328 0.243934
v 0.063804 -0.207057 0.083907
v 0.068006 0.448787 0.038558
v 0.065681 0.284991 0.213384
v 0.065411 0.301346 0.193709
v 0.062508 0.084128 -0.038496
v 0.065973 0.093582 -0.029332
v 0.065704 0.180449 0.239402
v 0.069482 0.424427 0.063363
v 0.064176 -0.495294 -0.165981
v 0.056818 -0.309031 -0.176526
v 0.066052 0.327246 0.125003
v 0.065366 0.494558 -0.103433
v 0.067216 0.191008 0.206059
v 0.064466 -0.175219 0.079154
v 0.065315 0.050508 -0.059734
v 0.065738 0.069165 -0.057068
v 0.071001 0.475493 -0.146415
v 0.067285 0.182525 0.226864
v 0.065360 0.419527 -0.224605
v 0.068814 0.083852 -0.125120
v 0.069106 0.035972 -0.125513
v 0.070176 -0.027194 -0.187831
v 0.064759 0.345597 0.114802
v 0.067188 0.314347 0.142415
v 0.065068 0.263483 0.231727
v 0.073532 -0.384957 -0.023327
v 0.067737 -0.046917 -0.202798
v 0.067876 0.468460 -0.159985
v 0.065086 -0.255735 0.074319
v 0.069063 0.194257 0.216011
v 0.073390 0.012319 -0.052584
v 0.068448 -0.394566 -0.149780
v 0.067189 -0.189869 0.080731
v 0.059465 -0.302340 0.046042
v 0.067971 0.222490 0.136752
v 0.068162 0.201879 0.237429
v 0.071666 0.484681 -0.023620
v 0.068824 -0.473949 -0.012448
v 0.067296 -0.345298 -0.026197
v 0.068769 0.214424 0.237127
v 0.066507 0.306718 0.180500
v 0.067688 -0.335197 -0.151010
v 0.067195 0.050949 -0.115899
v 0.074321 0.101473 -0.152700
v 0.067563 0.212196 0.174942
v 0.067567 0.228657 0.240084
v 0.075459 -0.128699 0.054380
v 0.065875 0.198954 0.190308
v 0.075739 0.368181 0.095080
v 0.072297 0.205080 -0.269159
v 0.066897 0.275869 0.219544
v 0.071835 0.197757 0.095657
v 0.069764 -0.166406 -0.229622
v 0.081972 -0.500000 -0.141047
v 0.069289 0.286496 0.201465
v 0.067478 0.079798 -0.051211
v 0.070118 -0.113691 -0.223914
v 0.069275 -0.440490 -0.015877
v 0.072599 -0.142394 0.063195
v 0.070644 0.338704 -0.271961
v 0.066988 0.062166 -0.111124
v 0.071399 0.210778 0.104403
v 0.067822 -0.355585 -0.144286
v 0.070578 0.205771 0.223410
v 0.060456 -0.327700 -0.003641
v 0.063054 -0.284064 0.060785
v 0.071010 0.149415 0.062675
v 0.083563 0.181975 -0.255697
v 0.067406 0.219247 0.154527
v 0.078281 0.256927 -0.277897
v 0.066830 0.074204 -0.117477
v 0.069067 0.306231 0.162687
v 0.068212 0.216011 0.113989
v 0.068400 0.062358 -0.068156
v 0.069321 -0.497632 -0.020470
v 0.068187 -0.342878 -0.147353
v 0.077334 -0.238371 0.072239
v 0.071336 0.212107 0.198878
v 0.068627 -0.157651 0.071894
v 0.081853 -0.067705 0.000572
v 0.066124 0.471765 0.006353
v 0.069872 0.263038 0.220501
v 0.075491 0.093843 -0.132400
v 0.071157 0.299678 0.151053
v 0.074733 -0.499863 -0.029010
v 0.071510 0.320234 0.117212
v 0.069331 0.223686 0.121566
v 0.069574 0.384892 0.090480
v 0.075011 0.020936 -0.061420
v 0.079932 0.104988 -0.023435
v 0.070022 0.155216 -0.246560
v 0.069771 0.038449 -0.063420
v 0.070102 0.335035 0.112896
v 0.072000 0.292980 0.177777
v 0.078500 0.006062 -0.144568
v 0.069140 -0.374315 -0.145867
v 0.070696 -0.487723 -0.170636
v 0.071263 0.050613 -0.074759
v 0.073622 0.350699 0.103101
v 0.070909 0.051765 -0.103302
v 0.070544 0.062038 -0.097222
v 0.069983 0.311468 0.127748
v 0.070559 0.076980 -0.061983
v 0.072202 0.406453 0.075791
v 0.072390 0.226818 0.221871
v 0.073370 0.038701 -0.112104
v 0.071190 0.250229 0.224578
v 0.071370 0.060756 -0.082901
v 0.075629 0.438553 0.046124
v 0.070773 -0.499810 -0.154916
v 0.077966 0.125955 0.030408
v 0.072236 0.226226 0.172138
v 0.071259 -0.414338 -0.019405
v 0.064255 -0.063262 -0.212407
v 0.071758 0.073143 -0.101956
v 0.077397 0.146625 -0.236463
v 0.072045 -0.489348 -0.012243
v 0.072680 0.233908 0.149348
v 0.072026 0.296761 0.135155
v 0.072121 0.233575 0.134101
v 0.081867 0.129965 -0.215687
v 0.073528 0.093000 -0.040810
v 0.072690 -0.361373 -0.026578
v 0.074229 0.490807 -0.044463
v 0.078041 0.488763 -0.107142
v 0.072264 0.269230 0.208083
v 0.072062 -0.084978 -0.216022
v 0.072757 0.074438 -0.075247
v 0.073495 0.048389 -0.089740
v 0.074070 0.227432 0.202299
v 0.070783 -0.334257 -0.017946
v 0.073031 -0.497615 -0.166362
v 0.068905 -0.271455 0.064884
v 0.073337 0.279001 0.192239
v 0.075272 -0.114926 0.045660
v 0.072931 0.071756 -0.087970
v 0.074221 0.254324 0.208147
v 0.074202 0.280070 0.137298
v 0.077863 -0.295805 -0.182855
v 0.071359 -0.427857 -0.159488
v 0.079597 0.365908 -0.257289
v 0.081503 -0.035464 -0.025333
v 0.074202 0.241645 0.212179
v 0.075281 0.494482 -0.075407
v 0.074481 0.282435 0.151075
v 0.075143 0.243278 0.162156
v 0.074835 0.280077 0.171346
v 0.074426 0.476316 -0.007412
v 0.074719 0.251182 0.135840
v 0.075027 0.040196 -0.079083
v 0.073300 0.222971 0.110601
v 0.073669 0.235058 0.120835
v 0.075243 0.263926 0.192570
v 0.074481 0.245636 0.126854
v 0.074545 0.313587 -0.277058
v 0.073409 0.459403 0.021387
v 0.068354 -0.318305 -0.164406
v 0.074386 0.294646 0.122759
v 0.074879 0.493574 -0.094307
v 0.071870 -0.129283 -0.225783
v 0.075853 0.246111 0.192023
v 0.075220 0.266518 0.130120
v 0.075637 -0.457336 -0.009557
v 0.075300 0.307299 0.115929
v 0.082901 -0.025653 -0.173276
v 0.076925 0.029019 -0.071559
v 0.076277 0.277601 0.123262
v 0.081134 0.212343 0.096446
v 0.075912 0.088492 -0.054262
v 0.075911 0.083188 -0.107256
v 0.076225 0.262211 0.157869
v 0.076729 0.257719 0.120977
v 0.082606 0.462488 0.009482
v 0.079439 -0.047889 -0.194242
v 0.074790 -0.058436 -0.203651
v 0.087554 -0.145331 0.054952
v 0.074292 -0.256568 -0.211033
v 0.078056 0.085655 -0.067925
v 0.076404 0.483049 -0.126756
v 0.076780 -0.071274 -0.208158
v 0.084623 -0.390941 -0.016195
v 0.078696 -0.481962 -0.007046
v 0.079245 0.083905 -0.086968
v 0.077661 0.285799 -0.278954
v 0.089920 -0.098696 0.020073
v 0.081772 -0.252774 0.064690
v 0.079578 0.017161 -0.128506
v 0.077910 0.245622 0.114161
v 0.085121 0.235166 -0.272039
v 0.094176 0.321661 0.095504
v 0.078413 -0.497644 -0.014216
v 0.078089 0.268249 0.117724
v 0.073825 0.166099 0.073796
v 0.086708 -0.217351 -0.217800
v 0.078811 -0.305064 0.025482
v 0.076664 -0.295091 0.040488
v 0.078021 -0.243292 -0.215198
v 0.081094 -0.094155 -0.212937
v 0.078618 0.491807 -0.060588
v 0.074048 -0.323361 -0.002708
v 0.080473 0.287594 0.112385
v 0.079529 -0.483195 -0.173758
v 0.079183 -0.339697 -0.150876
v 0.092793 0.349014 -0.259437
v 0.079269 -0.494229 -0.172159
v 0.084488 -0.127300 0.047051
v 0.081474 -0.431792 -0.010137
v 0.093762 0.327820 -0.265964
v 0.077756 0.233644 0.109608
v 0.076763 0.038358 -0.099577
v 0.083513 -0.399908 -0.157706
v 0.082538 0.119594 0.014016
v 0.084937 0.112893 -0.174244
v 0.081477 0.119946 -0.196676
v 0.087883 0.154730 0.057531
v 0.079827 -0.348085 -0.022537
v 0.084052 0.094493 -0.115132
v 0.083096 0.454377 -0.171019
v 0.085068 -0.123391 -0.217226
v 0.079167 -0.353666 -0.148767
v 0.086303 0.101361 -0.042614
v 0.080776 -0.469023 -0.172722
v 0.080806 -0.197983 -0.223542
v 0.091111 -0.018785 -0.155286
v 0.084841 0.423476 0.054513
v 0.081665 -0.156893 -0.223792
v 0.083661 0.006270 -0.062550
v 0.083871 -0.174764 -0.223021
v 0.080821 -0.498935 -0.162588
v 0.085451 -0.143229 -0.220304
v 0.081445 -0.278880 -0.194926
v 0.082420 0.226223 0.101748
v 0.082407 0.022567 -0.110947
v 0.082652 -0.375885 -0.152134
v 0.089898 -0.262491 -0.201089
v 0.078225 -0.230658 -0.218733
v 0.083241 -0.225296 0.070953
v 0.088863 0.094974 -0.095255
v 0.082904 0.255450 0.108714
v 0.088487 0.103867 -0.137668
v 0.081292 -0.469694 -0.005495
v 0.085905 0.474387 -0.133980
v 0.087219 0.096332 -0.061829
v 0.081049 0.314181 0.107677
v 0.088085 -0.264595 0.053515
v 0.083639 0.452355 0.023383
v 0.086463 -0.116252 0.037728
v 0.083526 -0.280651 0.047526
v 0.085872 -0.311737 0.007037
v 0.086616 0.093088 -0.077471
v 0.088606 0.142247 -0.226853
v 0.082203 -0.329292 -0.014199
v 0.086540 0.018643 -0.097876
v 0.083212 0.016461 -0.073091
v 0.081724 -0.006855 -0.047984
v 0.086688 -0.489931 -0.004871
v 0.093733 -0.005624 -0.134094
v 0.093640 -0.293757 -0.176677
v 0.086952 0.476899 -0.022307
v 0.087743 -0.209493 0.069400
v 0.097810 -0.076436 -0.009156
v 0.086952 0.243831 0.102787
v 0.096036 0.292217 0.097941
v 0.095673 0.372256 0.079805
v 0.081639 -0.161174 0.065382
v 0.086026 -0.364206 -0.020307
v 0.089670 -0.458349 -0.003453
v 0.088490 -0.428768 -0.165945
v 0.082529 0.024945 -0.085856
v 0.078106 -0.325664 -0.157508
v 0.087361 0.270004 0.105537
v 0.096337 -0.244351 -0.205722
v 0.090883 -0.293853 0.026163
v 0.087676 -0.322357 -0.008930
v 0.087406 -0.339151 -0.019411
v 0.090523 0.461791 -0.151893
v 0.088405 -0.187149 0.067968
v 0.088576 -0.499615 -0.016195
v 0.089814 -0.488375 -0.175783
v 0.091994 -0.343231 -0.151908
v 0.089513 -0.100520 -0.208201
v 0.084740 0.403023 0.070330
v 0.094302 -0.230048 -0.211384
v 0.090255 -0.237859 0.062974
v 0.089889 0.437193 0.036473
v 0.090262 -0.478914 -0.002191
v 0.102758 0.231968 0.088431
v 0.090194 -0.499111 -0.166760
v 0.096149 0.104223 -0.121739
v 0.089378 -0.331282 -0.154148
v 0.098585 0.112858 -0.155564
v 0.093332 0.479645 -0.041710
v 0.089453 0.485591 -0.056675
v 0.102475 0.156886 -0.233346
v 0.095171 -0.433420 -0.005071
v 0.100967 0.268273 0.094737
v 0.095332 -0.245901 0.055403
v 0.092825 -0.166611 0.059494
v 0.103060 -0.096921 0.003509
v 0.090427 0.007564 -0.078204
v 0.093643 -0.050523 -0.180285
v 0.091154 -0.073899 -0.197079
v 0.101105 -0.114882 0.021389
v 0.098147 -0.275292 0.035067
v 0.097356 -0.275827 -0.187778
v 0.096785 -0.378052 -0.156604
v 0.096673 0.440625 0.025120
v 0.092548 0.142615 0.043016
v 0.098519 0.453895 0.004301
v 0.105905 0.107439 -0.102340
v 0.099229 -0.141888 -0.210051
v 0.091001 0.481428 -0.108455
v 0.095281 -0.159028 -0.215688
v 0.091132 0.486398 -0.076777
v 0.094802 -0.350274 -0.019585
v 0.095811 0.482116 -0.090941
v 0.099599 0.103058 -0.077384
v 0.095332 -0.358080 -0.153331
v 0.093839 0.006657 -0.090798
v 0.096847 -0.224859 0.060313
v 0.096250 -0.190547 0.061984
v 0.086704 0.385621 -0.243096
v 0.093269 0.427960 -0.201424
v 0.095072 -0.314969 -0.006772
v 0.092090 0.004335 -0.119339
v 0.100386 -0.118921 -0.203667
v 0.100954 0.124329 0.003318
v 0.091967 -0.023447 -0.045063
v 0.098141 0.133498 0.026086
v 0.093383 0.007025 -0.105806
v 0.100040 -0.207550 0.059289
v 0.095364 0.412119 -0.218424
v 0.093888 -0.004030 -0.067389
v 0.098646 -0.014988 -0.059452
v 0.085075 -0.309850 -0.167448
v 0.100269 -0.257688 0.044477
v 0.110656 0.229333 -0.260598
v 0.096722 -0.328005 -0.016544
v 0.098023 -0.406788 -0.162956
v 0.093793 -0.320949 -0.157500
v 0.097071 -0.132250 0.039547
v 0.097893 -0.096187 -0.198893
v 0.099544 0.139944 -0.220005
v 0.098748 -0.497498 -0.007411
v 0.095422 0.396881 -0.231911
v 0.099385 -0.451787 -0.172818
v 0.106367 -0.226186 0.050137
v 0.097029 -0.037400 -0.037248
v 0.099864 -0.485916 -0.000548
v 0.093261 0.176114 0.069383
v 0.098975 -0.497057 -0.173158
v 0.098865 0.467893 -0.129614
v 0.100061 -0.484182 -0.177708
v 0.099718 -0.001616 -0.083798
v 0.099305 -0.202522 -0.213810
v 0.101579 -0.154650 0.047330
v 0.099878 -0.183975 -0.213708
v 0.106317 -0.239162 0.046163
v 0.100205 0.118533 -0.179163
v 0.094584 0.391250 0.070832
v 0.102644 -0.499890 -0.160572
v 0.101844 -0.059948 -0.025158
v 0.101904 -0.340314 -0.019537
v 0.111459 0.351164 0.076285
v 0.102576 -0.469293 -0.176545
v 0.101151 0.412852 0.050591
v 0.102129 -0.368565 -0.016054
v 0.101371 0.477988 -0.066146
v 0.099616 -0.473050 -0.000019
v 0.101559 0.131762 -0.209459
v 0.102393 -0.002440 -0.097028
v 0.115090 -0.500000 -0.144218
v 0.101199 0.367213 -0.248530
v 0.117037 0.312599 -0.261102
v 0.109562 -0.284914 0.008520
v 0.101723 -0.172839 0.053564
v 0.102126 -0.004236 -0.111308
v 0.106888 -0.295140 -0.166182
v 0.108117 -0.035161 -0.150328
v 0.101924 -0.301357 0.001796
v 0.106171 -0.441469 -0.002968
v 0.101213 0.124306 -0.195998
v 0.103215 0.462429 -0.016794
v 0.102665 -0.326521 -0.154016
v 0.106378 0.110756 -0.052974
v 0.102641 -0.314214 -0.011883
v 0.101501 -0.304219 -0.163793
v 0.104090 -0.008564 -0.075749
v 0.108407 -0.280962 -0.175095
v 0.104066 -0.258350 -0.193697
v 0.104140 -0.022930 -0.055402
v 0.111625 -0.265181 0.023211
v 0.115700 0.306815 0.082853
v 0.105743 -0.429396 -0.169206
v 0.107080 0.421483 0.035837
v 0.109206 -0.163251 -0.205442
v 0.105054 -0.019923 -0.136790
v 0.108071 0.465685 -0.035411
v 0.102488 0.436161 -0.184078
v 0.105405 0.111538 -0.132135
v 0.107804 -0.144087 0.035358
v 0.109878 0.186380 0.064741
v 0.106468 -0.491546 -0.177048
v 0.112675 -0.203557 0.046049
v 0.107926 -0.320368 -0.018557
v 0.112356 -0.126989 0.017885
v 0.112744 -0.186379 0.045122
v 0.107578 0.407432 -0.220314
v 0.111997 0.370369 0.067985
v 0.111878 -0.361970 -0.017490
v 0.107061 -0.315212 -0.155484
v 0.109515 -0.233539 -0.200486
v 0.110042 -0.422913 -0.005392
v 0.106130 0.148665 -0.226200
v 0.108410 -0.007819 -0.089130
v 0.110256 -0.329762 -0.021229
v 0.110567 0.451336 -0.145940
v 0.109260 0.465090 -0.115357
v 0.108753 -0.219013 -0.204403
v 0.109247 0.122648 -0.013994
v 0.114391 -0.202674 -0.202378
v 0.108453 0.161625 0.049463
v 0.103834 0.443742 -0.169156
v 0.115490 -0.141648 -0.193894
v 0.108674 0.384592 -0.237597
v 0.107863 -0.045618 -0.037015
v 0.118155 0.183642 -0.242418
v 0.109092 -0.338141 -0.152344
v 0.112111 0.387541 0.058454
v 0.110664 -0.493052 -0.002876
v 0.109010 0.470035 -0.053734
v 0.108582 -0.480302 0.000686
v 0.116948 0.446430 -0.012696
v 0.113308 -0.184336 -0.203765
v 0.112702 -0.167126 0.040253
v 0.107850 0.471486 -0.096611
v 0.110402 0.437174 0.012768
v 0.110091 -0.059699 -0.165596
v 0.112665 -0.465737 0.000025
v 0.113449 0.117314 -0.159717
v 0.112653 -0.499465 -0.014142
v 0.109565 -0.013005 -0.118265
v 0.110511 -0.016220 -0.068001
v 0.109052 0.397757 -0.228576
v 0.110356 0.471538 -0.076714
v 0.125447 -0.499997 -0.033755
v 0.111972 -0.031776 -0.048451
v 0.112906 0.148058 0.032159
v 0.109472 0.134947 0.016305
v 0.118952 -0.224947 0.033942
v 0.111572 -0.009939 -0.102323
v 0.111649 0.139118 -0.217328
v 0.112585 -0.301975 -0.012311
v 0.121946 -0.216042 -0.193053
v 0.114095 0.119456 -0.182610
v 0.111363 -0.399254 -0.163109
v 0.111017 0.421416 -0.203566
v 0.115134 -0.345095 -0.020836
v 0.116605 0.117382 -0.144807
v 0.114953 -0.065859 -0.028160
v 0.112787 -0.246121 0.034217
v 0.120049 0.392913 0.046827
v 0.114420 0.128506 -0.206299
v 0.113814 0.122682 -0.194503
v 0.117900 0.461297 -0.098314
v 0.114764 -0.053772 -0.033932
v 0.117637 -0.150462 0.026476
v 0.112972 -0.080124 -0.019508
v 0.114087 -0.012275 -0.080702
v 0.115832 -0.251804 -0.186587
v 0.115940 0.371657 -0.243251
v 0.120729 0.258222 -0.261627
v 0.118277 -0.442601 -0.003622
v 0.118895 -0.115038 -0.000745
v 0.115559 -0.448961 -0.173412
v 0.115536 -0.491152 -0.177284
v 0.113347 -0.077702 -0.171454
v 0.123164 0.120590 -0.131135
v 0.119608 -0.093574 -0.017234
v 0.116638 -0.028783 -0.135891
v 0.112687 0.340322 -0.255657
v 0.116225 -0.328379 -0.151060
v 0.120234 0.407020 0.033837
v 0.116123 0.415178 -0.211324
v 0.114744 -0.301908 -0.156645
v 0.123963 0.125798 -0.033247
v 0.121716 0.117543 -0.079344
v 0.117961 -0.426511 -0.169157
v 0.125547 -0.336920 -0.025706
v 0.117213 0.427564 -0.191006
v 0.117890 0.217465 0.073574
v 0.126234 0.440136 -0.137229
v 0.120371 -0.274204 -0.166796
v 0.116591 0.434975 -0.174195
v 0.117315 -0.099193 -0.175522
v 0.122815 0.280013 0.079762
v 0.117965 -0.023217 -0.057830
v 0.117914 -0.015326 -0.111085
v 0.118592 -0.475347 -0.000680
v 0.117321 0.118495 -0.171877
v 0.119248 -0.045830 -0.149587
v 0.124916 -0.106873 -0.014402
v 0.118411 -0.011988 -0.091179
v 0.126676 0.418500 0.012205
v 0.120783 -0.372251 -0.157299
v 0.125579 -0.275305 -0.010400
v 0.118815 -0.315765 -0.150018
v 0.122672 0.201631 0.063720
v 0.121379 -0.165622 -0.193286
v 0.117670 -0.290254 -0.159846
v 0.121865 0.409225 -0.219693
v 0.121865 -0.040874 -0.040241
v 0.120126 -0.485981 -0.002030
v 0.120860 -0.056972 -0.155044
v 0.119804 -0.022346 -0.124334
v 0.117788 -0.477327 -0.177494
v 0.124398 -0.363752 -0.019368
v 0.120800 0.258233 0.080492
v 0.124813 0.385670 -0.236978
v 0.122662 -0.414029 -0.008695
v 0.123138 -0.302530 -0.025058
v 0.123129 -0.243304 0.018587
v 0.123413 -0.497033 -0.008888
v 0.121091 0.154957 -0.227739
v 0.128267 0.154267 0.023095
v 0.117771 -0.499144 -0.167340
v 0.122421 0.447594 -0.027402
v 0.123424 -0.319698 -0.027090
v 0.128799 -0.243630 -0.174509
v 0.124655 -0.185920 0.028403
v 0.121912 -0.016140 -0.070454
v 0.127444 -0.133637 0.000311
v 0.122901 -0.228500 -0.188509
v 0.121580 -0.166919 0.027945
v 0.122465 0.140805 0.010762
v 0.123141 -0.037911 -0.141092
v 0.124536 -0.202530 -0.192872
v 0.121515 0.145433 -0.222319
v 0.128691 -0.032327 -0.044474
v 0.123112 -0.084151 -0.023922
v 0.123270 0.399936 -0.227701
v 0.123798 -0.013889 -0.101899
v 0.123207 0.116388 -0.190217
v 0.112609 0.334195 0.080011
v 0.123264 -0.208500 0.031186
v 0.120537 0.457050 -0.048591
v 0.123875 -0.074680 -0.027063
v 0.127140 0.423063 -0.202554
v 0.134023 0.242986 -0.254983
v 0.127542 0.185032 0.050339
v 0.125637 0.119369 -0.155022
v 0.128457 -0.116995 -0.167474
v 0.124368 -0.086027 -0.165454
v 0.129103 0.121907 -0.143786
v 0.124208 0.436207 -0.154865
v 0.125534 -0.058983 -0.031195
v 0.130169 0.387630 0.037895
v 0.125772 -0.188578 -0.191438
v 0.125016 0.454957 -0.061593
v 0.126810 0.118665 -0.203299
v 0.129420 0.443011 -0.118002
v 0.126188 0.114011 -0.180550
v 0.127636 -0.025128 -0.052157
v 0.125782 -0.012979 -0.081812
v 0.126632 0.454241 -0.076143
v 0.126798 0.130372 -0.213348
v 0.126617 -0.487490 -0.176156
v 0.127925 0.451143 -0.093016
v 0.126486 0.134444 -0.011182
v 0.128130 -0.456590 -0.004447
v 0.128359 0.287335 -0.259767
v 0.126875 -0.306503 -0.146521
v 0.130550 -0.031872 -0.133625
v 0.127160 0.238562 0.073146
v 0.126998 0.428267 -0.183742
v 0.128653 -0.327387 -0.146864
v 0.128771 -0.292213 -0.147237
v 0.126811 0.370302 0.053802
v 0.127738 0.429748 -0.170725
v 0.127930 0.324304 -0.255783
v 0.130009 -0.473915 -0.004001
v 0.125724 0.166455 0.038336
v 0.131063 -0.048977 -0.033588
v 0.129408 -0.018284 -0.113721
v 0.132199 -0.357630 -0.151666
v 0.130633 0.341570 0.062136
v 0.129344 -0.152136 -0.179342
v 0.134451 -0.102020 -0.159593
v 0.131608 -0.431150 -0.168295
v 0.127817 0.215817 -0.250727
v 0.133283 -0.427709 -0.009839
v 0.134435 0.145794 0.001076
v 0.131156 -0.166468 0.012216
v 0.130177 -0.050494 -0.146696
v 0.131142 0.351742 -0.249028
v 0.131292 0.109608 -0.197072
v 0.131073 -0.012696 -0.093106
v 0.136243 0.412007 -0.222550
v 0.129317 -0.098974 -0.022260
v 0.132309 0.418775 -0.212256
v 0.137078 -0.145990 -0.008812
v 0.129063 -0.488597 -0.005459
v 0.127942 -0.499819 -0.159518
v 0.134540 0.217159 0.060964
v 0.133007 0.105425 -0.188884
v 0.135507 -0.320030 -0.035500
v 0.130547 0.115143 -0.167799
v 0.132468 0.426624 -0.195593
v 0.131899 -0.219654 -0.180176
v 0.141768 0.281593 0.064533
v 0.135830 -0.243000 -0.005773
v 0.132390 0.170559 -0.233401
v 0.131153 -0.091432 -0.024901
v 0.131345 -0.065346 -0.152343
v 0.135921 -0.017901 -0.058520
v 0.135960 0.322736 0.063330
v 0.137530 0.439743 -0.085798
v 0.134312 0.440773 -0.051097
v 0.136562 -0.351982 -0.028185
v 0.137908 0.396452 0.017621
v 0.131690 -0.118263 -0.015892
v 0.138632 0.157310 0.012983
v 0.134200 0.195019 -0.242565
v 0.136731 0.395528 -0.235258
v 0.134462 -0.079865 -0.024604
v 0.138728 -0.036948 -0.036739
v 0.136856 -0.255463 -0.154090
v 0.132450 -0.206500 -0.182467
v 0.134015 -0.013059 -0.072767
v 0.135666 0.425218 -0.152676
v 0.135302 0.423315 -0.013051
v 0.135955 0.298323 0.067978
v 0.133846 -0.184929 -0.181191
v 0.144846 -0.025141 -0.043501
v 0.136084 -0.024211 -0.124055
v 0.140851 0.434886 -0.069190
v 0.133848 -0.107831 -0.023331
v 0.134419 -0.286247 -0.032295
v 0.134296 0.139454 -0.220658
v 0.134140 -0.495323 -0.172175
v 0.134803 0.106589 -0.176858
v 0.134894 -0.390001 -0.017714
v 0.136919 -0.014064 -0.104066
v 0.138637 0.153102 -0.226970
v 0.143148 0.376852 0.027953
v 0.133587 -0.302431 -0.035333
v 0.135573 0.426198 -0.179038
v 0.136122 -0.204598 0.009387
v 0.137535 0.168123 0.027182
v 0.141997 0.102541 -0.205955
v 0.131638 0.366263 -0.245402
v 0.136155 0.433831 -0.036184
v 0.139656 0.095356 -0.184721
v 0.136020 0.367230 0.044599
v 0.143301 0.090262 -0.195658
v 0.135350 -0.305170 -0.139472
v 0.140100 0.404133 -0.231485
v 0.137420 -0.220875 0.002894
v 0.143800 -0.009530 -0.083627
v 0.139829 0.425119 -0.208200
v 0.135328 -0.137329 -0.165468
v 0.140674 0.265635 -0.256308
v 0.137746 -0.061813 -0.026396
v 0.136194 0.123110 -0.149378
v 0.137599 -0.319525 -0.140021
v 0.135943 -0.484004 -0.174516
v 0.140431 -0.292289 -0.133466
v 0.142824 0.116655 -0.214135
v 0.136756 0.117152 -0.159637
v 0.141229 -0.163065 -0.164762
v 0.144762 -0.500000 -0.081568
v 0.135278 0.200119 0.052700
v 0.137326 -0.482977 -0.008229
v 0.142031 0.183628 0.035289
v 0.143288 -0.262422 -0.034499
v 0.134445 -0.386446 -0.157742
v 0.140644 -0.344273 -0.144226
v 0.143028 0.335222 -0.252377
v 0.137340 0.422853 -0.168908
v 0.138309 0.427684 -0.187388
v 0.140621 -0.466514 -0.009456
v 0.138219 -0.223539 -0.169490
v 0.133724 -0.468469 -0.173928
v 0.138808 -0.125502 -0.023195
v 0.138921 -0.098990 -0.024143
v 0.138992 -0.186012 0.003061
v 0.144601 0.372312 -0.245845
v 0.142747 -0.444272 -0.013123
v 0.143933 -0.229103 -0.156416
v 0.139660 -0.275291 -0.138614
v 0.141059 0.300161 -0.256223
v 0.140775 -0.123174 -0.155755
v 0.140312 -0.114700 -0.027222
v 0.141552 -0.498932 -0.161158
v 0.141486 -0.290468 -0.044765
v 0.138938 0.109855 -0.166954
v 0.138484 -0.491296 -0.011690
v 0.154907 -0.042938 -0.025344
v 0.143263 -0.164822 -0.011384
v 0.140418 -0.075498 -0.151949
v 0.146605 0.197413 0.039834
v 0.141003 -0.209716 -0.168620
v 0.144749 -0.409384 -0.019455
v 0.143463 -0.058022 -0.147142
v 0.139125 -0.497971 -0.017823
v 0.143738 -0.044242 -0.141821
v 0.149928 -0.009544 -0.096308
v 0.149294 0.136005 -0.223636
v 0.150460 -0.015011 -0.111665
v 0.144647 0.385487 -0.241997
v 0.142908 -0.189773 -0.166934
v 0.139440 -0.087900 -0.022777
v 0.135356 0.126883 -0.121541
v 0.147518 0.219678 0.050282
v 0.147592 0.157658 -0.001283
v 0.147785 -0.232214 -0.027255
v 0.147174 0.134851 -0.080396
v 0.139916 -0.448704 -0.168480
v 0.150820 0.353086 -0.250999
v 0.147687 0.187740 -0.238605
v 0.143888 0.097886 -0.172956
v 0.149899 -0.034159 -0.135554
v 0.147168 -0.346830 -0.037702
v 0.145173 0.416987 -0.029950
v 0.149037 -0.009486 -0.069055
v 0.145705 0.413496 -0.152139
v 0.143421 0.429426 -0.198182
v 0.141935 0.237733 0.061030
v 0.143121 0.141223 -0.026761
v 0.145442 0.263483 0.061417
v 0.146385 -0.200757 -0.011916
v 0.141961 -0.310389 -0.043624
v 0.153345 -0.075450 -0.016357
v 0.142734 0.133323 -0.061133
v 0.151265 0.422605 -0.222175
v 0.146793 0.172732 0.019587
v 0.145225 0.418635 -0.129809
v 0.143968 -0.089431 -0.154144
v 0.149312 0.402111 -0.014643
v 0.144361 0.353861 0.041631
v 0.162410 0.403235 -0.243019
v 0.145116 -0.412469 -0.159782
v 0.143507 -0.499704 -0.029340
v 0.144726 -0.490488 -0.170244
v 0.139159 0.127668 -0.137249
v 0.145620 -0.382804 -0.151943
v 0.146735 0.332931 0.048043
v 0.144865 0.121377 -0.154276
v 0.145155 -0.377859 -0.026795
v 0.147624 0.421752 -0.052621
v 0.150000 0.306815 0.052610
v 0.145322 -0.307842 -0.129240
v 0.144525 0.422482 -0.179726
v 0.146330 -0.262296 -0.132236
v 0.146548 0.316722 -0.254504
v 0.146170 -0.111356 -0.149509
v 0.147589 -0.328594 -0.133270
v 0.146187 -0.104814 -0.023679
v 0.144781 -0.476880 -0.171114
v 0.144300 0.230376 -0.250603
v 0.147847 0.083436 -0.178340
v 0.146866 -0.300156 -0.052252
v 0.152846 0.286548 0.052679
v 0.148080 0.412069 -0.166849
v 0.151184 -0.499798 -0.145956
v 0.146286 -0.481764 -0.013745
v 0.164154 0.418606 -0.235750
v 0.148214 0.212279 -0.245487
v 0.150183 -0.281921 -0.117340
v 0.148100 -0.297172 -0.121502
v 0.147384 0.115025 -0.158907
v 0.150878 -0.172030 -0.148870
v 0.154571 -0.499375 -0.049902
v 0.150192 -0.456283 -0.165692
v 0.152311 0.139109 -0.107223
v 0.149853 -0.152279 -0.032117
v 0.148658 -0.463085 -0.014880
v 0.154115 -0.372308 -0.142444
v 0.160916 -0.020750 -0.124459
v 0.147390 0.128141 -0.146830
v 0.149083 0.379420 0.015017
v 0.149938 -0.214072 -0.150098
v 0.153404 0.282795 -0.255279
v 0.153209 -0.091262 -0.016433
v 0.161746 0.327791 -0.255136
v 0.149832 -0.181301 -0.021515
v 0.156766 0.409679 -0.070270
v 0.170036 0.108421 -0.223440
v 0.152493 0.431708 -0.210070
v 0.148374 -0.144156 -0.148289
v 0.155736 0.082156 -0.206440
v 0.175046 -0.039772 -0.141142
v 0.153847 0.145669 -0.046702
v 0.147797 0.427621 -0.187400
v 0.149779 -0.239469 -0.137703
v 0.155988 0.170800 0.002664
v 0.154224 -0.334813 -0.048717
v 0.148806 -0.138689 -0.036057
v 0.150708 -0.196408 -0.152003
v 0.148287 -0.283217 -0.055556
v 0.152522 -0.261091 -0.116722
v 0.149962 0.106068 -0.163196
v 0.151089 -0.491598 -0.020885
v 0.154095 -0.316908 -0.057436
v 0.151981 -0.262395 -0.056904
v 0.149112 0.135801 -0.125952
v 0.155438 -0.427735 -0.025330
v 0.152940 -0.395451 -0.029128
v 0.151769 -0.486475 -0.167215
v 0.151841 -0.496614 -0.161950
v 0.156067 0.406087 -0.047528
v 0.155830 0.167954 -0.233554
v 0.152545 -0.316980 -0.122045
v 0.152530 -0.085115 -0.149323
v 0.153415 0.188675 0.025124
v 0.154378 -0.070920 -0.148375
v 0.152904 0.090469 -0.168179
v 0.152877 -0.294839 -0.064479
v 0.153742 0.238005 0.049426
v 0.156293 0.217120 0.039189
v 0.156722 0.253424 -0.253053
v 0.151942 -0.128831 -0.143901
v 0.156984 0.098940 -0.214486
v 0.154606 -0.299991 -0.109528
v 0.153392 -0.120057 -0.030492
v 0.155125 0.268267 0.051167
v 0.155371 -0.183556 -0.035320
v 0.156486 -0.215345 -0.132373
v 0.152461 0.414296 -0.176585
v 0.158073 0.202132 0.028488
v 0.151737 0.072059 -0.185889
v 0.155835 -0.112319 -0.022193
v 0.156647 -0.153344 -0.133342
v 0.153406 0.123329 -0.154129
v 0.155114 -0.288175 -0.102666
v 0.154076 -0.282179 -0.070125
v 0.152963 -0.370759 -0.035438
v 0.152446 0.134908 -0.140439
v 0.154385 0.434057 -0.197649
v 0.150663 -0.434382 -0.160582
v 0.161869 0.149122 -0.075047
v 0.155885 0.079532 -0.171115
v 0.157183 -0.251250 -0.104841
v 0.156731 -0.242517 -0.060694
v 0.156867 -0.342179 -0.127709
v 0.155396 -0.147718 -0.047491
v 0.154063 -0.208840 -0.032722
v 0.163182 0.202174 -0.243079
v 0.157329 -0.197009 -0.134903
v 0.153845 -0.478245 -0.019658
v 0.157726 0.397276 -0.139913
v 0.153754 0.414987 -0.086884
v 0.156942 -0.261589 -0.076777
v 0.156253 -0.278145 -0.095741
v 0.158063 -0.177276 -0.132770
v 0.157802 -0.308131 -0.069641
v 0.157750 -0.117392 -0.143086
v 0.161338 -0.103041 -0.014277
v 0.158817 -0.357841 -0.046005
v 0.156926 -0.286258 -0.085443
v 0.156974 -0.496989 -0.033103
v 0.159517 -0.216760 -0.055260
v 0.159947 0.383510 -0.018005
v 0.157996 0.422439 -0.184645
v 0.156826 -0.137811 -0.135648
v 0.159167 -0.248172 -0.090804
v 0.156073 -0.471872 -0.163978
v 0.156548 0.069081 -0.176190
v 0.164842 0.156265 -0.053444
v 0.156046 0.354238 0.022554
v 0.158668 -0.413267 -0.149784
v 0.160214 0.248708 0.043547
v 0.160645 0.300983 0.039807
v 0.159816 -0.306677 -0.096646
v 0.156656 -0.499784 -0.119615
v 0.160196 -0.194939 -0.050331
v 0.164069 0.262494 0.040029
v 0.158130 -0.127469 -0.037263
v 0.157550 0.131593 -0.150739
v 0.158198 0.396288 -0.155365
v 0.159817 0.058020 -0.193337
v 0.163371 0.390107 -0.042538
v 0.157072 -0.457715 -0.022754
v 0.161082 -0.364467 -0.130878
v 0.163717 0.293686 -0.255987
v 0.157797 0.330568 0.033642
v 0.159898 -0.487211 -0.159968
v 0.159384 -0.303099 -0.081359
v 0.161671 0.186530 0.010324
v 0.159413 -0.146206 -0.058163
v 0.159617 -0.101600 -0.146731
v 0.159349 -0.224343 -0.117426
v 0.166819 0.441128 -0.211145
v 0.172746 -0.025906 -0.131907
v 0.167308 0.384825 -0.250367
v 0.159787 -0.166792 -0.052339
v 0.161672 -0.157257 -0.062000
v 0.160901 -0.145304 -0.126377
v 0.159569 0.058196 -0.181151
v 0.160547 -0.497199 -0.152101
v 0.160665 0.112713 -0.160587
v 0.167098 0.390303 -0.081477
v 0.159053 -0.486209 -0.026978
v 0.181028 0.167473 -0.239688
v 0.160950 0.146542 -0.129019
v 0.164478 0.064475 -0.205128
v 0.161114 0.230684 -0.249340
v 0.161872 0.161579 -0.025577
v 0.166487 -0.055882 -0.146345
v 0.162222 -0.199860 -0.116846
v 0.162351 0.402600 -0.176572
v 0.166354 0.435556 -0.221321
v 0.159221 -0.322956 -0.112885
v 0.160731 -0.375893 -0.042463
v 0.161586 0.412706 -0.181083
v 0.165382 0.283860 0.036538
v 0.175155 0.266510 -0.255768
v 0.160804 -0.440833 -0.153967
v 0.168225 -0.121260 -0.021264
v 0.163509 -0.498447 -0.133325
v 0.163738 -0.478536 -0.156689
v 0.160627 0.099484 -0.163914
v 0.162335 -0.497989 -0.045597
v 0.164630 -0.205063 -0.100053
v 0.163390 -0.387059 -0.135474
v 0.162362 -0.134970 -0.047967
v 0.163173 -0.182517 -0.116712
v 0.167073 0.345712 0.004448
v 0.164290 0.151432 -0.104780
v 0.165024 -0.360318 -0.121896
v 0.163907 -0.178674 -0.067193
v 0.163806 -0.343446 -0.059817
v 0.162307 0.142036 -0.145364
v 0.164864 -0.472102 -0.031500
v 0.162960 -0.155963 -0.117641
v 0.170661 -0.064753 -0.009091
v 0.160296 -0.499282 -0.064483
v 0.175160 -0.081277 -0.004296
v 0.163333 0.086767 -0.165816
v 0.163899 -0.214683 -0.084644
v 0.162227 -0.499417 -0.104215
v 0.163563 -0.153968 -0.069129
v 0.166367 0.387584 -0.167358
v 0.164201 -0.202493 -0.070592
v 0.163687 -0.498574 -0.142072
v 0.164259 -0.499181 -0.083877
v 0.167915 0.362748 -0.013995
v 0.166068 -0.465421 -0.153163
v 0.166314 0.431141 -0.191193
v 0.163954 -0.318339 -0.085380
v 0.174464 -0.112134 -0.010695
v 0.171743 0.371558 -0.152985
v 0.166518 0.388816 -0.103363
v 0.164839 -0.490480 -0.037334
v 0.165329 0.125826 -0.157776
v 0.170407 0.079009 -0.214926
v 0.168196 0.308209 0.025269
v 0.163048 0.230742 0.035547
v 0.165523 -0.125909 -0.136500
v 0.165500 -0.148474 -0.079666
v 0.165718 -0.184511 -0.099987
v 0.165361 -0.423639 -0.036736
v 0.159731 -0.009688 -0.055425
v 0.165334 -0.165147 -0.077746
v 0.165351 0.073973 -0.167894
v 0.176396 -0.130800 -0.028103
v 0.168297 0.326244 0.016172
v 0.168592 0.442099 -0.200748
v 0.165097 0.045527 -0.185229
v 0.174740 -0.076562 -0.148526
v 0.165916 -0.185509 -0.082802
v 0.164443 0.394165 -0.061769
v 0.165519 -0.486148 -0.153068
v 0.167006 -0.134988 -0.127419
v 0.166450 -0.151281 -0.104547
v 0.166937 -0.143953 -0.115130
v 0.165638 -0.327883 -0.099252
v 0.166823 -0.151295 -0.089228
v 0.167315 0.060174 -0.170795
v 0.169137 -0.356267 -0.109998
v 0.165786 0.203472 0.017524
v 0.166023 -0.332457 -0.072593
v 0.166626 0.217933 0.025320
v 0.161579 -0.398608 -0.037618
v 0.168401 -0.498633 -0.113318
v 0.171668 0.372345 -0.129716
v 0.167842 -0.461191 -0.034669
v 0.172223 0.416983 -0.187563
v 0.168016 0.137129 -0.154818
v 0.167883 -0.497043 -0.057513
v 0.170377 -0.477728 -0.147304
v 0.168902 0.365935 -0.254051
v 0.169072 -0.481255 -0.039437
v 0.169251 -0.415692 -0.136553
v 0.169935 0.154737 -0.138567
v 0.172650 0.161867 -0.120394
v 0.172815 0.375496 -0.166892
v 0.168699 -0.498656 -0.076620
v 0.168823 0.049025 -0.173624
v 0.168099 -0.331739 -0.086389
v 0.178757 -0.138073 -0.040525
v 0.170129 -0.109678 -0.143403
v 0.169288 -0.389255 -0.051152
v 0.170837 0.176980 -0.021808
v 0.168904 0.045500 -0.197982
v 0.168212 -0.498859 -0.093767
v 0.179267 0.000003 -0.063494
v 0.177481 0.339057 -0.018299
v 0.168881 -0.368187 -0.057739
v 0.169667 -0.445503 -0.143675
v 0.171464 -0.382185 -0.118882
v 0.170355 -0.345467 -0.095140
v 0.169487 -0.490821 -0.144940
v 0.179861 -0.002224 -0.098630
v 0.174744 0.371588 -0.064000
v 0.170861 -0.346310 -0.081789
v 0.170251 -0.490385 -0.047041
v 0.174992 0.234881 -0.251438
v 0.170642 0.241267 0.027669
v 0.173296 0.392054 -0.179891
v 0.176811 0.361681 -0.048552
v 0.172976 0.261901 0.025908
v 0.171145 -0.496849 -0.124901
v 0.172488 0.149635 -0.151101
v 0.171017 -0.141829 -0.063982
v 0.191385 0.325091 -0.262607
v 0.171341 0.034532 -0.189898
v 0.171222 0.160661 -0.075817
v 0.175689 -0.092276 -0.147164
v 0.172095 0.036419 -0.177018
v 0.176841 0.324469 -0.004086
v 0.179901 0.292059 -0.258652
v 0.172594 0.103748 -0.164821
v 0.171633 -0.493627 -0.135998
v 0.178816 0.379340 -0.178982
v 0.172495 -0.138979 -0.051297
v 0.173280 -0.356077 -0.089773
v 0.172916 0.201252 0.002223
v 0.173350 -0.365807 -0.103231
v 0.168296 -0.014869 -0.040150
v 0.174634 -0.460897 -0.137962
v 0.175185 -0.025218 -0.025500
v 0.175532 0.087532 -0.166515
v 0.173596 -0.365119 -0.071987
v 0.173585 0.190596 -0.010218
v 0.174558 0.119096 -0.164393
v 0.173107 -0.417795 -0.049166
v 0.193287 0.003365 -0.086422
v 0.178073 0.168372 -0.136070
v 0.173592 -0.494863 -0.067357
v 0.177348 -0.130351 -0.130054
v 0.174792 -0.480102 -0.137223
v 0.174596 -0.388588 -0.063329
v 0.174659 -0.495778 -0.086017
v 0.173848 -0.483759 -0.050645
v 0.174658 -0.496045 -0.105457
v 0.173090 0.167821 -0.049945
v 0.178961 0.163036 -0.149691
v 0.174859 0.220558 0.012457
v 0.174876 -0.463078 -0.047029
v 0.179753 0.131475 -0.165081
v 0.175868 -0.429855 -0.126015
v 0.175523 -0.137362 -0.120797
v 0.175682 -0.488735 -0.058713
v 0.186001 -0.099058 0.000493
v 0.177303 -0.385790 -0.099071
v 0.176624 0.307781 0.006894
v 0.175190 0.069369 -0.167450
v 0.176498 -0.373401 -0.082019
v 0.176436 0.287949 0.015763
v 0.179643 0.449278 -0.203924
v 0.176098 -0.493571 -0.078520
v 0.176042 -0.486460 -0.128865
v 0.178081 -0.402479 -0.069345
v 0.178208 0.143206 -0.160814
v 0.176912 0.026010 -0.179960
v 0.179635 -0.004188 -0.049648
v 0.177723 -0.142268 -0.106915
v 0.196204 0.208256 -0.251696
v 0.178226 0.242292 0.013648
v 0.185618 0.426987 -0.193279
v 0.176568 0.054039 -0.209291
v 0.178424 0.267408 0.014902
v 0.179661 0.173212 -0.075921
v 0.178672 -0.413982 -0.110783
v 0.181612 0.348509 -0.259328
v 0.176856 0.168463 -0.097720
v 0.177863 -0.490459 -0.116318
v 0.177802 -0.144328 -0.096083
v 0.178916 0.044866 -0.169630
v 0.177612 -0.145075 -0.084332
v 0.188658 0.046097 -0.213316
v 0.178318 0.035109 -0.200979
v 0.182839 0.344365 -0.140143
v 0.179074 0.363144 -0.082602
v 0.179893 -0.485616 -0.079916
v 0.184874 0.398930 -0.189780
v 0.179835 -0.120843 -0.137649
v 0.179894 0.436739 -0.233766
v 0.182797 0.155697 -0.161090
v 0.179486 -0.425911 -0.063759
v 0.181998 0.210278 -0.012014
v 0.183595 -0.008106 -0.113349
v 0.179192 -0.478187 -0.061667
v 0.179242 0.056687 -0.167941
v 0.179308 -0.490536 -0.095672
v 0.180167 -0.456216 -0.061746
v 0.179527 0.024382 -0.192678
v 0.180611 -0.144855 -0.071119
v 0.184297 0.309776 -0.015169
v 0.181350 0.353473 -0.161027
v 0.188312 0.384528 -0.189242
v 0.179977 -0.401121 -0.082368
v 0.184731 0.182892 -0.112394
v 0.180205 -0.462772 -0.121000
v 0.181699 -0.427814 -0.100484
v 0.180448 -0.478277 -0.117665
v 0.180286 -0.483448 -0.109426
v 0.180606 0.196151 -0.021961
v 0.194614 0.096241 -0.172989
v 0.181565 -0.423397 -0.076000
v 0.181592 0.225065 -0.000882
v 0.183927 0.447245 -0.225587
v 0.190058 -0.145484 -0.055384
v 0.181668 0.183611 -0.047237
v 0.185389 0.341705 -0.065801
v 0.182165 -0.422818 -0.088785
v 0.181945 -0.476011 -0.079331
v 0.195140 -0.086437 0.006553
v 0.191080 0.122359 -0.172305
v 0.201606 0.249037 -0.259698
v 0.184648 0.182315 -0.133796
v 0.197831 -0.069601 0.006039
v 0.185278 0.290738 -0.008020
v 0.183004 0.015862 -0.184772
v 0.190487 -0.133034 -0.127144
v 0.183090 -0.476831 -0.096513
v 0.183551 -0.461340 -0.077272
v 0.184619 0.334076 -0.041965
v 0.185507 0.357014 -0.174680
v 0.183317 -0.460815 -0.100919
v 0.186173 0.178775 -0.150507
v 0.185020 0.033194 -0.170422
v 0.183824 0.246483 0.000750
v 0.187379 -0.015818 -0.125112
v 0.189898 0.143686 -0.170465
v 0.189325 0.069302 -0.169281
v 0.189180 0.394439 -0.257355
v 0.185397 0.453443 -0.216282
v 0.186657 0.340282 -0.080699
v 0.190315 -0.120749 -0.006940
v 0.193998 0.004787 -0.074971
v 0.186846 0.190443 -0.063857
v 0.192698 -0.141175 -0.113671
v 0.187954 0.189373 -0.084572
v 0.189658 0.203865 -0.047761
v 0.191599 0.197914 -0.143841
v 0.186527 0.020953 -0.173463
v 0.191025 -0.129661 -0.015838
v 0.187386 0.027769 -0.204393
v 0.191193 0.312125 -0.048515
v 0.189432 0.275621 -0.016185
v 0.187935 0.259273 -0.008594
v 0.191594 0.174694 -0.165174
v 0.195662 0.001760 -0.051080
v 0.194479 -0.147229 -0.092583
v 0.187136 0.337409 -0.159252
v 0.203019 0.408818 -0.198945
v 0.190963 0.435923 -0.242645
v 0.195185 0.040508 -0.169123
v 0.188961 0.235702 -0.015416
v 0.191058 0.248108 -0.019961
v 0.189276 0.218727 -0.027536
v 0.186398 0.440498 -0.195581
v 0.197777 0.391827 -0.195948
v 0.196864 -0.148665 -0.073296
v 0.192102 0.315525 -0.140671
v 0.191843 0.201205 -0.126695
v 0.188913 0.016233 -0.197442
v 0.193301 0.204687 -0.102142
v 0.195404 -0.117294 -0.139483
v 0.193100 -0.046673 -0.003150
v 0.192079 0.456359 -0.203360
v 0.203008 0.370739 -0.196747
v 0.190902 0.008125 -0.188581
v 0.194607 0.307644 -0.108785
v 0.195365 -0.137836 -0.026515
v 0.191235 0.009772 -0.177766
v 0.195477 0.357529 -0.187537
v 0.197432 -0.061263 -0.147821
v 0.194198 0.195181 -0.157543
v 0.193287 0.314339 -0.075684
v 0.197077 -0.013551 -0.023822
v 0.195487 0.372487 -0.262706
v 0.210011 0.118157 -0.181666
v 0.199142 0.340986 -0.185483
v 0.196678 -0.023650 -0.133674
v 0.199755 -0.076701 -0.148491
v 0.195236 0.220772 -0.056440
v 0.204895 -0.031618 -0.005349
v 0.191933 0.084281 -0.225889
v 0.189627 -0.111247 -0.001505
v 0.194145 0.290813 -0.042612
v 0.197593 -0.004684 -0.035378
v 0.194901 0.211146 -0.074208
v 0.209379 0.004093 -0.094102
v 0.192635 0.334600 -0.172267
v 0.194756 0.269102 -0.035953
v 0.195486 0.248207 -0.038385
v 0.195643 0.460719 -0.212598
v 0.208206 0.177982 -0.182621
v 0.195426 0.231935 -0.044603
v 0.195871 0.309758 -0.160423
v 0.200380 -0.143346 -0.037673
v 0.200832 0.057338 -0.221973
v 0.199572 0.017566 -0.205742
v 0.201881 0.201404 -0.170675
v 0.208700 0.083728 -0.177001
v 0.197666 0.272628 -0.056054
v 0.196600 0.458343 -0.222547
v 0.198722 0.241361 -0.062418
v 0.198745 0.284890 -0.081542
v 0.197340 0.220425 -0.094388
v 0.199011 0.220176 -0.153293
v 0.197591 0.002091 -0.184033
v 0.198525 0.006387 -0.196132
v 0.198384 0.287046 -0.148046
v 0.200414 0.033033 -0.213767
v 0.198418 0.256969 -0.056252
v 0.198930 0.232239 -0.076861
v 0.199644 0.237557 -0.095360
v 0.198974 0.276932 -0.127991
v 0.199511 0.234414 -0.144685
v 0.196523 0.451148 -0.232873
v 0.200619 -0.001281 -0.105383
v 0.192303 0.425398 -0.249344
v 0.213565 0.385274 -0.204340
v 0.199427 0.267208 -0.068940
v 0.201607 -0.034616 -0.140724
v 0.200297 0.256961 -0.103234
v 0.203264 0.434147 -0.198400
v 0.200009 0.253105 -0.132605
v 0.200150 0.254216 -0.077529
v 0.213991 0.047564 -0.172899
v 0.200200 0.298432 -0.166387
v 0.202034 -0.107633 -0.143310
v 0.203494 -0.128823 -0.131532
v 0.200411 0.316121 -0.176744
v 0.200505 0.274321 -0.152806
v 0.204444 0.147037 -0.180583
v 0.197196 -0.047775 -0.145453
v 0.200915 0.419744 -0.255705
v 0.209696 0.007089 -0.079735
v 0.227058 0.202862 -0.260433
v 0.201131 0.017411 -0.170965
v 0.201093 0.258354 -0.149455
v 0.203570 0.218328 -0.167615
v 0.203780 0.005946 -0.175037
v 0.200057 -0.093856 -0.146646
v 0.212725 0.201490 -0.184621
v 0.213213 0.357242 -0.269236
v 0.211987 0.396804 -0.265223
v 0.218549 -0.148785 -0.096324
v 0.203494 0.462676 -0.204671
v 0.204606 0.464797 -0.216712
v 0.205039 0.287827 -0.173383
v 0.204111 0.246812 -0.163157
v 0.228036 0.066035 -0.179904
v 0.221322 0.106047 -0.185141
v 0.212894 0.008276 -0.062373
v 0.205536 0.267370 -0.168301
v 0.203338 0.150548 -0.243264
v 0.207279 0.001370 -0.040333
v 0.208162 -0.002369 -0.190300
v 0.228716 0.260838 -0.269142
v 0.206563 0.461203 -0.227626
v 0.212316 -0.082088 0.014982
v 0.228015 0.049572 -0.228115
v 0.208640 -0.099536 0.012125
v 0.210534 0.321896 -0.192250
v 0.208618 0.004121 -0.200857
v 0.205180 0.449977 -0.239835
v 0.209356 -0.001029 -0.178554
v 0.215283 -0.122781 -0.134977
v 0.210303 0.245733 -0.176743
v 0.205242 0.438946 -0.248245
v 0.212515 0.040243 -0.221013
v 0.210677 -0.138555 -0.120013
v 0.215644 -0.115594 0.010082
v 0.208601 -0.006079 -0.115653
v 0.216097 0.005917 -0.046652
v 0.212200 0.270228 -0.181318
v 0.220555 0.416104 -0.205433
v 0.213805 0.014158 -0.210291
v 0.223283 -0.051337 -0.144616
v 0.214152 0.346235 -0.200967
v 0.210883 0.467826 -0.211695
v 0.213458 -0.126806 0.000641
v 0.220105 -0.149461 -0.043626
v 0.214169 -0.060910 -0.146919
v 0.216156 -0.001930 -0.028516
v 0.212583 0.294011 -0.187176
v 0.213590 0.454140 -0.200647
v 0.215769 -0.012053 -0.123775
v 0.219106 -0.085134 -0.146547
v 0.216652 0.233197 -0.186191
v 0.219022 0.421589 -0.260903
v 0.211137 -0.134943 -0.010752
v 0.216324 0.019732 -0.171440
v 0.216000 0.467135 -0.223975
v 0.217104 0.449819 -0.245825
v 0.224872 0.097021 -0.239144
v 0.223385 0.024640 -0.218280
v 0.225409 0.009838 -0.072008
v 0.217529 -0.003385 -0.196098
v 0.216970 -0.060542 0.013121
v 0.224786 0.203640 -0.195287
v 0.219053 0.465750 -0.203893
v 0.222819 -0.019864 -0.130581
v 0.219328 -0.005549 -0.183782
v 0.233380 -0.152613 -0.081722
v 0.228875 0.353065 -0.211444
v 0.219891 0.000402 -0.105322
v 0.232859 -0.103712 0.023422
v 0.223076 -0.141811 -0.015428
v 0.218524 0.071097 -0.231745
v 0.217594 0.435329 -0.255093
v 0.222612 0.004563 -0.206323
v 0.219035 -0.027395 -0.136048
v 0.218693 0.461061 -0.235227
v 0.221906 0.264223 -0.193182
v 0.225256 -0.110287 -0.139870
v 0.218749 0.004004 -0.174647
v 0.228738 0.009015 -0.049316
v 0.218187 -0.037718 -0.141100
v 0.222476 0.440769 -0.203422
v 0.228372 -0.006541 -0.116596
v 0.235807 -0.126277 0.013468
v 0.233792 0.139512 -0.196090
v 0.220332 -0.097414 -0.144449
v 0.225538 0.300007 -0.201809
v 0.223302 0.166872 -0.193776
v 0.244693 -0.155242 -0.057448
v 0.230685 -0.133931 0.002402
v 0.225056 0.007515 -0.087070
v 0.220015 -0.071002 -0.147072
v 0.222376 0.471527 -0.216091
v 0.228632 0.002746 -0.029659
v 0.232709 0.373935 -0.273515
v 0.224587 -0.020025 -0.003341
v 0.231559 0.459786 -0.203418
v 0.234468 0.400315 -0.269883
v 0.235156 0.376498 -0.215304
v 0.227355 -0.075362 0.021697
v 0.231036 0.005269 -0.094802
v 0.230216 0.089227 -0.185261
v 0.233907 0.023413 -0.173664
v 0.228747 -0.007361 -0.190536
v 0.228552 -0.000573 -0.203070
v 0.224358 -0.132477 -0.126199
v 0.224476 -0.007676 -0.015633
v 0.228961 0.321528 -0.208186
v 0.236412 0.266880 -0.206115
v 0.232570 0.236027 -0.201350
v 0.239159 -0.001275 -0.107717
v 0.235125 0.413862 -0.266408
v 0.244474 0.045826 -0.178717
v 0.230196 -0.002108 -0.178657
v 0.232613 -0.123102 -0.132243
v 0.230079 -0.034134 -0.138034
v 0.230313 0.468943 -0.205431
v 0.230026 0.468944 -0.226478
v 0.236950 0.324914 -0.276193
v 0.235633 0.350079 -0.275715
v 0.246985 -0.116007 -0.133406
v 0.239114 0.388594 -0.272538
v 0.244027 0.295010 -0.276945
v 0.242895 -0.097172 -0.140732
v 0.235988 0.008845 -0.174604
v 0.252236 0.079016 -0.188818
v 0.236888 -0.064159 -0.144081
v 0.238170 0.418790 -0.211369
v 0.234475 0.460489 -0.240353
v 0.238034 -0.140704 -0.114721
v 0.238640 0.036385 -0.226293
v 0.246218 0.393550 -0.218601
v 0.237390 -0.011265 -0.121492
v 0.243020 0.084041 -0.240695
v 0.242417 -0.088322 0.029509
v 0.240361 0.006022 -0.030170
v 0.247667 0.291666 -0.216390
v 0.248201 -0.068126 0.029734
v 0.237374 0.473065 -0.217784
v 0.243698 -0.011324 -0.002098
v 0.235601 -0.021062 -0.130214
v 0.240238 -0.004593 -0.198270
v 0.241731 0.445750 -0.206804
v 0.239025 0.208619 -0.205340
v 0.238369 0.449960 -0.249996
v 0.234814 0.441535 -0.255331
v 0.239039 -0.005788 -0.185566
v 0.235468 0.429163 -0.261578
v 0.243089 0.001693 -0.207334
v 0.244898 -0.028960 -0.133291
v 0.246067 0.175193 -0.260511
v 0.251237 0.116658 -0.198625
v 0.244082 -0.001022 -0.014515
v 0.240684 0.000872 -0.178076
v 0.241832 0.010342 -0.214889
v 0.239403 -0.041706 -0.139710
v 0.240150 0.021820 -0.220868
v 0.230787 -0.050147 0.016786
v 0.246930 -0.051066 -0.140443
v 0.243774 -0.077192 -0.143299
v 0.254846 -0.019112 0.009877
v 0.241890 0.471093 -0.207925
v 0.251551 -0.138056 0.008815
v 0.251777 0.454885 -0.246120
v 0.242438 0.468881 -0.227544
v 0.252468 0.183124 -0.210938
v 0.253462 0.247958 -0.215969
v 0.254470 -0.146537 -0.005028
v 0.257919 0.431301 -0.213246
v 0.259504 -0.014995 -0.120412
v 0.248078 -0.004885 -0.192700
v 0.245668 0.060753 -0.235305
v 0.254768 0.257073 -0.275932
v 0.247578 -0.149062 -0.097767
v 0.253553 -0.131835 -0.121723
v 0.248979 0.472199 -0.216675
v 0.243820 0.010561 -0.042890
v 0.257259 0.403305 -0.271703
v 0.254351 -0.000003 -0.203768
v 0.260397 -0.023375 -0.126430
v 0.249974 0.021924 -0.175622
v 0.254694 0.441337 -0.256577
v 0.251173 0.339163 -0.222725
v 0.251474 0.224432 -0.271015
v 0.253079 -0.001260 -0.184258
v 0.258689 -0.034372 -0.132503
v 0.255360 0.368410 -0.277467
v 0.257445 0.007618 -0.212255
v 0.255804 0.406153 -0.219408
v 0.265090 -0.107524 -0.132441
v 0.254689 0.363775 -0.224653
v 0.250732 0.012766 -0.055202
v 0.251689 0.007514 -0.177437
v 0.249186 0.461402 -0.205451
v 0.259116 0.320968 -0.280568
v 0.256716 0.353943 -0.278948
v 0.262036 -0.131638 0.022590
v 0.258498 -0.143958 -0.107084
v 0.255634 0.017169 -0.219671
v 0.256325 0.117919 -0.250734
v 0.261734 0.155654 -0.211046
v 0.257061 0.460865 -0.238964
v 0.251177 -0.150527 -0.020081
v 0.254188 0.466603 -0.230822
v 0.279217 0.083697 -0.194284
v 0.257103 0.470543 -0.211413
v 0.255645 0.030436 -0.226485
v 0.257430 0.470317 -0.221477
v 0.262765 -0.000399 -0.195247
v 0.260658 0.007838 -0.025010
v 0.264989 0.033634 -0.178528
v 0.267353 0.344667 -0.229835
v 0.266415 0.287888 -0.280628
v 0.259939 0.012554 -0.068213
v 0.271058 0.179466 -0.265740
v 0.259146 0.449054 -0.208275
v 0.268498 0.274897 -0.225392
v 0.253663 -0.118147 0.028340
v 0.257463 0.424847 -0.264960
v 0.254106 -0.154442 -0.035201
v 0.287533 0.011534 -0.026042
v 0.267160 -0.120769 -0.126320
v 0.258102 0.042849 -0.231485
v 0.267893 0.303458 -0.227739
v 0.263854 0.016764 -0.177741
v 0.260066 0.081162 -0.242885
v 0.268245 0.367977 -0.229161
v 0.270371 0.217379 -0.222163
v 0.260134 0.009354 -0.081814
v 0.270431 0.057209 -0.185076
v 0.266755 -0.061868 -0.137030
v 0.264048 0.003961 -0.183561
v 0.268140 0.453189 -0.245117
v 0.267713 -0.033786 0.024955
v 0.264065 0.460895 -0.206660
v 0.275531 0.375053 -0.278012
v 0.273863 0.458941 -0.236288
v 0.270727 0.057970 -0.237400
v 0.267883 0.468433 -0.217063
v 0.272183 0.385382 -0.227553
v 0.268593 -0.059786 0.036937
v 0.276412 -0.136444 -0.112821
v 0.267153 0.443857 -0.253797
v 0.274650 0.141532 -0.211880
v 0.274221 -0.106187 0.042869
v 0.271327 -0.090427 0.043004
v 0.276428 0.401558 -0.272352
v 0.268234 0.005090 -0.091886
v 0.275280 0.325820 -0.232042
v 0.279416 -0.144534 0.015729
v 0.279422 -0.151774 -0.002439
v 0.273354 0.432166 -0.260742
v 0.271472 0.184351 -0.219391
v 0.275330 0.339439 -0.281499
v 0.285653 -0.111528 -0.125631
v 0.279439 -0.151209 -0.090403
v 0.277335 -0.041145 -0.130255
v 0.279197 -0.096538 -0.131781
v 0.283511 0.317328 -0.282880
v 0.270095 0.028674 -0.226299
v 0.273439 -0.002376 -0.103782
v 0.280619 -0.081210 -0.133552
v 0.289166 -0.066721 -0.130983
v 0.273619 0.422252 -0.265498
v 0.273117 0.008302 -0.208920
v 0.273907 0.014474 -0.180410
v 0.285505 0.268570 -0.231155
v 0.274835 0.449476 -0.208628
v 0.281544 0.021306 -0.220099
v 0.291643 0.009069 -0.072456
v 0.286408 -0.144417 -0.100955
v 0.271339 -0.154252 -0.082284
v 0.275871 0.463997 -0.225461
v 0.280266 -0.011587 -0.112216
v 0.274408 -0.018671 0.017910
v 0.283538 0.077765 -0.243793
v 0.277959 0.042474 -0.232526
v 0.276825 0.007405 -0.187809
v 0.291571 0.107777 -0.251035
v 0.287614 0.167216 -0.220508
v 0.286737 0.446290 -0.247078
v 0.282733 0.139385 -0.258306
v 0.278569 0.463322 -0.210158
v 0.283981 -0.019868 -0.117794
v 0.293342 0.428201 -0.215173
v 0.282775 -0.126891 -0.118908
v 0.288246 0.007943 -0.013162
v 0.285751 0.288684 -0.282796
v 0.278545 -0.115050 0.042518
v 0.284185 0.436736 -0.256213
v 0.284818 0.204957 -0.225916
v 0.279531 -0.075966 0.045963
v 0.278183 -0.028793 -0.125224
v 0.280105 0.025547 -0.179425
v 0.287843 0.305641 -0.234647
v 0.280205 -0.125255 0.038084
v 0.277855 0.219483 -0.274272
v 0.282688 -0.095144 0.048114
v 0.285047 0.362340 -0.233436
v 0.280833 -0.132607 0.032429
v 0.310271 -0.105649 -0.119541
v 0.282532 0.248878 -0.279187
v 0.288899 -0.050710 -0.129076
v 0.293913 0.205024 -0.272978
v 0.296118 -0.159995 -0.055213
v 0.281753 0.008570 -0.198096
v 0.288440 0.344491 -0.235522
v 0.296756 0.453969 -0.230413
v 0.284504 -0.026529 0.028779
v 0.285003 -0.065856 0.046072
v 0.285393 -0.046807 0.039715
v 0.287035 0.016222 -0.185323
v 0.291391 0.018402 -0.211933
v 0.287568 -0.016652 0.022216
v 0.292957 0.376894 -0.232115
v 0.287455 0.452463 -0.208100
v 0.287993 0.039476 -0.180920
v 0.287082 0.461204 -0.221115
v 0.287762 -0.085570 0.049578
v 0.292752 0.063563 -0.187293
v 0.297533 -0.156984 -0.072044
v 0.289139 0.033930 -0.227396
v 0.288789 -0.107594 0.047784
v 0.287964 -0.138694 0.029245
v 0.288637 -0.056669 0.044454
v 0.290451 0.409781 -0.268720
v 0.287308 0.122351 -0.208305
v 0.302311 0.176967 -0.267173
v 0.297940 0.339015 -0.281991
v 0.292767 0.234358 -0.230487
v 0.293294 0.056261 -0.236729
v 0.293552 0.000820 -0.090919
v 0.307020 0.371552 -0.277522
v 0.288341 0.002512 -0.001202
v 0.290081 0.147797 -0.216775
v 0.297895 0.214258 -0.229860
v 0.296935 0.433018 -0.255917
v 0.291637 -0.074830 0.048480
v 0.291661 -0.120420 0.043468
v 0.292206 -0.003834 0.010526
v 0.292395 -0.130767 0.037460
v 0.298352 0.402376 -0.224566
v 0.310566 0.157553 -0.262611
v 0.292733 0.015793 -0.203711
v 0.295794 0.421410 -0.263075
v 0.301118 0.392998 -0.273111
v 0.311051 -0.090476 -0.122484
v 0.292136 0.185981 -0.225011
v 0.294839 -0.012666 0.020219
v 0.295488 0.025933 -0.182992
v 0.305792 -0.075952 -0.125420
v 0.294428 -0.143974 0.024218
v 0.294988 -0.149733 0.014373
v 0.295373 0.017499 -0.193862
v 0.298324 0.274757 -0.234687
v 0.302416 0.275738 -0.282955
v 0.296131 -0.022428 0.028587
v 0.309168 0.225488 -0.277224
v 0.297166 -0.154767 0.002294
v 0.296754 -0.065404 0.044532
v 0.296789 -0.158441 -0.010808
v 0.297041 -0.030542 0.033462
v 0.297317 -0.095930 0.046015
v 0.298265 -0.082330 0.045293
v 0.307269 0.444728 -0.238380
v 0.302936 0.142183 -0.215823
v 0.301038 0.107975 -0.203680
v 0.298073 0.443625 -0.209360
v 0.305256 0.349344 -0.237049
v 0.304738 0.200299 -0.228839
v 0.298547 -0.052140 0.040871
v 0.296835 0.457160 -0.220225
v 0.298678 -0.042212 0.037729
v 0.304711 0.052452 -0.183375
v 0.314169 0.085035 -0.192853
v 0.307134 0.324583 -0.238295
v 0.299496 0.029378 -0.220507
v 0.308964 0.305925 -0.283533
v 0.306683 0.435756 -0.250080
v 0.300813 -0.112407 0.039804
v 0.300466 -0.135017 0.029975
v 0.301788 -0.122311 0.035554
v 0.301834 -0.075138 0.041791
v 0.301879 0.034676 -0.182087
v 0.302452 0.001024 0.004286
v 0.301336 0.006201 -0.005294
v 0.302976 0.023042 -0.203584
v 0.307164 0.181117 -0.226010
v 0.302463 0.040740 -0.228467
v 0.303723 0.010184 -0.014875
v 0.307093 0.377106 -0.232107
v 0.309493 0.245666 -0.234045
v 0.307042 0.298073 -0.237533
v 0.309600 0.128322 -0.210749
v 0.305555 0.026693 -0.190703
v 0.304598 0.012888 -0.026046
v 0.304645 -0.028997 0.027425
v 0.304265 -0.009102 0.014880
v 0.315269 0.114929 -0.251656
v 0.315488 0.252247 -0.280961
v 0.304733 -0.058655 0.035079
v 0.305213 -0.019505 0.021337
v 0.303540 0.013526 -0.038016
v 0.306129 -0.099512 0.034480
v 0.306682 -0.042028 0.029152
v 0.306889 -0.139345 0.018336
v 0.306820 -0.009207 -0.099525
v 0.309157 -0.161346 -0.041100
v 0.306951 -0.149090 0.006846
v 0.307241 0.054724 -0.234497
v 0.311253 -0.106868 0.022404
v 0.307436 -0.125438 0.025243
v 0.306966 0.159015 -0.220594
v 0.314961 0.408089 -0.265599
v 0.307782 0.028618 -0.210983
v 0.307875 -0.159721 -0.017219
v 0.308017 -0.162179 -0.029211
v 0.308681 0.043429 -0.182776
v 0.309504 -0.073514 0.028908
v 0.316737 0.273832 -0.236357
v 0.308599 -0.155706 -0.004845
v 0.314532 0.417138 -0.216527
v 0.316196 -0.080111 0.014163
v 0.331528 0.364975 -0.276108
v 0.311745 0.449937 -0.220466
v 0.312621 0.080097 -0.242708
v 0.321230 0.366800 -0.233223
v 0.311033 -0.031728 0.018202
v 0.316339 0.349215 -0.280210
v 0.315382 0.033446 -0.198986
v 0.311168 -0.008659 0.005617
v 0.316196 -0.141938 -0.096801
v 0.310239 0.006257 -0.073393
v 0.312310 -0.000592 -0.002323
v 0.314753 -0.045368 0.014766
v 0.315350 -0.125043 0.008234
v 0.312570 0.037633 -0.220100
v 0.311237 -0.018660 0.012496
v 0.313592 0.012867 -0.045097
v 0.312927 -0.139479 0.006371
v 0.319797 0.421136 -0.257185
v 0.312220 0.221182 -0.231856
v 0.313586 0.004208 -0.010448
v 0.315887 0.010487 -0.056615
v 0.313057 0.035036 -0.188757
v 0.320942 0.282318 -0.283122
v 0.307131 -0.033409 -0.117158
v 0.326731 0.325125 -0.237871
v 0.324826 0.392401 -0.224305
v 0.315245 0.008270 -0.020686
v 0.314942 -0.146903 -0.003467
v 0.315550 0.011478 -0.032122
v 0.322469 0.441861 -0.229271
v 0.316958 -0.007454 -0.006045
v 0.322210 -0.096617 -0.002141
v 0.317294 -0.151394 -0.013638
v 0.318435 0.051051 -0.228159
v 0.306984 -0.151851 -0.084734
v 0.333064 0.152093 -0.259384
v 0.319427 0.168404 -0.222783
v 0.316732 0.047732 -0.183971
v 0.319646 0.387602 -0.272370
v 0.318039 -0.160190 -0.060975
v 0.317672 0.036720 -0.209201
v 0.319472 -0.020704 -0.003620
v 0.324665 0.299422 -0.237851
v 0.317895 -0.156581 -0.023709
v 0.317955 -0.161436 -0.050083
v 0.321732 -0.036283 -0.004281
v 0.318418 -0.156966 -0.072122
v 0.329582 0.230447 -0.232766
v 0.322567 -0.136811 -0.014238
v 0.318962 0.060618 -0.185108
v 0.324233 0.205004 -0.229943
v 0.332258 0.127237 -0.206345
v 0.321456 -0.000020 -0.022357
v 0.319462 -0.159681 -0.035208
v 0.323886 0.320438 -0.282605
v 0.320150 0.436577 -0.210133
v 0.332793 0.256520 -0.234798
v 0.324337 -0.064909 -0.006755
v 0.325417 0.205194 -0.272989
v 0.322261 0.064396 -0.234277
v 0.326070 0.344107 -0.236835
v 0.329023 0.426783 -0.247693
v 0.323335 0.144802 -0.215362
v 0.317979 0.437970 -0.241083
v 0.324225 -0.148279 -0.026137
v 0.326065 -0.017930 -0.021484
v 0.323271 0.006550 -0.066603
v 0.324313 0.044262 -0.193096
v 0.330710 -0.112222 -0.026551
v 0.319829 -0.020167 -0.104945
v 0.324061 0.008852 -0.052718
v 0.324526 0.046232 -0.216589
v 0.324610 0.000818 -0.079431
v 0.323853 0.006398 -0.039064
v 0.328063 0.046737 -0.202819
v 0.325422 0.428663 -0.211301
v 0.333873 -0.042151 -0.035047
v 0.326097 0.185348 -0.226162
v 0.329641 -0.137222 -0.032501
v 0.327108 -0.153255 -0.039741
v 0.326809 0.088687 -0.242595
v 0.328158 0.053421 -0.187883
v 0.330919 0.059492 -0.225416
v 0.328329 -0.157127 -0.066628
v 0.334866 0.233966 -0.277811
v 0.328624 -0.156383 -0.053901
v 0.329251 -0.146762 -0.088494
v 0.327637 -0.153448 -0.077529
v 0.327954 -0.004087 -0.036674
v 0.334614 0.389561 -0.268675
v 0.329793 0.439822 -0.217672
v 0.323779 -0.127581 -0.106328
v 0.341540 0.109986 -0.197171
v 0.330241 0.000257 -0.047534
v 0.334395 -0.079521 -0.033187
v 0.340012 0.171335 -0.220333
v 0.331358 0.066821 -0.185969
v 0.331292 -0.011982 -0.093962
v 0.337796 0.407390 -0.259607
v 0.333801 -0.014495 -0.045280
v 0.334304 -0.031003 -0.106093
v 0.332745 0.418087 -0.213282
v 0.332082 0.000554 -0.057397
v 0.335113 0.071872 -0.231692
v 0.342294 0.370821 -0.227921
v 0.345713 0.289095 -0.235717
v 0.332409 -0.146358 -0.047191
v 0.335860 0.057805 -0.214317
v 0.334897 -0.135697 -0.097139
v 0.345256 0.205235 -0.271398
v 0.334525 0.431330 -0.236570
v 0.341002 0.149600 -0.213090
v 0.338632 0.258167 -0.280686
v 0.334531 -0.005894 -0.083506
v 0.334920 0.078986 -0.188346
v 0.340099 0.123461 -0.249786
v 0.335313 -0.002199 -0.070288
v 0.335449 -0.117527 -0.107866
v 0.335670 -0.148066 -0.059905
v 0.340901 0.333924 -0.279748
v 0.341227 0.301551 -0.282023
v 0.335459 -0.150422 -0.069389
v 0.342028 0.069684 -0.222819
v 0.344070 0.213843 -0.228754
v 0.340953 0.063078 -0.204160
v 0.337150 0.059650 -0.194356
v 0.337165 0.434206 -0.225109
v 0.336604 -0.068755 -0.114807
v 0.337509 -0.042738 -0.110129
v 0.337597 0.431118 -0.212247
v 0.336588 -0.008073 -0.062977
v 0.347081 0.307522 -0.235781
v 0.336863 -0.020605 -0.098310
v 0.335573 -0.085505 -0.114968
v 0.337389 -0.132335 -0.052096
v 0.340576 -0.025487 -0.060330
v 0.340081 0.402724 -0.217148
v 0.334483 -0.100973 -0.112961
v 0.346386 0.191422 -0.223965
v 0.337215 0.093114 -0.191759
v 0.341054 -0.107932 -0.108569
v 0.344428 0.280726 -0.281760
v 0.339870 -0.144162 -0.080324
v 0.342467 -0.135333 -0.070706
v 0.347628 0.072460 -0.209955
v 0.340523 -0.013153 -0.073906
v 0.342105 -0.116690 -0.060131
v 0.356933 0.251469 -0.230911
v 0.344337 -0.052221 -0.063463
v 0.342435 -0.090499 -0.056547
v 0.342483 -0.053886 -0.110688
v 0.344774 0.097870 -0.239510
v 0.347488 0.332487 -0.234443
v 0.342727 -0.016880 -0.086916
v 0.342798 -0.125886 -0.100032
v 0.344542 0.422219 -0.241513
v 0.361742 0.338723 -0.275592
v 0.342928 0.070110 -0.192033
v 0.353605 0.318315 -0.279647
v 0.345208 0.418416 -0.212271
v 0.344281 -0.034770 -0.102457
v 0.345512 -0.028663 -0.076968
v 0.346383 0.426687 -0.230760
v 0.346731 0.428180 -0.220886
v 0.351772 0.365373 -0.272079
v 0.345139 -0.115205 -0.103067
v 0.346247 -0.091510 -0.109716
v 0.346260 -0.130390 -0.086359
v 0.347234 -0.046506 -0.104200
v 0.346419 -0.125050 -0.081582
v 0.347109 -0.067034 -0.109448
v 0.354177 0.093796 -0.230881
v 0.346978 -0.101146 -0.106692
v 0.347411 -0.030033 -0.089752
v 0.347551 0.084149 -0.191011
v 0.350219 -0.052281 -0.085850
v 0.348726 -0.079653 -0.108230
v 0.348892 -0.118604 -0.090205
v 0.349825 -0.105486 -0.083419
v 0.349820 -0.042440 -0.094240
v 0.346085 0.414337 -0.249657
v 0.349323 -0.075139 -0.078141
v 0.351343 0.098114 -0.192035
v 0.350364 0.076938 -0.200050
v 0.351218 -0.057828 -0.099641
v 0.351149 -0.104977 -0.095281
v 0.351582 -0.090038 -0.099671
v 0.357948 0.351127 -0.229142
v 0.351701 -0.068525 -0.099640
v 0.352321 0.409805 -0.213325
v 0.352371 -0.078454 -0.094951
v 0.357548 0.380897 -0.265383
v 0.358517 0.090786 -0.218904
v 0.356028 0.238343 -0.276813
v 0.354331 0.417240 -0.237793
v 0.372760 0.223877 -0.223934
v 0.362379 0.141967 -0.249150
v 0.365290 0.205041 -0.268467
v 0.360951 0.399792 -0.253227
v 0.365088 0.268587 -0.279020
v 0.364522 0.121851 -0.197555
v 0.356020 0.421204 -0.223835
v 0.376675 0.286068 -0.229694
v 0.356373 0.087656 -0.198305
v 0.356371 0.084839 -0.207806
v 0.367480 0.332561 -0.230199
v 0.378613 0.202502 -0.218504
v 0.363587 0.174431 -0.215078
v 0.363364 0.388955 -0.259077
v 0.360735 0.142863 -0.205038
v 0.361560 0.396583 -0.215347
v 0.365056 0.115075 -0.235033
v 0.367812 0.378023 -0.219369
v 0.362555 0.101147 -0.197024
v 0.380432 0.308190 -0.229191
v 0.367523 0.356508 -0.270432
v 0.382473 0.243614 -0.224934
v 0.367771 0.403779 -0.242865
v 0.374036 0.312400 -0.276653
v 0.363532 0.096291 -0.206101
v 0.364807 0.412270 -0.231448
v 0.382697 0.335557 -0.270718
v 0.366545 0.410387 -0.216898
v 0.372713 0.114782 -0.202638
v 0.377804 0.248601 -0.275205
v 0.371461 0.368316 -0.265054
v 0.373819 0.116540 -0.223903
v 0.369722 0.106407 -0.212961
v 0.371318 0.396980 -0.215201
v 0.392544 0.263172 -0.224767
v 0.375346 0.291352 -0.277889
v 0.373467 0.405830 -0.224416
v 0.376064 0.227553 -0.271810
v 0.378912 0.376592 -0.257624
v 0.376162 0.138827 -0.201612
v 0.377942 0.388828 -0.249674
v 0.381403 0.347212 -0.224437
v 0.380027 0.123475 -0.217978
v 0.378570 0.148947 -0.203793
v 0.378652 0.384944 -0.216762
v 0.381035 0.149713 -0.243421
v 0.385811 0.185631 -0.212733
v 0.385088 0.173965 -0.252641
v 0.378752 0.399522 -0.232034
v 0.391815 0.217859 -0.265593
v 0.380544 0.396909 -0.219888
v 0.380331 0.125818 -0.206999
v 0.383303 0.368310 -0.219504
v 0.382862 0.194504 -0.261357
v 0.387453 0.167899 -0.207722
v 0.383338 0.134149 -0.229313
v 0.391713 0.369618 -0.253169
v 0.386430 0.139958 -0.206112
v 0.387974 0.387651 -0.238170
v 0.387445 0.135967 -0.215196
v 0.398848 0.267464 -0.272144
v 0.388953 0.388801 -0.224646
v 0.395447 0.159193 -0.235796
v 0.393067 0.157152 -0.207205
v 0.394008 0.308646 -0.271835
v 0.390710 0.377654 -0.218703
v 0.402159 0.185181 -0.248172
v 0.395198 0.323414 -0.225187
v 0.393830 0.146936 -0.213652
v 0.394812 0.362659 -0.219803
v 0.394973 0.149627 -0.225196
v 0.388916 0.354706 -0.262408
v 0.397201 0.373461 -0.243312
v 0.396199 0.288302 -0.273045
v 0.404209 0.290705 -0.224509
v 0.397209 0.379386 -0.230848
v 0.396929 0.240160 -0.269466
v 0.401180 0.202636 -0.214264
v 0.404680 0.227488 -0.218420
v 0.408000 0.180784 -0.239052
v 0.399143 0.170144 -0.209276
v 0.402004 0.368161 -0.222630
v 0.399915 0.204125 -0.258121
v 0.403922 0.360811 -0.247155
v 0.406499 0.301900 -0.268077
v 0.402547 0.186337 -0.211354
v 0.403487 0.350763 -0.254820
v 0.400614 0.338471 -0.261965
v 0.401415 0.159701 -0.218300
v 0.402675 0.345289 -0.222029
v 0.405202 0.320293 -0.265256
v 0.403319 0.370476 -0.235304
v 0.405012 0.168710 -0.231192
v 0.412701 0.223020 -0.258809
v 0.409494 0.174906 -0.218293
v 0.409932 0.198317 -0.213584
v 0.409564 0.358800 -0.225734
v 0.410372 0.358249 -0.239131
v 0.410698 0.333243 -0.222960
v 0.416077 0.219475 -0.217087
v 0.416313 0.322840 -0.257338
v 0.417127 0.300753 -0.223631
v 0.413955 0.344903 -0.223982
v 0.410780 0.244061 -0.265174
v 0.414284 0.182691 -0.228110
v 0.414431 0.185533 -0.217528
v 0.413994 0.348234 -0.244835
v 0.414805 0.280505 -0.266518
v 0.416004 0.334932 -0.251759
v 0.415398 0.260479 -0.265748
v 0.418462 0.203552 -0.245180
v 0.418494 0.345991 -0.233647
v 0.417401 0.206920 -0.216005
v 0.417013 0.252989 -0.220699
v 0.420767 0.219467 -0.252269
v 0.421160 0.196054 -0.221816
v 0.418715 0.305467 -0.261277
v 0.420529 0.195201 -0.233867
v 0.421893 0.335257 -0.228381
v 0.420337 0.234164 -0.218759
v 0.422750 0.322282 -0.224965
v 0.427438 0.318431 -0.247060
v 0.424246 0.332852 -0.239972
v 0.424270 0.239407 -0.257367
v 0.427732 0.305656 -0.225324
v 0.426466 0.208686 -0.237129
v 0.424200 0.282460 -0.223162
v 0.425327 0.219530 -0.218829
v 0.426830 0.281339 -0.259516
v 0.427338 0.326701 -0.232059
v 0.426744 0.207447 -0.225251
v 0.425484 0.261728 -0.260489
v 0.429535 0.222541 -0.244190
v 0.428769 0.296529 -0.254745
v 0.430241 0.244555 -0.221217
v 0.429754 0.307256 -0.249934
v 0.429423 0.269657 -0.222728
v 0.431566 0.292576 -0.225317
v 0.429507 0.225557 -0.221342
v 0.432714 0.218639 -0.232256
v 0.431792 0.312071 -0.230106
v 0.432506 0.241690 -0.250345
v 0.432217 0.257647 -0.222918
v 0.434390 0.285816 -0.251448
v 0.433787 0.310025 -0.239989
v 0.434147 0.260827 -0.252909
v 0.436242 0.296611 -0.243954
v 0.436543 0.279327 -0.226624
v 0.436399 0.299448 -0.232367
v 0.437833 0.239781 -0.227157
v 0.438784 0.250571 -0.243492
v 0.438725 0.273182 -0.247450
v 0.438920 0.239592 -0.238893
v 0.439886 0.266659 -0.228350
v 0.439018 0.285106 -0.244355
v 0.439603 0.289321 -0.234053
v 0.440582 0.251674 -0.230958
v 0.441691 0.275483 -0.237360
v 0.441912 0.263432 -0.241156
v -0.398434 0.213622 -0.261886
v 0.051330 0.081614 0.205705
v 0.045083 0.110781 0.249998
v -0.066516 -0.499927 -0.049585
v 0.235087 -0.031794 0.009590
v 0.269440 0.408576 -0.222180
v -0.386071 0.204590 -0.263134
v -0.368525 0.157385 -0.252728
v -0.247069 0.304723 -0.217503
v -0.244827 0.173914 -0.206156
v -0.212326 -0.144162 -0.109147
v -0.333489 -0.103753 -0.034236
v -0.150692 -0.426876 -0.159417
v 0.148867 0.092349 -0.206197
v -0.056434 0.114152 0.214062
v -0.050114 0.068051 0.189431
v -0.051194 0.084698 0.210193
v -0.047068 0.065115 0.201805
v 0.050382 -0.403977 -0.042865
v 0.347329 0.145217 -0.254894
v -0.019202 0.365562 0.153989
v 0.046659 0.069461 0.209170
v 0.051561 0.144178 0.260999
v 0.055028 0.106219 0.198998
v 0.057418 0.118631 0.217857
v 0.056037 0.128806 0.200369
v 0.108439 -0.368463 -0.156502
v 0.119009 -0.352975 -0.153622
v 0.126464 -0.407810 -0.164296
v 0.143713 -0.361567 -0.147289
v 0.141401 0.431997 -0.100585
v -0.275210 0.067799 -0.189133
v 0.151256 -0.349848 -0.137150
v 0.170929 -0.001858 -0.085845
v 0.170249 -0.001541 -0.074186
v 0.163039 -0.341097 -0.116415
v 0.221642 -0.144602 -0.109215
v 0.230700 0.134550 -0.248517
v 0.232839 -0.115734 0.019157
v 0.269959 0.112112 -0.202536
v 0.039661 -0.008611 0.164157
v 0.261624 0.011875 -0.039240
v 0.292191 0.450820 -0.238976
v 0.290848 -0.159962 -0.034109
v 0.355389 0.120287 -0.243638
v 0.372027 0.133480 -0.240377
v 0.391411 0.166070 -0.244914
v -0.302411 0.149832 -0.260964
v 0.051051 0.072781 0.189606
v 0.128041 -0.454365 -0.172994
v 0.035417 -0.020784 0.158292
v 0.154462 0.070597 -0.196797
v 0.274376 0.246069 -0.225682
v 0.411036 0.203860 -0.251835
v -0.095591 -0.015353 -0.055984
v 0.137297 0.099935 -0.196365
v -0.109344 -0.500000 -0.112986
v 0.095603 -0.402647 -0.010969
v 0.148881 0.080429 -0.196228
v -0.058485 -0.499697 -0.056420
v -0.125075 -0.018273 -0.063910
v 0.147519 0.081160 -0.190774
v 0.011306 -0.044430 0.149679
v -0.269290 -0.151769 -0.090483
v 0.134862 0.110762 -0.204976
v -0.116220 0.113980 -0.097788
v -0.102881 -0.500000 -0.074110
v 0.369669 0.166088 -0.255666
v -0.174665 0.164529 -0.105049
v -0.040820 0.126804 0.180193
v 0.136359 -0.500000 -0.130198
v -0.114383 0.113462 -0.071681
v 0.038298 -0.000521 0.151004
v 0.105648 -0.397164 -0.010302
v 0.114162 -0.393223 -0.011221
v 0.126288 -0.500000 -0.061471
v -0.138927 -0.500000 -0.107694
v -0.194750 0.373703 -0.262435
v -0.436966 0.294775 -0.243011
v 0.161597 -0.056312 -0.016118
v 0.122515 -0.387178 -0.013749
v 0.101262 0.251064 0.093127
v 0.110062 -0.500000 -0.050038
v 0.315702 -0.060734 -0.121262
v -0.084726 -0.500000 -0.093762
v -0.311644 -0.083538 -0.122904
v 0.086287 0.441251 -0.187865
v -0.124177 -0.130020 -0.177917
v 0.109935 -0.110161 -0.189393
v 0.044891 -0.295663 -0.193180
v -0.094361 -0.500000 -0.134029
v -0.051570 -0.494403 -0.036723
v 0.264202 -0.046530 0.030109
v 0.421215 0.327131 -0.249829
v -0.257674 -0.123566 0.026985
v 0.089785 -0.500000 -0.108261
v -0.075027 0.076921 -0.080702
v 0.086436 0.194555 0.083825
v -0.239102 -0.141366 -0.003711
v -0.080582 -0.500000 -0.046126
v -0.054298 -0.496522 -0.041410
v -0.258344 -0.156196 -0.044860
v 0.089951 -0.500000 -0.069117
v -0.066993 0.070730 -0.061898
v -0.113819 -0.500000 -0.047085
v -0.082372 0.437724 -0.194679
v -0.074235 0.081684 -0.066937
v 0.292498 0.012281 -0.057123
v 0.313183 0.107183 -0.201776
v 0.023409 -0.033829 0.148607
v -0.246151 -0.154331 -0.076102
v 0.044372 -0.357122 -0.126304
v -0.207942 -0.147508 -0.044923
v 0.141422 0.130444 -0.103971
v -0.066843 0.078973 -0.051590
v -0.052319 0.088504 0.188365
v -0.099591 0.262400 -0.269905
v -0.084958 -0.059802 -0.009924
v 0.046601 -0.326295 0.010388
v -0.303641 0.067404 -0.239211
v 0.431198 0.316462 -0.240228
v -0.220035 0.172425 -0.252826
v -0.208103 -0.150134 -0.067429
v 0.121503 -0.500000 -0.107366
v 0.275610 0.013282 -0.046846
v -0.340155 0.385850 -0.223312
v 0.374762 0.156288 -0.250111
v -0.324926 0.398344 -0.221940
v -0.064895 -0.451274 -0.162297
v -0.113201 -0.112593 -0.185653
v -0.033106 -0.458619 -0.066521
v 0.081623 -0.500000 -0.048009
v -0.025335 0.487181 -0.025345
v 0.121903 0.117996 -0.108325
v 0.108116 -0.500000 -0.088786
v -0.261142 -0.145778 0.001410
v -0.112949 -0.381395 -0.159140
v -0.233162 -0.150756 -0.035952
v 0.101813 0.209426 0.081123
v 0.106570 -0.500000 -0.125200
v -0.048709 0.090682 0.225525
v -0.168590 -0.073332 -0.007940
v 0.105324 -0.087285 -0.185372
v -0.096384 -0.500000 -0.031539
v 0.203153 0.187532 -0.176241
v -0.029281 -0.455324 -0.112407
v 0.030831 -0.330472 0.007341
v 0.254599 -0.007545 -0.113740
v -0.141931 -0.393855 -0.156479
v 0.075783 0.401073 -0.236233
v 0.164727 -0.009016 -0.105932
v 0.313954 -0.046681 -0.119297
v -0.100161 -0.283047 -0.180203
v -0.190635 -0.132822 -0.021105
v -0.074516 0.234516 0.188455
v -0.297940 0.001873 -0.087052
v 0.253056 0.215534 -0.214035
v 0.062555 -0.500000 -0.110728
v 0.166620 -0.012412 -0.114107
v -0.049035 -0.325907 -0.159817
v -0.064472 -0.500000 -0.102394
v -0.384657 0.221409 -0.220752
v 0.096709 -0.500000 -0.037312
v 0.304445 -0.116682 -0.117689
v -0.142085 -0.353533 -0.031476
v -0.134226 -0.144943 -0.169328
v 0.264658 -0.006741 0.001886
v -0.167501 -0.086436 -0.008024
v -0.375686 0.185476 -0.214939
v -0.291947 0.419976 -0.264309
v 0.062786 0.104961 -0.175247
v -0.077463 0.119938 -0.199721
v 0.064619 -0.320659 0.010934
v -0.183262 -0.082658 -0.148341
v -0.240684 0.006725 -0.090230
v 0.357897 0.170500 -0.260239
v -0.065144 -0.449500 -0.017785
v 0.182741 0.408221 -0.251065
v 0.019351 -0.334780 -0.003169
v 0.132886 -0.500000 -0.146504
v -0.264510 0.280978 -0.224297
v -0.119130 -0.366467 -0.017519
v -0.085719 0.101075 -0.129652
v -0.173191 -0.400860 -0.120946
v 0.275234 -0.155507 -0.019523
v 0.303273 -0.127299 -0.112375
v 0.100547 -0.457259 -0.001247
v 0.202635 -0.113420 0.004288
v -0.256257 -0.139329 0.009948
v 0.177140 0.359001 -0.147726
v 0.120990 -0.126931 -0.181343
v -0.265931 -0.156998 -0.062923
v -0.072695 0.226544 0.180338
v -0.131568 -0.500000 -0.036107
v 0.138087 -0.500000 -0.042072
v -0.019595 0.117634 0.170799
v -0.040226 -0.316372 -0.171705
v 0.103865 -0.073594 -0.181218
v -0.363962 0.386113 -0.217545
v -0.153968 -0.076996 -0.015530
v -0.072954 -0.409446 -0.019086
v 0.265201 -0.156543 -0.068074
v 0.294674 -0.136678 -0.107497
v 0.348581 0.126901 -0.201947
v 0.043684 0.023763 0.174658
v 0.140601 -0.500000 -0.111511
v 0.045416 0.058476 0.201595
v 0.169176 -0.349941 -0.069518
v 0.059952 0.137823 0.218698
v 0.170259 -0.095895 -0.007733
v -0.014712 0.087170 0.154770
v -0.129458 -0.348985 -0.025139
v -0.126491 -0.111596 -0.167475
v -0.072518 -0.406632 -0.154782
v -0.390429 0.193981 -0.258288
v -0.309319 0.070377 -0.188631
v -0.130104 -0.500000 -0.088041
v -0.285215 0.002858 -0.090036
v -0.074372 0.242272 0.158014
v 0.357655 0.109381 -0.194660
v 0.165150 -0.112227 -0.016444
v -0.087453 -0.049150 -0.020928
v -0.122725 -0.500000 -0.065014
v -0.148697 -0.499224 -0.035835
v -0.027993 -0.459464 -0.101296
v 0.091095 0.257743 0.101334
v 0.195551 0.161862 -0.172848
v -0.049306 0.086683 0.175621
v -0.180769 -0.437325 -0.069575
v 0.056854 0.121511 0.229598
v -0.054056 0.105442 0.223385
v -0.306341 -0.008191 -0.098467
v 0.187725 0.369768 -0.183998
v 0.101092 -0.042633 -0.164794
v 0.020386 0.118391 0.171187
v 0.110765 -0.500000 -0.033394
v -0.147595 -0.500000 -0.093793
v -0.394790 0.186489 -0.253139
v 0.102428 -0.499977 -0.024727
v -0.168356 0.197947 -0.242842
v -0.251718 -0.144361 -0.106906
v 0.050791 0.105406 0.235848
v 0.002087 0.087982 0.155053
v 0.042544 0.086147 0.232938
v -0.177384 -0.439007 -0.057160
v -0.291604 0.007196 -0.077733
v 0.039887 0.060674 0.213893
v -0.062063 0.152596 0.227288
v -0.301902 0.047552 -0.182477
v -0.182430 -0.442109 -0.083048
v -0.305548 -0.015766 -0.106494
v -0.212009 -0.130366 -0.003882
v -0.038645 -0.014023 0.169597
v -0.291541 0.013256 -0.037281
v -0.054013 0.116746 0.194148
v -0.283806 -0.003755 -0.101620
v 0.165272 -0.165400 -0.104805
v 0.128080 -0.499584 -0.021741
v -0.330688 0.434328 -0.234623
v -0.142759 -0.408816 -0.159538
v 0.183653 0.068040 -0.217977
v 0.167233 -0.341308 -0.105402
v -0.029014 0.116815 0.171796
v 0.099378 -0.500000 -0.142857
v 0.014728 0.185096 0.163403
v 0.053783 0.095957 0.193470
v 0.180192 0.367723 -0.173190
v -0.138422 -0.500000 -0.072339
v 0.057865 0.334390 0.151314
v -0.070797 0.224735 0.166989
v -0.296504 -0.003161 -0.096055
v 0.049393 0.060525 0.180401
v 0.201658 0.058433 -0.171090
v -0.000624 -0.343809 -0.046363
v -0.118139 -0.288103 -0.009280
v -0.049319 0.111882 0.182020
v 0.062921 -0.500000 -0.136356
v -0.158144 -0.165159 -0.130627
v 0.122451 -0.070582 -0.159991
v -0.125165 0.121703 -0.127333
v 0.046337 0.045936 0.161346
v 0.166498 -0.168487 -0.090496
v -0.140309 -0.334689 -0.141577
v 0.044537 0.037236 0.184185
v -0.155721 0.084775 -0.208254
v 0.014191 -0.339303 -0.021559
v 0.051597 0.089882 0.215631
v -0.050025 0.072192 0.178157
v -0.170602 0.057873 -0.207017
v -0.180133 -0.138589 -0.040569
v -0.152792 -0.500000 -0.118859
v -0.248089 -0.011322 -0.119241
v -0.028180 0.088693 0.157522
v -0.056974 0.128118 0.205675
v -0.149686 -0.499871 -0.063649
v -0.122014 -0.371578 -0.156831
v -0.254111 0.002540 -0.098500
v -0.161979 -0.171001 -0.119871
v -0.130064 0.123809 -0.136479
v 0.049345 0.067758 0.197502
v -0.036529 0.065748 0.222167
v -0.034612 -0.025016 0.159515
v 0.050763 0.073126 0.180163
v -0.328154 -0.140087 -0.030852
v -0.143388 -0.144269 -0.154742
v -0.050696 0.117950 0.245111
v -0.041245 0.104958 0.171525
v 0.052629 0.084536 0.197338
v 0.412714 0.320218 -0.223503
v -0.040793 0.008216 0.177074
v 0.191416 -0.124570 -0.135058
v 0.185956 -0.105064 -0.144538
v -0.044226 0.032702 0.179695
v 0.022837 -0.340667 -0.031370
v 0.111604 -0.047946 -0.156682
v 0.178660 -0.121326 -0.014748
v -0.130273 -0.376083 -0.156380
v 0.090093 -0.499955 -0.154128
v 0.045271 0.030053 0.166360
v -0.165502 -0.163769 -0.080721
v -0.029766 0.057884 0.222081
v 0.173109 -0.103900 -0.008003
v -0.174694 -0.113545 -0.011198
v 0.165263 0.383741 -0.152267
v 0.170303 0.404376 -0.183098
v -0.119923 -0.499967 -0.027591
v 0.366255 0.106135 -0.224855
v -0.159148 0.064616 -0.175192
v 0.152339 -0.499938 -0.131136
v -0.251847 -0.004994 -0.111119
v 0.428608 0.322900 -0.240467
v 0.047685 0.080862 0.218523
v 0.061851 0.156126 0.215048
v 0.161715 -0.319546 -0.071115
v 0.145865 0.083301 -0.185431
v 0.156511 0.401131 -0.167521
v 0.149024 -0.099032 -0.149386
v -0.147736 -0.496723 -0.026469
v 0.130168 -0.076830 -0.157930
v -0.042430 0.061311 0.209264
v 0.051050 0.123372 0.188152
v -0.040458 0.041396 0.196412
v 0.177487 0.363350 -0.162989
v -0.064644 0.083890 -0.041768
v -0.030648 0.078178 0.238398
v -0.041508 0.028188 0.149684
v 0.430513 0.318673 -0.235253
v -0.163637 0.101649 -0.163496
v 0.134893 -0.087099 -0.159859
v 0.033186 0.040698 0.206776
f 2 3 1
f 22 2 1
f 3 9 1
f 6 4 1
f 4 22 1
f 9 6 1
f 2 5 3
f 2 7 5
f 14 7 2
f 22 14 2
f 5 10 3
f 9 3 10
f 6 8 4
f 8 11 4
f 11 22 4
f 5763 5 7
f 17 10 5
f 5763 17 5
f 15 8 6
f 9 19 6
f 19 15 6
f 18 13 7
f 13 5763 7
f 14 23 7
f 23 18 7
f 12 11 8
f 16 12 8
f 15 16 8
f 10 27 9
f 27 19 9
f 17 40 10
f 40 27 10
f 12 29 11
f 22 11 37
f 29 37 11
f 16 21 12
f 21 26 12
f 26 29 12
f 18 24 13
f 25 20 13
f 13 20 5763
f 24 25 13
f 22 38 14
f 38 23 14
f 32 16 15
f 19 36 15
f 36 32 15
f 31 21 16
f 32 31 16
f 20 34 17
f 20 17 5763
f 34 40 17
f 23 39 18
f 39 24 18
f 27 55 19
f 55 36 19
f 25 41 20
f 41 34 20
f 28 26 21
f 35 28 21
f 31 35 21
f 37 45 22
f 38 22 45
f 38 59 23
f 59 39 23
f 30 25 24
f 33 30 24
f 39 33 24
f 30 41 25
f 28 42 26
f 29 26 46
f 42 46 26
f 65 27 40
f 65 55 27
f 35 44 28
f 44 42 28
f 37 29 46
f 33 43 30
f 48 41 30
f 43 48 30
f 32 50 31
f 51 35 31
f 50 51 31
f 36 56 32
f 56 50 32
f 39 60 33
f 47 43 33
f 60 47 33
f 58 40 34
f 49 34 41
f 49 58 34
f 52 44 35
f 51 52 35
f 55 64 36
f 64 56 36
f 37 69 45
f 46 69 37
f 45 66 38
f 66 59 38
f 59 60 39
f 58 65 40
f 48 62 41
f 62 49 41
f 44 63 42
f 46 42 68
f 63 68 42
f 47 53 43
f 54 48 43
f 53 54 43
f 57 44 52
f 57 61 44
f 61 63 44
f 77 66 45
f 69 77 45
f 68 78 46
f 78 69 46
f 53 47 72
f 60 72 47
f 54 71 48
f 71 62 48
f 101 58 49
f 83 49 62
f 83 101 49
f 79 51 50
f 56 79 50
f 51 74 52
f 79 74 51
f 73 57 52
f 74 73 52
f 67 54 53
f 80 67 53
f 72 80 53
f 67 75 54
f 75 71 54
f 55 86 64
f 94 55 65
f 94 86 55
f 86 56 64
f 5685 79 56
f 86 110 56
f 110 5685 56
f 70 61 57
f 73 70 57
f 97 65 58
f 101 97 58
f 87 60 59
f 88 59 66
f 87 59 88
f 72 60 87
f 63 61 85
f 70 76 61
f 76 85 61
f 90 62 71
f 62 90 83
f 92 68 63
f 85 92 63
f 91 94 65
f 97 91 65
f 77 132 66
f 66 132 88
f 84 75 67
f 80 82 67
f 82 84 67
f 78 68 92
f 150 77 69
f 78 5846 69
f 5846 150 69
f 89 70 73
f 81 76 70
f 89 81 70
f 75 93 71
f 93 90 71
f 80 72 87
f 74 103 73
f 73 99 89
f 103 99 73
f 79 5922 74
f 5922 103 74
f 84 98 75
f 98 93 75
f 81 100 76
f 85 76 105
f 100 105 76
f 148 132 77
f 150 148 77
f 92 109 78
f 109 5846 78
f 79 5685 5691
f 5691 5899 79
f 79 5899 5922
f 82 80 113
f 87 113 80
f 89 96 81
f 96 102 81
f 102 100 81
f 95 84 82
f 113 95 82
f 90 108 83
f 108 101 83
f 95 104 84
f 104 98 84
f 109 92 85
f 105 109 85
f 94 122 86
f 125 110 86
f 122 125 86
f 88 117 87
f 113 87 117
f 153 117 88
f 132 153 88
f 99 96 89
f 93 111 90
f 128 108 90
f 111 128 90
f 122 94 91
f 139 91 97
f 146 122 91
f 139 146 91
f 98 111 93
f 114 104 95
f 113 124 95
f 124 114 95
f 99 107 96
f 106 102 96
f 96 107 106
f 101 130 97
f 130 139 97
f 104 118 98
f 118 111 98
f 103 129 99
f 116 107 99
f 99 134 116
f 129 134 99
f 102 115 100
f 100 123 105
f 115 123 100
f 130 101 108
f 106 120 102
f 120 115 102
f 5692 103 112
f 5922 112 103
f 5692 129 103
f 114 121 104
f 121 118 104
f 109 105 5853
f 5853 105 123
f 107 116 106
f 116 119 106
f 119 120 106
f 128 130 108
f 141 5846 109
f 5853 141 109
f 125 136 110
f 136 5691 110
f 5685 110 5691
f 140 111 118
f 147 128 111
f 140 147 111
f 136 157 112
f 136 112 5691
f 5692 112 157
f 5691 112 5899
f 5899 112 5922
f 117 142 113
f 124 113 142
f 126 121 114
f 124 135 114
f 135 126 114
f 120 123 115
f 127 119 116
f 134 127 116
f 156 142 117
f 153 156 117
f 133 118 121
f 133 140 118
f 143 120 119
f 127 131 119
f 131 143 119
f 120 151 123
f 143 151 120
f 138 121 126
f 138 133 121
f 122 163 125
f 146 163 122
f 151 5853 123
f 135 124 142
f 164 136 125
f 163 164 125
f 135 155 126
f 158 138 126
f 155 158 126
f 137 131 127
f 144 127 134
f 144 137 127
f 149 130 128
f 147 149 128
f 129 169 134
f 152 169 129
f 5692 152 129
f 166 139 130
f 149 159 130
f 159 166 130
f 137 145 131
f 154 143 131
f 145 154 131
f 132 148 230
f 237 153 132
f 237 132 230
f 138 195 133
f 133 167 140
f 195 167 133
f 134 161 144
f 134 169 161
f 142 5883 135
f 5883 155 135
f 157 136 172
f 164 172 136
f 160 137 144
f 160 145 137
f 213 138 158
f 138 223 195
f 213 223 138
f 174 146 139
f 166 174 139
f 140 165 147
f 167 165 140
f 150 141 245
f 141 150 5846
f 181 263 141
f 181 141 5853
f 263 245 141
f 156 5883 142
f 143 168 151
f 154 168 143
f 144 170 160
f 161 170 144
f 177 154 145
f 160 173 145
f 173 177 145
f 174 163 146
f 165 149 147
f 184 148 150
f 184 230 148
f 175 159 149
f 165 175 149
f 184 150 245
f 168 182 151
f 181 151 296
f 151 181 5853
f 182 296 151
f 157 204 152
f 157 152 5692
f 191 169 152
f 204 191 152
f 270 156 153
f 237 270 153
f 177 168 154
f 155 207 158
f 155 162 207
f 5883 162 155
f 270 269 156
f 5810 156 269
f 5810 5883 156
f 157 172 193
f 193 204 157
f 207 215 158
f 215 213 158
f 209 166 159
f 175 209 159
f 171 160 170
f 171 173 160
f 178 161 169
f 178 170 161
f 279 207 162
f 5812 279 162
f 5810 5812 162
f 5810 162 5883
f 247 164 163
f 174 247 163
f 236 172 164
f 277 236 164
f 247 277 164
f 167 194 165
f 186 175 165
f 194 186 165
f 227 174 166
f 209 227 166
f 167 195 194
f 177 265 168
f 168 356 182
f 315 168 265
f 168 315 356
f 191 178 169
f 176 171 170
f 214 176 170
f 214 170 178
f 179 173 171
f 176 200 171
f 200 179 171
f 302 193 172
f 236 302 172
f 177 173 179
f 227 313 174
f 313 247 174
f 186 249 175
f 249 209 175
f 221 200 176
f 229 176 214
f 229 221 176
f 179 232 177
f 232 265 177
f 191 226 178
f 251 214 178
f 226 251 178
f 200 232 179
f 187 180 185
f 180 192 185
f 187 201 180
f 188 190 180
f 201 188 180
f 192 180 190
f 181 286 263
f 296 286 181
f 344 296 182
f 356 344 182
f 187 185 183
f 197 183 185
f 206 187 183
f 198 183 197
f 198 203 183
f 203 206 183
f 230 184 288
f 245 288 184
f 192 199 185
f 205 197 185
f 199 205 185
f 186 194 272
f 186 345 249
f 345 186 272
f 201 187 233
f 206 233 187
f 189 190 188
f 208 189 188
f 201 212 188
f 212 208 188
f 189 196 190
f 189 202 196
f 189 217 202
f 208 217 189
f 196 192 190
f 204 241 191
f 241 226 191
f 196 199 192
f 335 204 193
f 302 5732 193
f 5732 335 193
f 195 300 194
f 300 272 194
f 223 300 195
f 199 196 220
f 210 196 202
f 210 220 196
f 211 198 197
f 205 218 197
f 218 211 197
f 224 203 198
f 211 224 198
f 205 199 225
f 244 199 220
f 225 199 244
f 221 253 200
f 253 232 200
f 212 201 242
f 233 242 201
f 216 210 202
f 222 216 202
f 217 235 202
f 235 222 202
f 206 203 239
f 224 259 203
f 239 203 259
f 335 241 204
f 205 228 218
f 225 228 205
f 233 206 239
f 248 215 207
f 279 248 207
f 212 246 208
f 217 208 240
f 240 208 246
f 334 227 209
f 249 334 209
f 216 219 210
f 219 220 210
f 218 231 211
f 224 211 255
f 231 255 211
f 242 246 212
f 215 257 213
f 213 275 223
f 257 5943 213
f 5943 275 213
f 254 229 214
f 251 254 214
f 248 257 215
f 219 216 250
f 222 238 216
f 238 260 216
f 260 250 216
f 264 235 217
f 240 264 217
f 228 234 218
f 234 231 218
f 219 252 220
f 250 258 219
f 258 252 219
f 220 5696 244
f 252 5696 220
f 229 256 221
f 261 253 221
f 256 261 221
f 235 271 222
f 238 222 271
f 275 300 223
f 255 276 224
f 259 224 276
f 243 228 225
f 243 225 280
f 309 225 244
f 280 225 309
f 241 278 226
f 278 251 226
f 374 313 227
f 350 227 334
f 350 374 227
f 266 234 228
f 243 266 228
f 254 267 229
f 267 256 229
f 326 237 230
f 322 230 288
f 322 326 230
f 234 268 231
f 255 231 283
f 268 283 231
f 299 232 253
f 265 232 299
f 239 298 233
f 298 242 233
f 266 262 234
f 262 268 234
f 264 317 235
f 271 235 317
f 236 277 391
f 236 391 302
f 304 270 237
f 326 304 237
f 260 238 290
f 271 290 238
f 259 297 239
f 297 298 239
f 289 240 246
f 264 240 289
f 241 375 278
f 335 375 241
f 291 246 242
f 5770 291 242
f 298 5770 242
f 266 243 293
f 280 301 243
f 311 293 243
f 301 311 243
f 282 309 244
f 5696 282 244
f 307 245 263
f 288 245 339
f 307 339 245
f 291 289 246
f 352 277 247
f 313 352 247
f 292 257 248
f 279 310 248
f 310 292 248
f 334 249 343
f 345 343 249
f 273 258 250
f 260 287 250
f 287 273 250
f 251 294 254
f 346 251 278
f 346 294 251
f 252 258 274
f 274 5988 252
f 323 282 252
f 252 282 5696
f 252 5988 323
f 308 253 261
f 308 299 253
f 254 294 267
f 276 255 320
f 283 320 255
f 281 261 256
f 267 284 256
f 284 281 256
f 292 318 257
f 257 318 5943
f 273 274 258
f 276 297 259
f 287 260 319
f 290 319 260
f 281 314 261
f 314 308 261
f 266 295 262
f 268 262 305
f 295 305 262
f 286 307 263
f 289 317 264
f 299 315 265
f 293 285 266
f 285 295 266
f 312 284 267
f 294 312 267
f 283 268 325
f 305 325 268
f 383 269 270
f 269 383 420
f 269 420 5812
f 269 5812 5810
f 304 387 270
f 427 383 270
f 387 427 270
f 290 271 338
f 331 271 317
f 338 271 331
f 367 272 300
f 371 345 272
f 367 371 272
f 273 306 274
f 287 336 273
f 273 336 306
f 303 274 306
f 5988 274 303
f 275 372 300
f 378 275 318
f 318 275 5943
f 378 372 275
f 412 297 276
f 433 276 320
f 433 412 276
f 352 394 277
f 394 391 277
f 375 346 278
f 279 349 310
f 385 349 279
f 5812 385 279
f 354 301 280
f 337 280 309
f 337 354 280
f 284 316 281
f 321 314 281
f 316 321 281
f 359 309 282
f 323 379 282
f 348 359 282
f 379 348 282
f 320 283 5916
f 325 5916 283
f 312 328 284
f 284 328 316
f 293 333 285
f 295 285 341
f 333 341 285
f 296 401 286
f 384 307 286
f 384 286 401
f 319 342 287
f 336 287 342
f 322 288 402
f 339 402 288
f 291 472 289
f 289 472 317
f 319 290 357
f 338 357 290
f 517 291 458
f 5770 458 291
f 517 472 291
f 292 310 332
f 292 409 318
f 332 409 292
f 311 330 293
f 330 333 293
f 353 312 294
f 346 353 294
f 305 295 365
f 341 365 295
f 395 296 344
f 395 401 296
f 505 298 297
f 412 505 297
f 298 503 458
f 298 458 5770
f 505 503 298
f 299 308 5900
f 440 315 299
f 5900 440 299
f 372 367 300
f 327 311 301
f 354 327 301
f 391 414 302
f 414 5732 302
f 306 351 303
f 340 324 303
f 324 5988 303
f 351 340 303
f 326 425 304
f 425 387 304
f 325 305 365
f 336 376 306
f 351 306 376
f 339 307 377
f 384 377 307
f 308 314 366
f 5900 308 366
f 358 337 309
f 309 364 358
f 359 364 309
f 310 368 332
f 349 368 310
f 327 347 311
f 347 330 311
f 360 328 312
f 353 360 312
f 374 352 313
f 314 321 366
f 381 356 315
f 381 315 440
f 382 321 316
f 328 355 316
f 355 382 316
f 317 430 331
f 472 430 317
f 318 437 378
f 448 318 409
f 448 437 318
f 357 342 319
f 5935 433 320
f 320 5916 5935
f 416 366 321
f 382 416 321
f 442 326 322
f 402 442 322
f 323 329 361
f 5988 329 323
f 369 323 361
f 379 323 369
f 324 362 329
f 329 5988 324
f 340 380 324
f 380 362 324
f 5930 325 365
f 5930 5840 325
f 325 5840 5955
f 5955 5916 325
f 438 425 326
f 442 438 326
f 363 347 327
f 354 363 327
f 370 355 328
f 360 370 328
f 362 361 329
f 333 330 386
f 347 390 330
f 390 386 330
f 451 338 331
f 430 497 331
f 497 451 331
f 435 332 368
f 409 332 435
f 386 341 333
f 343 373 334
f 373 350 334
f 375 335 422
f 5732 422 335
f 342 453 336
f 453 376 336
f 337 389 354
f 358 389 337
f 451 357 338
f 377 455 339
f 455 402 339
f 351 388 340
f 388 380 340
f 403 365 341
f 386 403 341
f 406 342 357
f 406 453 342
f 345 446 343
f 343 478 373
f 446 478 343
f 356 408 344
f 408 395 344
f 371 432 345
f 432 446 345
f 397 353 346
f 375 5804 346
f 5804 397 346
f 363 410 347
f 390 347 410
f 359 348 415
f 379 393 348
f 424 348 393
f 419 415 348
f 419 348 424
f 349 481 368
f 385 534 349
f 349 496 481
f 349 534 496
f 373 485 350
f 350 485 374
f 388 351 376
f 374 450 352
f 352 498 394
f 450 498 352
f 407 360 353
f 397 407 353
f 392 363 354
f 389 411 354
f 411 392 354
f 405 355 370
f 405 382 355
f 381 408 356
f 451 406 357
f 364 396 358
f 389 358 413
f 396 413 358
f 398 364 359
f 426 398 359
f 415 426 359
f 360 418 370
f 407 418 360
f 362 400 361
f 361 399 369
f 400 399 361
f 428 362 380
f 400 362 428
f 392 431 363
f 410 363 423
f 431 423 363
f 364 417 396
f 398 417 364
f 5930 365 403
f 416 5933 366
f 421 5900 366
f 5933 421 366
f 5854 371 367
f 367 372 530
f 521 367 530
f 521 5854 367
f 481 435 368
f 404 379 369
f 399 404 369
f 370 418 405
f 501 432 371
f 5854 501 371
f 372 378 437
f 483 372 437
f 530 372 483
f 478 541 373
f 541 485 373
f 485 450 374
f 422 469 375
f 469 5804 375
f 447 388 376
f 376 516 447
f 516 376 453
f 384 455 377
f 404 393 379
f 388 452 380
f 428 380 452
f 543 408 381
f 440 543 381
f 405 429 382
f 382 434 416
f 429 434 382
f 443 420 383
f 427 443 383
f 499 384 401
f 455 384 499
f 420 495 385
f 420 385 5812
f 495 534 385
f 386 390 466
f 403 386 436
f 5938 436 386
f 386 466 5938
f 425 456 387
f 427 387 456
f 452 388 447
f 441 411 389
f 413 441 389
f 390 410 466
f 511 391 394
f 511 414 391
f 411 461 392
f 431 392 474
f 461 474 392
f 404 444 393
f 444 424 393
f 498 511 394
f 401 395 467
f 408 507 395
f 507 467 395
f 439 413 396
f 417 439 396
f 462 407 397
f 509 462 397
f 469 509 397
f 469 397 5804
f 445 417 398
f 426 445 398
f 400 457 399
f 460 404 399
f 460 399 457
f 428 463 400
f 457 400 463
f 467 499 401
f 442 402 480
f 480 402 455
f 436 605 403
f 605 5930 403
f 444 404 475
f 460 475 404
f 459 405 418
f 459 429 405
f 512 406 451
f 406 562 453
f 512 5748 406
f 5748 562 406
f 462 418 407
f 543 507 408
f 435 492 409
f 510 448 409
f 492 510 409
f 479 410 423
f 466 410 479
f 441 464 411
f 461 411 464
f 528 412 433
f 412 519 505
f 412 528 519
f 439 477 413
f 477 441 413
f 511 550 414
f 550 535 414
f 414 535 5732
f 419 454 415
f 449 426 415
f 454 449 415
f 416 434 473
f 473 471 416
f 416 471 5933
f 465 439 417
f 445 465 417
f 508 459 418
f 462 513 418
f 513 508 418
f 424 470 419
f 470 454 419
f 443 495 420
f 5716 440 421
f 421 440 5900
f 471 526 421
f 471 421 5933
f 526 5716 421
f 555 469 422
f 535 555 422
f 535 422 5732
f 431 482 423
f 479 423 482
f 444 488 424
f 488 470 424
f 438 520 425
f 456 425 520
f 487 445 426
f 449 487 426
f 490 443 427
f 456 490 427
f 452 463 428
f 468 434 429
f 459 468 429
f 531 430 472
f 545 497 430
f 531 545 430
f 474 482 431
f 524 446 432
f 501 524 432
f 540 433 493
f 493 433 5935
f 540 528 433
f 468 486 434
f 486 473 434
f 481 492 435
f 563 616 436
f 5938 563 436
f 616 605 436
f 551 437 448
f 551 483 437
f 442 476 438
f 476 520 438
f 465 484 439
f 484 477 439
f 5716 543 440
f 464 441 494
f 477 494 441
f 480 476 442
f 490 554 443
f 495 443 554
f 475 506 444
f 488 444 506
f 465 445 500
f 487 500 445
f 478 446 561
f 524 561 446
f 447 491 452
f 5786 491 447
f 516 5876 447
f 5876 5786 447
f 510 566 448
f 566 551 448
f 454 502 449
f 502 487 449
f 485 588 450
f 588 498 450
f 451 497 512
f 452 491 463
f 453 562 516
f 470 527 454
f 502 454 527
f 532 480 455
f 537 455 499
f 537 532 455
f 520 490 456
f 457 489 460
f 463 489 457
f 503 592 458
f 458 592 517
f 518 468 459
f 565 459 508
f 568 518 459
f 565 568 459
f 460 529 475
f 489 529 460
f 464 504 461
f 474 461 504
f 509 515 462
f 515 513 462
f 463 491 489
f 494 504 464
f 484 465 500
f 544 466 479
f 544 563 466
f 466 563 5938
f 467 538 499
f 507 538 467
f 518 486 468
f 564 509 469
f 555 564 469
f 488 522 470
f 522 527 470
f 473 523 471
f 523 526 471
f 472 517 599
f 531 472 599
f 486 523 473
f 482 474 514
f 504 514 474
f 529 506 475
f 480 576 476
f 549 520 476
f 573 549 476
f 476 5865 573
f 476 576 5865
f 484 525 477
f 533 494 477
f 525 533 477
f 561 541 478
f 482 547 479
f 544 479 547
f 532 576 480
f 539 492 481
f 496 539 481
f 514 547 482
f 577 530 483
f 551 582 483
f 582 577 483
f 500 525 484
f 541 587 485
f 587 588 485
f 518 542 486
f 542 523 486
f 500 487 548
f 502 548 487
f 506 522 488
f 5820 489 491
f 489 5820 529
f 520 591 490
f 591 554 490
f 673 5820 491
f 491 5822 673
f 5822 491 5786
f 546 510 492
f 539 546 492
f 558 540 493
f 558 493 5940
f 5935 5916 493
f 5955 493 5916
f 5940 493 5955
f 504 494 533
f 579 534 495
f 554 584 495
f 584 579 495
f 579 496 534
f 586 539 496
f 579 594 496
f 594 586 496
f 497 557 512
f 497 545 557
f 511 498 559
f 498 588 559
f 499 580 537
f 538 580 499
f 525 500 553
f 548 553 500
f 521 607 501
f 521 501 5854
f 501 607 524
f 527 552 502
f 548 502 552
f 505 655 503
f 592 503 589
f 503 655 589
f 514 504 621
f 504 533 627
f 504 627 621
f 519 567 505
f 567 655 505
f 556 522 506
f 529 556 506
f 572 538 507
f 507 543 572
f 565 508 513
f 597 515 509
f 564 597 509
f 546 566 510
f 581 550 511
f 559 581 511
f 557 5925 512
f 512 670 5748
f 5925 670 512
f 515 608 513
f 596 565 513
f 608 596 513
f 514 629 547
f 621 629 514
f 597 608 515
f 562 5876 516
f 599 517 592
f 569 542 518
f 568 569 518
f 570 519 528
f 570 567 519
f 549 591 520
f 530 577 521
f 577 617 521
f 617 607 521
f 522 680 527
f 5779 522 556
f 680 522 5779
f 571 526 523
f 542 571 523
f 524 640 561
f 607 640 524
f 525 675 533
f 525 553 610
f 610 675 525
f 603 526 571
f 603 612 526
f 526 612 5716
f 527 645 552
f 680 645 527
f 540 574 528
f 574 570 528
f 529 5873 556
f 5820 5873 529
f 545 531 575
f 599 575 531
f 537 600 532
f 602 576 532
f 600 602 532
f 627 533 675
f 550 611 535
f 555 535 618
f 611 618 535
f 590 560 536
f 536 560 5902
f 536 605 590
f 605 536 5930
f 5930 536 5902
f 580 600 537
f 572 613 538
f 613 580 538
f 586 546 539
f 583 540 558
f 583 574 540
f 561 615 541
f 593 587 541
f 615 593 541
f 542 569 601
f 542 601 571
f 612 572 543
f 5716 612 543
f 547 651 544
f 625 563 544
f 651 625 544
f 545 575 557
f 585 566 546
f 586 585 546
f 651 547 629
f 548 552 644
f 548 610 553
f 610 548 644
f 620 549 573
f 620 591 549
f 581 611 550
f 566 609 551
f 637 582 551
f 609 637 551
f 644 552 645
f 591 584 554
f 564 555 622
f 618 622 555
f 652 701 556
f 5873 652 556
f 701 5779 556
f 575 635 557
f 686 557 635
f 686 5925 557
f 560 578 558
f 560 558 5940
f 558 578 583
f 598 581 559
f 588 598 559
f 5981 578 560
f 5981 560 590
f 560 5940 5902
f 615 561 640
f 5748 670 562
f 670 5795 562
f 562 5795 5876
f 625 616 563
f 668 597 564
f 622 668 564
f 604 568 565
f 596 632 565
f 632 604 565
f 585 609 566
f 567 570 660
f 567 659 655
f 567 660 659
f 595 569 568
f 604 595 568
f 595 601 569
f 574 669 570
f 669 660 570
f 601 634 571
f 571 682 603
f 634 705 571
f 732 682 571
f 705 732 571
f 612 664 572
f 664 613 572
f 573 718 620
f 573 641 5693
f 5865 641 573
f 672 718 573
f 573 5693 672
f 5976 574 583
f 574 685 669
f 685 574 5976
f 599 631 575
f 631 635 575
f 602 641 576
f 576 641 5865
f 582 647 577
f 653 617 577
f 647 653 577
f 6014 583 578
f 5981 6014 578
f 606 579 584
f 606 594 579
f 600 580 5694
f 580 613 648
f 648 5694 580
f 598 906 581
f 611 581 674
f 581 906 674
f 637 647 582
f 6014 5976 583
f 591 624 584
f 624 606 584
f 586 614 585
f 623 609 585
f 614 623 585
f 626 586 594
f 626 614 586
f 588 587 646
f 587 593 628
f 628 646 587
f 646 598 588
f 589 654 592
f 694 654 589
f 655 691 589
f 691 725 589
f 725 694 589
f 605 639 590
f 5859 590 639
f 5859 5981 590
f 620 642 591
f 642 624 591
f 658 599 592
f 654 658 592
f 615 679 593
f 679 628 593
f 606 626 594
f 638 601 595
f 604 633 595
f 633 638 595
f 608 630 596
f 671 596 630
f 671 632 596
f 630 608 597
f 684 630 597
f 668 684 597
f 598 646 698
f 698 924 598
f 598 924 906
f 658 631 599
f 661 602 600
f 600 650 661
f 650 600 5694
f 638 634 601
f 661 641 602
f 682 612 603
f 632 633 604
f 616 639 605
f 656 606 624
f 663 626 606
f 656 663 606
f 617 636 607
f 636 640 607
f 623 649 609
f 649 637 609
f 644 716 610
f 610 785 675
f 610 716 785
f 618 611 657
f 611 5806 657
f 611 674 5806
f 750 664 612
f 750 612 682
f 613 664 648
f 643 623 614
f 626 643 614
f 640 681 615
f 679 615 681
f 625 759 616
f 759 639 616
f 636 617 653
f 713 622 618
f 713 618 657
f 5795 727 619
f 727 5807 619
f 5822 5786 619
f 5876 619 5786
f 5795 619 5876
f 5807 5797 619
f 5797 5822 619
f 667 642 620
f 718 667 620
f 627 688 621
f 621 678 629
f 688 678 621
f 622 713 668
f 643 666 623
f 666 649 623
f 642 665 624
f 665 656 624
f 651 755 625
f 755 759 625
f 663 643 626
f 627 675 772
f 627 748 688
f 627 804 748
f 627 772 804
f 698 646 628
f 679 761 628
f 698 628 761
f 695 651 629
f 678 695 629
f 717 671 630
f 684 717 630
f 631 700 635
f 658 700 631
f 662 633 632
f 671 662 632
f 633 676 638
f 662 676 633
f 638 689 634
f 724 634 689
f 724 705 634
f 635 711 686
f 700 711 635
f 636 726 640
f 653 731 636
f 731 726 636
f 647 637 687
f 649 677 637
f 687 637 677
f 676 689 638
f 746 736 639
f 736 5859 639
f 759 746 639
f 681 640 749
f 749 640 726
f 661 703 641
f 703 690 641
f 690 5693 641
f 667 665 642
f 683 643 663
f 683 666 643
f 645 715 644
f 715 716 644
f 645 680 715
f 653 647 693
f 687 693 647
f 741 650 648
f 648 650 5694
f 664 782 648
f 782 741 648
f 666 697 649
f 677 649 697
f 661 650 704
f 650 706 704
f 741 706 650
f 695 755 651
f 5936 701 652
f 843 652 712
f 712 652 5783
f 843 5936 652
f 5783 652 5873
f 693 733 653
f 731 653 733
f 694 658 654
f 659 691 655
f 774 663 656
f 665 774 656
f 713 657 795
f 773 968 657
f 657 5806 773
f 1190 795 657
f 968 1190 657
f 728 658 694
f 658 735 700
f 728 735 658
f 702 659 660
f 691 659 730
f 702 737 659
f 659 737 730
f 669 702 660
f 704 703 661
f 671 710 662
f 676 662 710
f 766 683 663
f 774 766 663
f 750 865 664
f 891 782 664
f 865 891 664
f 667 788 665
f 846 774 665
f 788 846 665
f 683 707 666
f 707 697 666
f 667 718 765
f 765 788 667
f 684 668 708
f 708 668 734
f 713 734 668
f 685 702 669
f 753 670 699
f 5925 699 670
f 753 727 670
f 727 5795 670
f 710 671 717
f 722 672 690
f 672 5693 690
f 747 718 672
f 722 747 672
f 673 712 5783
f 673 5822 712
f 673 5783 5820
f 906 773 674
f 773 5806 674
f 675 819 772
f 675 785 819
f 720 689 676
f 710 720 676
f 687 677 719
f 697 719 677
f 748 678 688
f 770 695 678
f 748 770 678
f 681 749 679
f 749 761 679
f 709 680 701
f 680 5779 701
f 709 715 680
f 682 732 750
f 756 707 683
f 756 683 766
f 708 776 684
f 717 684 776
f 692 723 685
f 692 685 5976
f 745 702 685
f 723 745 685
f 686 763 699
f 686 699 5925
f 711 763 686
f 693 687 729
f 719 729 687
f 720 724 689
f 703 744 690
f 690 744 722
f 801 725 691
f 730 768 691
f 768 801 691
f 738 692 696
f 696 692 6014
f 692 738 723
f 692 5976 6014
f 729 733 693
f 725 801 694
f 801 728 694
f 770 755 695
f 738 696 721
f 696 5859 721
f 696 5981 5859
f 696 6014 5981
f 707 739 697
f 719 697 739
f 761 834 698
f 924 698 834
f 5695 753 699
f 763 5695 699
f 742 711 700
f 700 735 742
f 701 836 709
f 888 836 701
f 873 888 701
f 873 701 5936
f 745 737 702
f 743 703 704
f 743 760 703
f 762 744 703
f 760 762 703
f 706 751 704
f 751 743 704
f 724 764 705
f 780 732 705
f 764 780 705
f 962 706 741
f 814 751 706
f 962 814 706
f 739 707 756
f 734 757 708
f 776 708 757
f 709 836 715
f 717 758 710
f 752 720 710
f 710 758 752
f 784 711 742
f 711 784 763
f 810 843 712
f 712 5797 810
f 712 5822 5797
f 795 734 713
f 1030 714 740
f 740 714 5807
f 810 5797 714
f 5974 810 714
f 1030 1099 714
f 1099 1077 714
f 1077 5974 714
f 5807 714 5797
f 715 849 716
f 836 849 715
f 716 849 785
f 776 758 717
f 747 765 718
f 729 719 775
f 739 767 719
f 767 775 719
f 779 724 720
f 752 779 720
f 736 769 721
f 736 721 5859
f 787 738 721
f 769 799 721
f 799 787 721
f 744 792 722
f 747 722 786
f 722 792 786
f 723 738 771
f 863 745 723
f 723 771 863
f 779 764 724
f 778 726 731
f 749 726 754
f 726 815 754
f 815 726 778
f 753 740 727
f 727 740 5807
f 728 817 735
f 803 728 801
f 803 817 728
f 733 729 783
f 775 783 729
f 737 777 730
f 777 768 730
f 733 778 731
f 732 794 750
f 780 806 732
f 732 806 794
f 778 733 783
f 820 757 734
f 795 881 734
f 881 820 734
f 742 735 781
f 735 825 781
f 817 825 735
f 746 769 736
f 737 745 840
f 840 777 737
f 738 787 771
f 756 790 739
f 790 767 739
f 740 753 875
f 991 740 875
f 1041 740 991
f 1041 1030 740
f 782 874 741
f 962 741 874
f 784 742 781
f 751 807 743
f 760 743 793
f 743 807 793
f 762 797 744
f 797 792 744
f 856 840 745
f 863 856 745
f 759 816 746
f 746 853 769
f 816 877 746
f 877 853 746
f 870 765 747
f 786 870 747
f 869 770 748
f 804 1026 748
f 1026 869 748
f 749 754 921
f 761 749 5762
f 921 910 749
f 910 5762 749
f 794 865 750
f 814 807 751
f 758 796 752
f 796 779 752
f 821 875 753
f 5695 821 753
f 815 921 754
f 816 759 755
f 770 798 755
f 798 816 755
f 766 811 756
f 811 790 756
f 776 757 832
f 820 854 757
f 832 757 854
f 776 808 758
f 808 796 758
f 762 760 789
f 760 800 789
f 800 760 793
f 834 761 1035
f 761 5762 1035
f 791 762 789
f 791 797 762
f 763 784 821
f 821 5695 763
f 779 805 764
f 805 780 764
f 993 788 765
f 870 993 765
f 774 903 766
f 903 811 766
f 775 767 812
f 790 812 767
f 777 880 768
f 768 880 801
f 853 799 769
f 869 798 770
f 771 787 802
f 771 802 863
f 804 772 1270
f 1056 772 819
f 1270 772 1056
f 906 1053 773
f 968 773 1132
f 1053 5924 773
f 5924 1132 773
f 909 774 846
f 909 903 774
f 783 775 838
f 812 838 775
f 808 776 832
f 840 901 777
f 901 880 777
f 833 778 783
f 833 815 778
f 796 850 779
f 850 805 779
f 805 855 780
f 855 806 780
f 871 784 781
f 984 781 825
f 984 871 781
f 874 782 891
f 838 833 783
f 871 821 784
f 785 5826 819
f 849 5826 785
f 792 879 786
f 938 870 786
f 879 938 786
f 920 787 799
f 787 896 802
f 920 896 787
f 919 846 788
f 993 919 788
f 791 789 809
f 800 809 789
f 811 868 790
f 812 790 868
f 813 797 791
f 791 809 813
f 876 792 797
f 879 792 876
f 818 800 793
f 807 839 793
f 847 818 793
f 839 847 793
f 806 889 794
f 794 945 865
f 889 907 794
f 907 945 794
f 1165 881 795
f 1190 1165 795
f 808 857 796
f 857 850 796
f 837 797 813
f 837 876 797
f 798 916 816
f 869 916 798
f 853 926 799
f 926 920 799
f 818 809 800
f 940 803 801
f 880 5858 801
f 5858 940 801
f 923 863 802
f 988 802 896
f 802 1009 923
f 988 1009 802
f 940 817 803
f 1270 1026 804
f 850 883 805
f 883 855 805
f 855 889 806
f 814 859 807
f 807 859 839
f 832 892 808
f 857 808 892
f 809 841 813
f 818 824 809
f 824 826 809
f 826 841 809
f 5838 843 810
f 978 5838 810
f 5974 978 810
f 970 868 811
f 903 970 811
f 893 838 812
f 868 893 812
f 861 837 813
f 841 861 813
f 866 859 814
f 956 866 814
f 956 814 962
f 833 902 815
f 921 815 902
f 816 895 877
f 916 895 816
f 972 825 817
f 1070 817 940
f 1070 972 817
f 831 824 818
f 847 831 818
f 5826 1056 819
f 820 922 854
f 881 922 820
f 1003 821 871
f 974 875 821
f 974 821 1003
f 822 823 828
f 829 823 822
f 827 822 828
f 827 842 822
f 835 829 822
f 842 835 822
f 823 844 828
f 829 852 823
f 852 844 823
f 827 826 824
f 831 827 824
f 825 972 984
f 828 826 827
f 828 841 826
f 831 842 827
f 844 830 828
f 830 862 828
f 862 841 828
f 835 845 829
f 845 851 829
f 851 852 829
f 844 860 830
f 860 862 830
f 864 842 831
f 847 864 831
f 854 922 832
f 892 832 936
f 832 922 964
f 936 832 964
f 838 914 833
f 943 902 833
f 914 943 833
f 985 924 834
f 985 834 1035
f 848 835 842
f 845 835 848
f 899 849 836
f 888 899 836
f 861 887 837
f 887 876 837
f 893 914 838
f 890 847 839
f 859 890 839
f 856 901 840
f 862 861 841
f 867 848 842
f 864 867 842
f 873 843 5838
f 843 873 5936
f 858 844 852
f 858 885 844
f 885 860 844
f 848 872 845
f 845 884 851
f 872 884 845
f 919 909 846
f 864 847 882
f 890 882 847
f 867 900 848
f 900 872 848
f 899 5852 849
f 849 5852 5826
f 857 905 850
f 905 883 850
f 878 852 851
f 884 878 851
f 886 858 852
f 878 886 852
f 877 967 853
f 967 926 853
f 883 932 855
f 932 889 855
f 863 923 856
f 856 971 901
f 971 856 923
f 892 905 857
f 897 885 858
f 886 904 858
f 904 897 858
f 928 859 866
f 859 917 890
f 928 917 859
f 860 898 862
f 885 912 860
f 898 860 912
f 862 887 861
f 898 887 862
f 882 867 864
f 947 891 865
f 945 947 865
f 995 928 866
f 956 995 866
f 927 867 882
f 927 900 867
f 1191 893 868
f 970 1191 868
f 1134 916 869
f 1026 1134 869
f 938 987 870
f 987 993 870
f 984 1047 871
f 1003 871 1047
f 925 884 872
f 900 925 872
f 873 994 888
f 994 873 978
f 873 5838 978
f 969 874 891
f 962 874 1025
f 1100 874 969
f 1025 874 1100
f 974 990 875
f 990 991 875
f 908 879 876
f 908 876 887
f 1006 877 895
f 1006 967 877
f 884 913 878
f 894 886 878
f 878 913 894
f 908 938 879
f 901 1032 880
f 880 1032 1154
f 880 1154 5858
f 922 881 5973
f 1165 1039 881
f 1039 5973 881
f 890 917 882
f 917 927 882
f 905 932 883
f 915 913 884
f 925 915 884
f 911 885 897
f 911 955 885
f 885 955 912
f 894 941 886
f 886 997 904
f 997 886 941
f 918 887 898
f 887 973 908
f 918 973 887
f 899 888 6007
f 994 6007 888
f 957 907 889
f 957 889 932
f 947 1019 891
f 1019 969 891
f 905 892 948
f 936 948 892
f 1055 914 893
f 1191 1055 893
f 939 894 913
f 894 939 941
f 916 1134 895
f 1134 1006 895
f 920 988 896
f 904 931 897
f 897 1029 911
f 931 1029 897
f 930 898 912
f 930 918 898
f 1133 1116 899
f 899 1116 5852
f 899 6007 1133
f 900 929 925
f 927 929 900
f 971 1054 901
f 1054 1032 901
f 950 921 902
f 943 950 902
f 1083 903 909
f 1083 970 903
f 981 931 904
f 997 981 904
f 932 905 948
f 906 924 975
f 1053 906 975
f 1017 945 907
f 957 977 907
f 1017 907 977
f 908 1057 938
f 973 1016 908
f 1016 1057 908
f 1096 909 919
f 1096 1083 909
f 921 1168 910
f 910 1226 1035
f 910 1035 5762
f 1280 910 1168
f 1226 910 1280
f 911 1020 955
f 1029 1020 911
f 960 930 912
f 955 960 912
f 963 913 915
f 983 939 913
f 963 1014 913
f 1014 983 913
f 914 1038 943
f 1038 914 1225
f 1055 1225 914
f 915 925 1027
f 1027 963 915
f 928 927 917
f 930 1067 918
f 918 1036 973
f 1067 1036 918
f 993 1098 919
f 1098 1096 919
f 926 1200 920
f 1200 988 920
f 950 1168 921
f 964 922 1048
f 5973 1048 922
f 923 1121 971
f 1009 1121 923
f 1101 975 924
f 985 1101 924
f 929 980 925
f 1027 925 980
f 1214 926 967
f 1214 1200 926
f 1022 927 928
f 5753 929 927
f 1022 5753 927
f 1022 928 995
f 980 929 5753
f 960 1037 930
f 1037 1067 930
f 981 1097 931
f 1097 1029 931
f 999 932 948
f 957 932 999
f 934 944 933
f 933 953 934
f 937 935 933
f 935 5934 933
f 944 937 933
f 942 954 933
f 5934 942 933
f 933 949 951
f 954 949 933
f 951 953 933
f 934 958 944
f 953 958 934
f 935 937 952
f 952 5913 935
f 5913 5934 935
f 936 996 948
f 964 996 936
f 944 961 937
f 937 965 952
f 961 965 937
f 1057 987 938
f 939 1010 941
f 983 1008 939
f 1008 1052 939
f 1052 1010 939
f 940 1222 1070
f 1154 1222 940
f 5858 1154 940
f 941 1010 997
f 946 959 942
f 946 942 5934
f 959 954 942
f 1038 950 943
f 958 986 944
f 986 961 944
f 1034 947 945
f 1017 1034 945
f 959 946 989
f 966 1004 946
f 966 946 5913
f 1004 989 946
f 5913 946 5934
f 1034 1019 947
f 996 999 948
f 949 1001 951
f 1001 949 954
f 1038 1409 950
f 1409 1168 950
f 982 953 951
f 998 982 951
f 1001 998 951
f 965 976 952
f 976 1015 952
f 1015 5929 952
f 952 5929 5913
f 992 958 953
f 982 992 953
f 979 954 959
f 1040 954 979
f 1040 1001 954
f 1023 960 955
f 1020 1023 955
f 1025 956 962
f 956 1063 995
f 1025 1114 956
f 1114 1063 956
f 977 957 1031
f 999 1031 957
f 1049 986 958
f 992 1049 958
f 5868 979 959
f 989 1000 959
f 1044 959 1000
f 1044 5868 959
f 1023 1037 960
f 1005 965 961
f 986 1043 961
f 1043 1005 961
f 1014 963 1058
f 1027 1058 963
f 1048 996 964
f 1002 976 965
f 1005 1002 965
f 1051 1004 966
f 1021 1051 966
f 5929 1021 966
f 5929 966 5913
f 1006 1214 967
f 1132 1318 968
f 1190 968 1318
f 1019 6032 969
f 1166 1100 969
f 6032 1166 969
f 1083 1218 970
f 1218 1191 970
f 1054 971 1206
f 1121 1206 971
f 972 1090 984
f 1070 1090 972
f 1036 1016 973
f 974 1080 990
f 1003 1084 974
f 1084 1080 974
f 1233 1053 975
f 1101 1233 975
f 1002 1024 976
f 1024 1015 976
f 1017 977 1066
f 1066 977 1031
f 1212 994 978
f 1077 1159 978
f 1077 978 5974
f 1159 1182 978
f 1212 978 1182
f 1042 1040 979
f 5868 1042 979
f 980 1089 1027
f 980 1106 1089
f 980 5753 1106
f 1007 981 997
f 1007 1097 981
f 992 982 1093
f 1018 982 998
f 1065 982 1018
f 1065 1093 982
f 1008 983 1011
f 1014 1011 983
f 984 1090 1047
f 1284 985 1035
f 1232 1101 985
f 1284 1232 985
f 1043 986 1075
f 1049 1075 986
f 1076 993 987
f 1057 1076 987
f 988 1261 1009
f 1200 1261 988
f 1012 1000 989
f 1004 1013 989
f 1013 1012 989
f 1082 991 990
f 1080 1082 990
f 1108 1041 991
f 1082 1108 991
f 1049 992 1128
f 1093 1128 992
f 1076 1098 993
f 1212 1133 994
f 1133 6007 994
f 1063 1022 995
f 1060 999 996
f 1048 1060 996
f 1007 997 1160
f 1010 1160 997
f 1001 1045 998
f 1079 1018 998
f 998 1045 1079
f 1031 999 1060
f 1012 1046 1000
f 1046 1044 1000
f 1062 1001 1040
f 1062 1045 1001
f 1005 1073 1002
f 1064 1024 1002
f 1073 1064 1002
f 1103 1003 1047
f 1084 1003 1103
f 1050 1013 1004
f 1051 1050 1004
f 1122 1005 1043
f 1073 1005 1122
f 1134 1344 1006
f 1006 1316 1214
f 1006 1438 1316
f 1344 1438 1006
f 1126 1097 1007
f 1007 1160 1126
f 1008 1011 1117
f 1008 1138 1052
f 1117 1138 1008
f 1261 1121 1009
f 1052 1138 1010
f 1010 1138 1136
f 1010 1136 1160
f 1014 1078 1011
f 1129 1011 1078
f 1011 1129 1117
f 1013 1033 1012
f 1033 1046 1012
f 1050 1033 1013
f 1058 1078 1014
f 1015 1112 1021
f 1015 1021 5929
f 1092 1015 1024
f 1085 1112 1015
f 1137 1085 1015
f 1092 1137 1015
f 1036 1196 1016
f 1158 1057 1016
f 1196 1158 1016
f 1142 1034 1017
f 1066 6012 1017
f 6012 1142 1017
f 1065 1018 1145
f 1079 1071 1018
f 1071 1145 1018
f 1034 1157 1019
f 1019 1157 6032
f 1020 1124 1023
f 1028 1020 1029
f 1151 1020 1028
f 1151 1124 1020
f 1021 1074 1051
f 1112 1074 1021
f 1143 1022 1063
f 1143 1148 1022
f 1022 1148 5753
f 1124 1037 1023
f 1064 1092 1024
f 1100 1167 1025
f 1167 1114 1025
f 1026 1362 1134
f 1270 1362 1026
f 1069 1058 1027
f 1089 1069 1027
f 1029 1072 1028
f 1198 1028 1072
f 1198 1151 1028
f 1072 1029 1097
f 1030 1041 1141
f 1099 1030 1141
f 1060 1066 1031
f 1054 1364 1032
f 1032 1345 1154
f 1364 1345 1032
f 1046 1033 1061
f 1050 1059 1033
f 1059 1061 1033
f 1142 1157 1034
f 1226 1284 1035
f 1131 1036 1067
f 1131 1196 1036
f 1123 1067 1037
f 1180 1123 1037
f 1124 1180 1037
f 1322 1038 1225
f 1426 1038 1322
f 1426 1409 1038
f 1039 1237 1161
f 1161 5973 1039
f 5969 1039 1165
f 5969 1237 1039
f 1156 1040 1042
f 1156 1062 1040
f 1108 1141 1041
f 1135 1042 1115
f 1115 1042 5868
f 1135 1156 1042
f 1075 1175 1043
f 1122 1043 1175
f 1102 1044 1046
f 1102 1115 1044
f 1115 5868 1044
f 1139 1045 1062
f 1045 1120 1079
f 1139 1120 1045
f 1107 1046 1061
f 1091 1102 1046
f 1107 1091 1046
f 1090 1171 1047
f 1171 1103 1047
f 1048 1119 1060
f 1161 1119 1048
f 1161 1048 5973
f 1128 1075 1049
f 1051 1095 1050
f 1050 1086 1059
f 1095 1086 1050
f 1074 1095 1051
f 1053 1233 1229
f 1229 1257 1053
f 5924 1053 1257
f 1206 1364 1054
f 1191 1314 1055
f 1055 1381 1225
f 1314 1381 1055
f 1377 1270 1056
f 1445 1377 1056
f 1445 1056 1434
f 5884 1434 1056
f 5884 1056 5826
f 1158 1076 1057
f 1245 1058 1069
f 1146 1078 1058
f 1245 1146 1058
f 1068 1061 1059
f 1081 1068 1059
f 1086 1081 1059
f 1060 1119 1066
f 1068 1094 1061
f 1094 1107 1061
f 1139 1062 1184
f 1184 1062 1156
f 1114 1143 1063
f 1073 1186 1064
f 1064 1172 1092
f 1186 1172 1064
f 5975 1093 1065
f 1145 5975 1065
f 1119 1178 1066
f 1178 6012 1066
f 1123 1152 1067
f 1067 1152 1131
f 1081 1110 1068
f 1068 1110 1094
f 1089 1256 1069
f 1245 1069 1281
f 1256 1281 1069
f 1090 1070 1217
f 1070 1222 1217
f 1149 1071 1079
f 1149 1145 1071
f 1097 1194 1072
f 1194 1293 1072
f 1293 1198 1072
f 1186 1073 1122
f 1173 1095 1074
f 1112 1199 1074
f 1074 1199 1173
f 5921 1075 1128
f 5921 1175 1075
f 1210 1098 1076
f 1210 1076 1158
f 1099 1243 1077
f 1243 1159 1077
f 1129 1078 1146
f 1120 1163 1079
f 1163 1149 1079
f 1080 1087 1082
f 1084 1118 1080
f 1080 1118 1087
f 1086 1181 1081
f 1081 1202 1110
f 1202 1081 1181
f 1087 1088 1082
f 1088 6004 1082
f 6004 1108 1082
f 1228 1083 1096
f 1228 1218 1083
f 1155 1084 1103
f 1118 1084 1155
f 1179 1112 1085
f 1137 1201 1085
f 1201 1179 1085
f 1095 1153 1086
f 1086 1153 1181
f 1104 1088 1087
f 1118 1104 1087
f 1109 1088 1104
f 1109 1105 1088
f 1105 1113 1088
f 1113 1111 1088
f 1111 6004 1088
f 1106 1256 1089
f 1246 1171 1090
f 1246 1090 1217
f 1174 1102 1091
f 1107 1170 1091
f 1170 1174 1091
f 1092 1203 1137
f 1172 1203 1092
f 5975 1128 1093
f 1189 1107 1094
f 1094 1110 1205
f 1189 1094 1205
f 1177 1153 1095
f 1173 1177 1095
f 1224 1096 1098
f 1224 1228 1096
f 1126 1193 1097
f 1193 1194 1097
f 1098 1210 1224
f 1185 1099 1141
f 1243 1099 1185
f 1100 1166 1244
f 1100 1244 1167
f 1232 1266 1101
f 1266 1233 1101
f 1192 1115 1102
f 1174 1192 1102
f 1155 1103 1171
f 1144 1109 1104
f 1118 5982 1104
f 1164 1144 1104
f 5982 1164 1104
f 1105 1109 1125
f 1105 1140 1113
f 1125 1162 1105
f 1147 1140 1105
f 1162 1147 1105
f 1148 1238 1106
f 5753 1148 1106
f 1238 1269 1106
f 1269 1256 1106
f 1189 1170 1107
f 1111 1141 1108
f 1108 6004 1111
f 1109 1144 1125
f 1202 1208 1110
f 1208 1205 1110
f 1127 1111 1113
f 1127 1150 1111
f 1185 1141 1111
f 1150 1185 1111
f 1179 1199 1112
f 1113 1130 1127
f 1140 1130 1113
f 1227 1143 1114
f 1167 1227 1114
f 1215 1135 1115
f 1192 1215 1115
f 1328 1116 1133
f 1328 1392 1116
f 1116 1392 5884
f 1116 5884 5852
f 1129 1220 1117
f 1117 1204 1138
f 1220 1204 1117
f 1155 5962 1118
f 5962 5982 1118
f 1161 1178 1119
f 1139 1236 1120
f 1241 1163 1120
f 1236 1241 1120
f 1121 1442 1206
f 1261 1419 1121
f 1121 1419 1442
f 1122 1175 5979
f 1122 5979 1186
f 1371 1152 1123
f 1180 1315 1123
f 1315 1371 1123
f 1231 1124 1151
f 1231 1180 1124
f 1144 1176 1125
f 1162 1125 1176
f 1126 1160 1240
f 1126 1365 1193
f 1240 1365 1126
f 1130 1183 1127
f 1183 1150 1127
f 5761 5921 1128
f 5761 1128 5975
f 1129 1146 1250
f 1129 1291 1220
f 1291 1129 1250
f 1140 1169 1130
f 1169 1247 1130
f 1130 1247 1183
f 1265 1131 1152
f 1131 1275 1196
f 1265 1274 1131
f 1131 1274 1275
f 1257 1360 1132
f 1132 5924 1257
f 1132 1360 1318
f 1277 1133 1212
f 1277 1328 1133
f 1362 1344 1134
f 1156 1135 1248
f 1248 1135 1215
f 1138 1253 1136
f 1136 1209 1160
f 1136 1253 1209
f 1309 1201 1137
f 1203 1309 1137
f 1204 1254 1138
f 1254 1253 1138
f 1184 1236 1139
f 1147 1169 1140
f 1142 1282 1157
f 1251 1282 1142
f 1251 1142 6012
f 1249 1148 1143
f 1249 1143 1227
f 1144 1164 1195
f 1221 1176 1144
f 1195 1221 1144
f 1267 1145 1149
f 1235 1145 1267
f 1235 5975 1145
f 1359 1146 1245
f 1376 1250 1146
f 1359 1376 1146
f 1187 1147 1162
f 1187 1169 1147
f 1249 1238 1148
f 1163 1252 1149
f 1252 1267 1149
f 1183 1213 1150
f 1150 1213 1185
f 1198 1317 1151
f 1317 1231 1151
f 1371 1265 1152
f 1177 1290 1153
f 1153 1264 1181
f 1290 1264 1153
f 1297 1222 1154
f 1333 1297 1154
f 1345 1333 1154
f 1171 1219 1155
f 5962 1155 1219
f 1184 1156 5697
f 1156 1248 5697
f 1239 1157 1282
f 1157 1239 6032
f 1196 1275 1158
f 1275 1210 1158
f 1294 1182 1159
f 1294 1159 1243
f 1209 1240 1160
f 1161 1237 1178
f 1188 1162 1176
f 1197 1187 1162
f 1188 1197 1162
f 1163 1241 1252
f 1234 1195 1164
f 5962 1234 1164
f 5982 5962 1164
f 1332 1165 1190
f 1332 1286 1165
f 1286 5969 1165
f 1239 1299 1166
f 1239 1166 6032
f 1166 1299 1244
f 1167 1303 1227
f 1244 1303 1167
f 1280 1168 1399
f 1399 1168 1409
f 1223 1169 1187
f 1295 1169 1223
f 1247 1169 1313
f 1169 1295 1308
f 1308 1313 1169
f 1263 1174 1170
f 1255 1170 1189
f 1255 1263 1170
f 1268 1219 1171
f 1246 1268 1171
f 5908 1172 1186
f 1285 1203 1172
f 6022 1285 1172
f 5908 6022 1172
f 1273 1177 1173
f 1288 1173 1199
f 1288 1273 1173
f 1296 1192 1174
f 1263 1296 1174
f 5901 1175 5921
f 5952 1175 5901
f 1175 5952 5979
f 1262 1188 1176
f 1221 1262 1176
f 1273 5849 1177
f 5849 1290 1177
f 1178 1237 1292
f 1292 1251 1178
f 1178 1251 6012
f 1321 1199 1179
f 1367 1179 1201
f 1367 1321 1179
f 1231 1363 1180
f 1363 1315 1180
f 1181 1207 1202
f 1258 1207 1181
f 1181 1264 1258
f 1182 1341 1212
f 1294 1341 1182
f 1283 1213 1183
f 1247 1283 1183
f 1236 1184 1271
f 1271 1184 5697
f 1213 1243 1185
f 1310 5908 1186
f 5979 1310 1186
f 1197 1223 1187
f 1211 1197 1188
f 1230 1211 1188
f 1262 1230 1188
f 1205 1260 1189
f 1255 1189 1260
f 1318 1433 1190
f 1332 1190 1433
f 1218 1314 1191
f 1192 1330 1215
f 1330 1192 1296
f 1193 1272 1194
f 1193 1339 1272
f 1365 1339 1193
f 1272 1293 1194
f 1287 1221 1195
f 1234 1279 1195
f 1279 1287 1195
f 1216 1197 1211
f 1216 1223 1197
f 1293 1311 1198
f 1311 1317 1198
f 1321 1288 1199
f 1214 1402 1200
f 1471 1261 1200
f 1402 1387 1200
f 1387 1471 1200
f 1367 1201 1309
f 1207 1216 1202
f 1208 1202 1211
f 1216 1211 1202
f 1309 1203 1285
f 1220 1276 1204
f 1204 1378 1254
f 1276 1378 1204
f 1230 1205 1208
f 1230 1260 1205
f 1206 1467 1364
f 1442 1467 1206
f 1207 1259 1216
f 1258 1259 1207
f 1230 1208 1211
f 1329 1240 1209
f 1253 1348 1209
f 1348 1329 1209
f 1307 1224 1210
f 1307 1210 1275
f 1277 1212 1341
f 1294 1243 1213
f 1283 1306 1213
f 1306 1294 1213
f 1316 1402 1214
f 5944 1248 1215
f 1330 5833 1215
f 5833 5944 1215
f 1259 1223 1216
f 1222 1302 1217
f 1302 1246 1217
f 1228 1324 1218
f 1324 1314 1218
f 1268 1242 1219
f 1219 1242 5962
f 1291 1276 1220
f 1262 1221 1289
f 1287 1289 1221
f 1368 1222 1297
f 1368 1302 1222
f 1259 1295 1223
f 1338 1228 1224
f 1338 1224 1307
f 1381 1322 1225
f 1280 1397 1226
f 1373 1284 1226
f 1397 1373 1226
f 1249 1227 1298
f 1303 1298 1227
f 1338 1324 1228
f 1233 1351 1229
f 1421 1257 1229
f 1229 1351 1349
f 1349 1421 1229
f 1301 1260 1230
f 1262 1301 1230
f 1317 1379 1231
f 1379 1363 1231
f 1384 1266 1232
f 1405 1232 1284
f 1405 1384 1232
f 1404 1233 1266
f 1351 1233 1404
f 1242 1300 1234
f 1242 1234 5962
f 1312 1279 1234
f 1300 1312 1234
f 1235 1267 1353
f 1353 1541 1235
f 1541 5741 1235
f 5741 5761 1235
f 5761 5975 1235
f 1236 1326 1241
f 1236 1271 1326
f 1366 1237 1286
f 1286 1237 5969
f 1292 1237 1366
f 1336 1238 1249
f 1238 1305 1269
f 1388 1305 1238
f 1336 1388 1238
f 1282 1334 1239
f 1334 1299 1239
f 1329 1395 1240
f 1395 1365 1240
f 1241 1331 1252
f 1241 1326 1331
f 5989 1242 1268
f 1242 5989 1300
f 1299 1361 1244
f 1361 1303 1244
f 1281 1320 1245
f 1320 1359 1245
f 1319 1268 1246
f 1302 1319 1246
f 1247 1325 1283
f 1247 1313 1340
f 1325 1247 1340
f 1248 1355 5697
f 5944 1355 1248
f 1298 1336 1249
f 1291 1250 1385
f 1376 1385 1250
f 1282 1251 1354
f 1292 1354 1251
f 1353 1267 1252
f 1331 1369 1252
f 1369 1353 1252
f 1254 1357 1253
f 1357 1348 1253
f 1378 1357 1254
f 1260 1335 1255
f 5967 1263 1255
f 1415 1255 1335
f 1415 5967 1255
f 1269 1323 1256
f 1281 1256 1278
f 1256 1323 1278
f 1421 1360 1257
f 1258 1304 1259
f 1304 1258 1264
f 1304 1295 1259
f 1301 1352 1260
f 1352 1335 1260
f 1471 1419 1261
f 1342 1262 1289
f 1342 1301 1262
f 1347 1296 1263
f 1347 1263 5967
f 1290 1439 1264
f 1412 1304 1264
f 1439 1412 1264
f 1386 1274 1265
f 1389 1265 1371
f 1389 1386 1265
f 1266 1384 1404
f 5989 1268 1319
f 1269 1305 1323
f 1449 1362 1270
f 1377 1464 1270
f 1464 1449 1270
f 1326 1271 1396
f 1396 1271 1355
f 5697 1355 1271
f 1272 1343 1293
f 1339 1343 1272
f 1288 1372 1273
f 1372 1350 1273
f 1350 5849 1273
f 1358 1275 1274
f 1432 1358 1274
f 1432 1274 1386
f 1358 1307 1275
f 1291 1453 1276
f 1276 1489 1378
f 1453 1489 1276
f 1328 1277 1400
f 1400 1277 1341
f 1374 1281 1278
f 1323 1428 1278
f 1428 1374 1278
f 1370 1287 1279
f 1312 1370 1279
f 1397 1280 1399
f 1374 1320 1281
f 1282 1354 1334
f 1325 1306 1283
f 1373 1405 1284
f 1383 1309 1285
f 1383 1285 1393
f 6022 1393 1285
f 1332 1443 1286
f 1417 1366 1286
f 1286 1443 1417
f 1390 1289 1287
f 1370 1390 1287
f 1321 1372 1288
f 1455 1342 1289
f 1390 1382 1289
f 1382 1455 1289
f 1437 1439 1290
f 5849 1437 1290
f 1385 1453 1291
f 1391 1354 1292
f 1366 1391 1292
f 1423 1311 1293
f 1343 1423 1293
f 1306 1356 1294
f 1294 1356 1341
f 1337 1295 1304
f 1295 1337 1308
f 1347 1330 1296
f 1525 1297 1333
f 1525 1368 1297
f 1303 1380 1298
f 1336 1298 1380
f 1416 1299 1334
f 1361 1299 1416
f 1312 1300 1346
f 1448 1346 1300
f 5850 1448 1300
f 5989 5850 1300
f 1342 1352 1301
f 1398 1319 1302
f 1368 1414 1302
f 1398 1302 1414
f 1361 1410 1303
f 1303 1410 1380
f 1304 1412 1337
f 5756 1323 1305
f 1388 5750 1305
f 5750 5756 1305
f 1306 1325 1375
f 1356 1306 1375
f 1338 1307 1394
f 1394 1307 1358
f 1406 1313 1308
f 1337 1526 1308
f 1401 1406 1308
f 1526 1401 1308
f 1420 1367 1309
f 1420 1309 1383
f 5878 1310 5789
f 5907 5789 1310
f 5908 1310 5878
f 5952 5907 1310
f 5979 5952 1310
f 1507 1317 1311
f 1423 1507 1311
f 1346 1370 1312
f 1340 1313 1408
f 1406 1408 1313
f 1314 1324 1418
f 1418 1381 1314
f 1363 1463 1315
f 1509 1371 1315
f 1463 1509 1315
f 1491 1402 1316
f 1438 1491 1316
f 1317 1461 1379
f 1507 1461 1317
f 1360 1488 1318
f 1433 1318 1466
f 1488 1466 1318
f 1398 5989 1319
f 1320 1411 1359
f 1320 1374 1634
f 1550 1411 1320
f 1634 1550 1320
f 1367 1436 1321
f 1436 1372 1321
f 1322 1381 1498
f 1528 1426 1322
f 1498 1528 1322
f 1323 5756 1428
f 1338 1435 1324
f 1435 1418 1324
f 1403 1325 1340
f 1403 1375 1325
f 1422 1331 1326
f 1422 1326 1396
f 1327 1891 2102
f 1327 5775 1891
f 2102 2347 1327
f 2347 2387 1327
f 2387 5845 1327
f 5741 1327 5769
f 5775 1327 5741
f 5845 5769 1327
f 1328 1458 1392
f 1458 1328 1400
f 1425 1329 1348
f 1425 1395 1329
f 1444 1330 1347
f 6001 1330 1444
f 1330 1493 5833
f 1493 1330 6001
f 1429 1369 1331
f 1422 1429 1331
f 1433 1505 1332
f 1332 1505 1443
f 1345 1447 1333
f 1447 1525 1333
f 1416 1334 1354
f 1415 1335 1352
f 1380 5983 1336
f 5964 1388 1336
f 5983 5964 1336
f 1337 1412 1526
f 1456 1338 1394
f 1456 1435 1338
f 1343 1339 1407
f 1451 1339 1365
f 1339 1451 1407
f 1516 1403 1340
f 1408 1516 1340
f 1356 1400 1341
f 1424 1352 1342
f 1424 1342 1455
f 1407 1635 1343
f 1635 1423 1343
f 1344 1362 1441
f 1438 1344 1441
f 1454 1345 1364
f 1454 1447 1345
f 1440 1370 1346
f 1513 1440 1346
f 1448 1513 1346
f 1444 1347 1413
f 5967 1413 1347
f 1357 1431 1348
f 1431 1425 1348
f 1351 1602 1349
f 1349 1570 1421
f 1349 1602 1570
f 1430 1350 1372
f 1430 5849 1350
f 1351 1404 1535
f 1535 5801 1351
f 1351 5801 1602
f 1424 1415 1352
f 1459 1353 1369
f 1459 1540 1353
f 1540 1541 1353
f 1391 1472 1354
f 1416 1354 1472
f 1396 1355 1481
f 1355 1427 1481
f 5944 1427 1355
f 1470 1356 1375
f 1469 1400 1356
f 1470 1469 1356
f 1378 1460 1357
f 1492 1431 1357
f 1460 1492 1357
f 1432 1394 1358
f 1411 1376 1359
f 1421 1465 1360
f 1465 1500 1360
f 1500 1488 1360
f 1410 1361 1446
f 1416 1446 1361
f 1362 1449 1441
f 1379 1533 1363
f 1533 1463 1363
f 1467 1454 1364
f 1395 1451 1365
f 1391 1366 1417
f 1420 1452 1367
f 1503 1436 1367
f 1452 1503 1367
f 1525 1414 1368
f 1429 1459 1369
f 1370 1462 1390
f 1440 1480 1370
f 1480 1462 1370
f 1509 1389 1371
f 1372 1468 1430
f 1490 1372 1436
f 1490 1468 1372
f 1397 1534 1373
f 1373 1484 1405
f 1373 1577 1484
f 1534 1577 1373
f 1536 1374 1428
f 1374 1536 1634
f 1403 1476 1375
f 1476 1470 1375
f 1450 1385 1376
f 1411 1450 1376
f 1499 1377 1445
f 1499 1464 1377
f 1489 1460 1378
f 1461 1520 1379
f 1379 1520 1533
f 1410 1479 1380
f 1380 1479 5983
f 1381 1418 1498
f 1382 1390 1457
f 1482 1455 1382
f 1457 1482 1382
f 1475 1383 1393
f 1420 1383 1483
f 1483 1383 1475
f 1384 1535 1404
f 1405 1497 1384
f 1497 1535 1384
f 1450 1453 1385
f 1389 1522 1386
f 1501 1432 1386
f 1655 1501 1386
f 1522 1655 1386
f 1402 1487 1387
f 1477 1471 1387
f 1487 1477 1387
f 1504 5750 1388
f 1388 5964 1504
f 1509 1522 1389
f 1462 1457 1390
f 1391 1417 1474
f 1474 1472 1391
f 1502 1434 1392
f 5884 1392 1434
f 1458 1495 1392
f 1495 1502 1392
f 6010 1475 1393
f 1393 5908 5878
f 1393 5878 6010
f 5908 1393 6022
f 1432 1478 1394
f 1394 1478 1456
f 1425 1473 1395
f 1395 1542 1451
f 1542 1395 1473
f 1422 1396 1554
f 1554 1396 1481
f 1397 1399 1506
f 1506 1599 1397
f 1599 1534 1397
f 5897 1398 1414
f 5772 5850 1398
f 5897 5772 1398
f 5850 5989 1398
f 1409 1506 1399
f 1469 1458 1400
f 1401 1563 1406
f 1526 5959 1401
f 1632 1563 1401
f 1603 1632 1401
f 5959 1603 1401
f 1491 1487 1402
f 1552 1476 1403
f 1516 1537 1403
f 1537 1552 1403
f 1484 1497 1405
f 1563 1408 1406
f 1451 1567 1407
f 1648 1407 1567
f 1648 1635 1407
f 1546 1516 1408
f 1563 1546 1408
f 1409 1426 1519
f 1506 1409 1519
f 1446 1532 1410
f 1479 1410 1532
f 1558 1450 1411
f 1550 1558 1411
f 1439 1574 1412
f 1574 1526 1412
f 1575 1444 1413
f 1485 1575 1413
f 1485 1413 5967
f 1525 5897 1414
f 1496 1415 1424
f 1496 1485 1415
f 1485 5967 1415
f 1416 1494 1446
f 1472 1530 1416
f 1530 1494 1416
f 1443 1474 1417
f 1418 1435 1517
f 1418 1517 1498
f 1508 1442 1419
f 1471 1508 1419
f 1518 1452 1420
f 1483 1518 1420
f 1560 1465 1421
f 1598 1560 1421
f 1570 1598 1421
f 1429 1422 1524
f 1524 1422 1554
f 1561 1507 1423
f 1635 1561 1423
f 1529 1424 1455
f 1529 1496 1424
f 1431 1716 1425
f 1716 1473 1425
f 1519 1426 1528
f 1549 1481 1427
f 1549 1427 1493
f 1493 1427 5944
f 1670 1536 1428
f 1670 1428 1807
f 1825 1807 1428
f 5756 1825 1428
f 1514 1459 1429
f 1596 1514 1429
f 1524 1596 1429
f 1468 5866 1430
f 5849 1430 5896
f 5866 5896 1430
f 1492 1725 1431
f 1431 1770 1716
f 1725 1770 1431
f 1432 1501 1478
f 1466 1543 1433
f 1543 1505 1433
f 1512 1445 1434
f 1512 1434 1502
f 1456 1527 1435
f 1527 1517 1435
f 1547 1490 1436
f 1547 1436 1503
f 1437 1521 1439
f 5896 1521 1437
f 1437 5849 5896
f 5745 1438 1441
f 1438 1548 1491
f 5745 1548 1438
f 1586 1439 1521
f 1586 1574 1439
f 1511 1480 1440
f 1513 1511 1440
f 1544 1441 1449
f 1441 1544 5745
f 1467 1442 1545
f 1545 1442 1508
f 1443 1510 1474
f 1510 1443 1505
f 1557 1444 1575
f 1557 5980 1444
f 5980 6001 1444
f 1569 1499 1445
f 1512 1569 1445
f 1532 1446 1494
f 1454 1553 1447
f 1553 1525 1447
f 1523 1448 1486
f 1486 1448 5850
f 1448 1523 1513
f 1605 1449 1464
f 1605 1544 1449
f 1589 1453 1450
f 1558 1589 1450
f 1625 1451 1542
f 1451 1625 1567
f 1503 1452 1556
f 1556 1452 1518
f 1587 1489 1453
f 1664 1587 1453
f 1589 1664 1453
f 1467 1571 1454
f 1454 1571 1553
f 1482 1529 1455
f 1456 1478 1527
f 1457 1462 1559
f 1457 1555 1482
f 1559 1555 1457
f 1469 1539 1458
f 1539 1495 1458
f 1514 1540 1459
f 1489 1590 1460
f 1460 1590 1492
f 1507 1592 1461
f 1592 1520 1461
f 1480 1562 1462
f 1562 1559 1462
f 1463 1515 1509
f 1533 1515 1463
f 1499 1605 1464
f 1465 1610 1500
f 1560 1610 1465
f 1488 1565 1466
f 1543 1466 1565
f 1467 1545 1571
f 1578 1468 1490
f 1578 5866 1468
f 1538 1469 1470
f 1469 1538 1539
f 1476 1531 1470
f 1531 1538 1470
f 1477 1568 1471
f 1471 1581 1508
f 1581 1471 1568
f 1474 1551 1472
f 1551 1530 1472
f 1827 1542 1473
f 1716 1827 1473
f 1510 1551 1474
f 1483 1475 1564
f 1564 1475 1659
f 6010 1659 1475
f 1552 1531 1476
f 1487 1572 1477
f 1572 1568 1477
f 1593 1478 1501
f 1478 1593 1527
f 1532 1597 1479
f 1479 1597 5983
f 1511 1628 1480
f 1628 1562 1480
f 1549 1554 1481
f 1529 1482 1621
f 1555 1615 1482
f 1621 1482 1615
f 1566 1518 1483
f 1564 1566 1483
f 1573 1497 1484
f 1577 1573 1484
f 1583 1485 1496
f 1583 1575 1485
f 1523 1486 1669
f 1662 1669 1486
f 1662 1486 5772
f 1486 5850 5772
f 1491 1600 1487
f 1600 1572 1487
f 1668 1488 1500
f 1668 1565 1488
f 1590 1489 1587
f 1629 1490 1547
f 1629 1578 1490
f 1548 1588 1491
f 1588 1600 1491
f 1492 1590 1725
f 1493 1623 1549
f 1623 1493 5821
f 5821 1493 5980
f 5833 1493 5944
f 5980 1493 6001
f 1585 1494 1530
f 1585 1532 1494
f 1539 1502 1495
f 1496 1529 1576
f 1576 1583 1496
f 1497 1850 1535
f 1573 1850 1497
f 1620 1498 1517
f 1528 1498 1622
f 1620 1622 1498
f 1569 1661 1499
f 1661 1605 1499
f 1500 1610 1668
f 1644 1593 1501
f 1644 1501 1655
f 1584 1512 1502
f 1584 1502 1539
f 1614 1547 1503
f 1556 1614 1503
f 1597 1684 1504
f 5964 1597 1504
f 1800 1504 1684
f 1800 1759 1504
f 5750 1504 1759
f 1505 1582 1510
f 1613 1505 1543
f 1505 1613 1582
f 1506 1519 1617
f 1617 1599 1506
f 1561 1636 1507
f 1595 1592 1507
f 1507 1636 1595
f 1545 1508 1619
f 1581 1619 1508
f 1515 1650 1509
f 1580 1522 1509
f 1650 1580 1509
f 1510 1582 1551
f 1513 1656 1511
f 1656 1628 1511
f 1612 1569 1512
f 1612 1512 1584
f 1513 1523 1607
f 1607 1656 1513
f 1608 1540 1514
f 1596 1608 1514
f 1533 1658 1515
f 1650 1515 1658
f 1537 1516 1618
f 1546 1579 1516
f 1618 1516 1579
f 1527 1611 1517
f 1611 1620 1517
f 1640 1556 1518
f 1616 1518 1566
f 1640 1518 1616
f 1622 1519 1528
f 1622 1617 1519
f 1520 1712 1533
f 1592 1712 1520
f 1604 1586 1521
f 1609 1604 1521
f 5896 1609 1521
f 1580 1649 1522
f 1649 1655 1522
f 1607 1523 1669
f 1554 1626 1524
f 1524 1626 1596
f 1553 1591 1525
f 1525 1591 1601
f 1525 1601 5897
f 1526 1574 5959
f 1593 1611 1527
f 1576 1529 1621
f 1551 1642 1530
f 1642 1585 1530
f 1538 1531 1691
f 1624 1531 1552
f 1624 1718 1531
f 1531 1718 1691
f 1647 1532 1585
f 1597 1532 1647
f 1533 1666 1658
f 1712 1666 1533
f 1682 1577 1534
f 1599 1682 1534
f 1850 1835 1535
f 1835 1897 1535
f 1535 1897 5801
f 1670 1634 1536
f 1552 1537 1618
f 1539 1538 1606
f 1538 1691 1606
f 1606 1584 1539
f 1633 1541 1540
f 1608 1633 1540
f 1633 1891 1541
f 1891 5775 1541
f 1541 5775 5741
f 1809 1625 1542
f 1827 1809 1542
f 1565 1638 1543
f 1543 1638 1613
f 1646 1594 1544
f 1594 5745 1544
f 1646 1544 1605
f 1717 1571 1545
f 1619 1717 1545
f 1563 1631 1546
f 1663 1579 1546
f 1631 1663 1546
f 1690 1547 1614
f 1690 1629 1547
f 1548 1645 1588
f 1594 1645 1548
f 1594 1548 5745
f 1643 1554 1549
f 1643 1549 1623
f 1721 1558 1550
f 1634 1721 1550
f 1582 1657 1551
f 1642 1551 1657
f 1552 1618 1651
f 1651 1624 1552
f 1553 1571 1652
f 1591 1553 1652
f 1554 1643 1626
f 1627 1555 1559
f 1729 1615 1555
f 1627 1729 1555
f 1614 1556 1640
f 1686 1557 1575
f 1686 1639 1557
f 1557 1639 5821
f 5821 5980 1557
f 1745 1589 1558
f 1721 1802 1558
f 1802 1745 1558
f 1562 1704 1559
f 1704 1627 1559
f 1598 2022 1560
f 1878 1610 1560
f 2022 1878 1560
f 1635 1630 1561
f 1630 1636 1561
f 1628 1703 1562
f 1703 1704 1562
f 1689 1631 1563
f 1689 1563 1632
f 1667 1566 1564
f 1659 1667 1564
f 1668 1638 1565
f 1667 1616 1566
f 1625 1723 1567
f 1723 1648 1567
f 1572 1637 1568
f 1581 1568 1653
f 1637 1653 1568
f 1685 1569 1612
f 1685 1661 1569
f 1829 1598 1570
f 1602 1889 1570
f 1889 1829 1570
f 1571 1717 1652
f 1600 1660 1572
f 1572 1660 1637
f 1577 1698 1573
f 2146 1573 1698
f 2052 1850 1573
f 1573 2146 2052
f 1586 1641 1574
f 1641 1654 1574
f 1574 1654 5959
f 1679 1575 1583
f 1679 1686 1575
f 1583 1576 1675
f 1621 1706 1576
f 1675 1576 1706
f 1682 1698 1577
f 1687 1578 1629
f 1687 1701 1578
f 1701 5866 1578
f 1618 1579 1700
f 1663 1722 1579
f 1722 1700 1579
f 1782 1649 1580
f 1650 1782 1580
f 1581 1674 1619
f 1653 1674 1581
f 1613 1677 1582
f 1677 1657 1582
f 1675 1679 1583
f 1606 1671 1584
f 1671 1612 1584
f 1692 1585 1642
f 1647 1585 1692
f 1673 1586 1604
f 1586 1673 1641
f 1587 1730 1590
f 1664 1742 1587
f 1742 1730 1587
f 1681 1600 1588
f 1645 1681 1588
f 1664 1589 1740
f 1740 1589 1745
f 1860 1725 1590
f 1730 1860 1590
f 1765 1601 1591
f 1652 1765 1591
f 1595 1680 1592
f 1680 1712 1592
f 1593 1699 1611
f 1593 1644 1710
f 1837 1699 1593
f 1837 1593 1710
f 1594 1695 1645
f 1594 1646 1695
f 1636 1678 1595
f 1678 1680 1595
f 1665 1608 1596
f 1596 1626 1780
f 1780 1665 1596
f 1647 1684 1597
f 1597 5964 5983
f 1829 2022 1598
f 1617 1696 1599
f 1696 1682 1599
f 1683 1660 1600
f 1681 1683 1600
f 1601 1765 1676
f 1676 5814 1601
f 5814 5897 1601
f 1892 1889 1602
f 5801 1892 1602
f 1603 1689 1632
f 1654 1697 1603
f 1654 1603 5959
f 1801 1689 1603
f 1697 1801 1603
f 1609 1694 1604
f 1694 1673 1604
f 1702 1646 1605
f 1661 1702 1605
f 1671 1606 1857
f 1606 1691 1767
f 1857 1606 1767
f 1715 1656 1607
f 1734 1607 1669
f 1734 1715 1607
f 1693 1633 1608
f 1665 1693 1608
f 1609 1701 1694
f 1701 1609 5866
f 5866 1609 5896
f 1610 1750 1668
f 1878 1750 1610
f 1699 1620 1611
f 1685 1612 1671
f 1709 1613 1638
f 1677 1613 1709
f 1640 1724 1614
f 1724 1690 1614
f 1706 1621 1615
f 5837 1706 1615
f 1729 5837 1615
f 1708 1640 1616
f 1708 1616 1667
f 1622 1707 1617
f 1617 1707 1696
f 1618 1672 1651
f 1672 1618 1700
f 1674 1717 1619
f 1705 1622 1620
f 1699 1705 1620
f 1705 1707 1622
f 1792 1643 1623
f 1623 1688 1792
f 1623 5821 1688
f 1651 1727 1624
f 1727 1718 1624
f 2026 1723 1625
f 2026 1625 1809
f 1643 1862 1626
f 1626 1862 1780
f 1704 1783 1627
f 1799 1729 1627
f 1783 1799 1627
f 1656 1703 1628
f 1714 1687 1629
f 1714 1629 1690
f 1758 1630 1635
f 1732 1636 1630
f 1744 1732 1630
f 1630 1758 1744
f 1747 1663 1631
f 1753 1631 1689
f 1753 1747 1631
f 1693 1891 1633
f 1719 1634 1670
f 1721 1634 1719
f 1648 1758 1635
f 1732 1678 1636
f 1637 1711 1653
f 1660 1711 1637
f 1668 1750 1638
f 1750 1709 1638
f 1777 1639 1686
f 1639 1751 1688
f 5821 1639 1688
f 1777 1751 1639
f 1708 1724 1640
f 1713 1654 1641
f 1673 1713 1641
f 1657 1731 1642
f 1731 1692 1642
f 1792 1873 1643
f 1873 1862 1643
f 1720 1644 1655
f 1756 1710 1644
f 1720 1756 1644
f 1645 1735 1681
f 1695 1735 1645
f 1646 1737 1695
f 1737 1646 1702
f 1741 1684 1647
f 1692 1741 1647
f 1723 1786 1648
f 1786 1758 1648
f 1720 1655 1649
f 1789 1720 1649
f 1782 1789 1649
f 1650 1658 1803
f 1650 1788 1782
f 1650 1803 1788
f 1672 1727 1651
f 1717 1768 1652
f 1822 1765 1652
f 1768 1822 1652
f 1653 1728 1674
f 1711 1728 1653
f 1726 1697 1654
f 1713 1726 1654
f 1749 1703 1656
f 1715 1749 1656
f 1739 1657 1677
f 1739 1731 1657
f 1666 1797 1658
f 1797 1803 1658
f 1748 1667 1659
f 1811 1748 1659
f 1659 5828 1811
f 5828 1659 6010
f 1736 1660 1683
f 1736 1711 1660
f 1661 1685 1702
f 1669 1662 1743
f 1760 1662 1676
f 1676 1662 5814
f 1795 1743 1662
f 1760 1795 1662
f 5814 1662 5772
f 1755 1722 1663
f 1747 1755 1663
f 1742 1664 1740
f 1820 1693 1665
f 1780 1820 1665
f 1712 1808 1666
f 1808 1797 1666
f 1766 1708 1667
f 1748 1766 1667
f 1743 1734 1669
f 1807 1719 1670
f 1685 1671 5906
f 1857 5802 1671
f 5802 5906 1671
f 1700 1733 1672
f 1727 1672 1757
f 1733 1757 1672
f 1762 1673 1694
f 1713 1673 1762
f 1674 1746 1717
f 1728 1746 1674
f 1675 1763 1679
f 1706 1764 1675
f 1764 1763 1675
f 1810 1760 1676
f 1810 1676 1765
f 1772 1677 1709
f 1772 1739 1677
f 1796 1680 1678
f 1732 1798 1678
f 1798 1796 1678
f 1774 1686 1679
f 1763 1774 1679
f 1796 1712 1680
f 1681 1738 1683
f 1761 1681 1735
f 1681 1761 1738
f 1696 1698 1682
f 1738 1736 1683
f 1741 1865 1684
f 5867 1800 1684
f 1865 5867 1684
f 1685 1775 1702
f 1775 1685 5906
f 1774 1777 1686
f 1754 1701 1687
f 1791 1687 1714
f 1791 1754 1687
f 1751 1792 1688
f 1801 1753 1689
f 1823 1714 1690
f 1724 1823 1690
f 1691 1718 1752
f 1691 1752 1816
f 1767 1691 1816
f 1731 1790 1692
f 1741 1692 1790
f 1820 1863 1693
f 1863 1891 1693
f 1701 1776 1694
f 1762 1694 1776
f 1695 5739 1735
f 1737 5739 1695
f 1698 1696 2067
f 1979 1696 1707
f 1979 2067 1696
f 1726 1804 1697
f 1840 1801 1697
f 1804 1840 1697
f 2067 2146 1698
f 5790 1705 1699
f 1837 5790 1699
f 1722 1733 1700
f 1779 1701 1754
f 1779 1776 1701
f 1702 1775 1737
f 1771 1704 1703
f 1749 1845 1703
f 1845 1771 1703
f 1771 1783 1704
f 2149 1707 1705
f 1705 2165 2149
f 2165 1705 5790
f 1813 1764 1706
f 5837 1813 1706
f 2149 1979 1707
f 1766 1724 1708
f 1750 1785 1709
f 1785 1772 1709
f 1756 1837 1710
f 1769 1728 1711
f 1769 1711 1736
f 1796 1821 1712
f 1821 1808 1712
f 1726 1713 1778
f 1762 1778 1713
f 1833 1791 1714
f 1823 1833 1714
f 1734 1787 1715
f 1843 1749 1715
f 1787 1843 1715
f 1716 1770 1847
f 1861 1827 1716
f 1716 1847 1861
f 1746 1768 1717
f 1784 1718 1727
f 1784 1752 1718
f 1866 1721 1719
f 2137 1719 1807
f 1866 1719 2137
f 1875 1756 1720
f 1720 1789 1875
f 1866 1802 1721
f 1812 1733 1722
f 1755 1812 1722
f 2061 1786 1723
f 2026 2236 1723
f 2236 2061 1723
f 1724 1766 1844
f 1724 1844 1823
f 1725 1864 1770
f 1860 1864 1725
f 1778 1828 1726
f 1804 1726 1828
f 1727 1757 1831
f 1831 1784 1727
f 1815 1746 1728
f 1769 1817 1728
f 1817 1815 1728
f 1799 1813 1729
f 1729 1813 5837
f 1742 1886 1730
f 2012 1860 1730
f 1886 2126 1730
f 2126 2012 1730
f 1739 1790 1731
f 1744 1798 1732
f 1806 1757 1733
f 1851 1806 1733
f 1812 1851 1733
f 1743 1869 1734
f 1869 1787 1734
f 1814 1761 1735
f 5739 1814 1735
f 1738 1781 1736
f 1794 1769 1736
f 1781 1794 1736
f 1737 1775 1773
f 1737 1773 5739
f 1761 1781 1738
f 5856 1739 1772
f 5856 1790 1739
f 1740 1879 1742
f 1805 1740 1745
f 1805 1879 1740
f 1741 1790 1993
f 1993 1865 1741
f 1879 1886 1742
f 1795 1869 1743
f 1758 1836 1744
f 1872 1798 1744
f 1836 1872 1744
f 1802 1852 1745
f 1852 1805 1745
f 1882 1768 1746
f 1815 1882 1746
f 1753 1819 1747
f 1842 1755 1747
f 1819 1842 1747
f 1832 1766 1748
f 1811 1832 1748
f 1843 1845 1749
f 2059 1785 1750
f 2059 1750 1878
f 1777 1884 1751
f 1751 1966 1792
f 1884 2071 1751
f 2071 1966 1751
f 1784 1928 1752
f 1752 1881 1816
f 1928 1881 1752
f 1819 1753 1801
f 1838 1779 1754
f 1826 1754 1791
f 1826 1838 1754
f 1854 1812 1755
f 1854 1755 1842
f 1887 1837 1756
f 1875 1887 1756
f 1806 1831 1757
f 1786 1836 1758
f 1834 1793 1759
f 1759 1793 5756
f 1868 1759 1800
f 1868 1834 1759
f 5750 1759 5756
f 1839 1795 1760
f 1810 1888 1760
f 1888 1839 1760
f 1761 1818 1781
f 1814 1818 1761
f 1762 1776 1855
f 1778 1762 1841
f 1841 1762 1855
f 1846 1763 1764
f 1853 1774 1763
f 1853 1763 1846
f 1813 1885 1764
f 1944 1846 1764
f 1885 1944 1764
f 1856 1810 1765
f 1856 1765 1822
f 1844 1766 1832
f 1926 1767 1816
f 1926 1857 1767
f 1768 1824 1822
f 1924 1824 1768
f 1882 1924 1768
f 1794 1830 1769
f 1817 1769 1874
f 1769 1830 1874
f 1864 1847 1770
f 1771 1849 1783
f 1849 1771 1845
f 1785 1848 1772
f 1848 5856 1772
f 1775 2054 1773
f 1773 1871 1814
f 1773 1814 5739
f 2003 1871 1773
f 2054 2003 1773
f 1876 1777 1774
f 1853 1876 1774
f 5906 2054 1775
f 1867 1776 1779
f 1867 1855 1776
f 1876 1884 1777
f 1828 1778 1841
f 1838 1867 1779
f 1780 1862 1820
f 1830 1794 1781
f 1818 1830 1781
f 1960 1782 1788
f 1858 1789 1782
f 1858 1782 1960
f 1859 1799 1783
f 1849 1859 1783
f 1831 1927 1784
f 1927 1928 1784
f 1848 1785 2059
f 2061 1836 1786
f 1904 1843 1787
f 1869 1904 1787
f 1803 1890 1788
f 1890 1960 1788
f 1858 1875 1789
f 1990 1993 1790
f 1990 1790 5856
f 5885 1826 1791
f 1833 1948 1791
f 1948 5885 1791
f 2032 1873 1792
f 1966 5898 1792
f 5898 2032 1792
f 1793 1895 1825
f 1793 1825 5756
f 1894 1793 1834
f 1894 1935 1793
f 1935 1895 1793
f 1839 1954 1795
f 1954 1869 1795
f 1933 1796 1798
f 1796 1976 1821
f 1933 1984 1796
f 1984 1976 1796
f 1797 1890 1803
f 1797 1808 1936
f 1936 1890 1797
f 1872 1933 1798
f 1799 1893 1813
f 1799 1859 1893
f 1903 1868 1800
f 5867 1903 1800
f 1870 1819 1801
f 1840 1870 1801
f 1802 2020 1852
f 2089 1802 1866
f 2089 2020 1802
f 1828 1909 1804
f 1840 1804 1909
f 2087 1805 1852
f 1879 1805 2092
f 2092 1805 2087
f 2006 1831 1806
f 2025 1806 1851
f 2025 2006 1806
f 1825 1895 1807
f 1895 1967 1807
f 2096 1807 1967
f 2096 2137 1807
f 1898 1808 1821
f 1898 1936 1808
f 1901 1809 1827
f 1901 1930 1809
f 1930 1991 1809
f 1991 2026 1809
f 1856 1972 1810
f 1972 1888 1810
f 1900 1832 1811
f 1982 1900 1811
f 1811 5828 1982
f 1854 1851 1812
f 1885 1813 1893
f 1871 1818 1814
f 1817 1931 1815
f 1925 1882 1815
f 1925 1815 1931
f 1881 1955 1816
f 1955 1926 1816
f 1932 1817 1874
f 1932 1931 1817
f 1883 1830 1818
f 1871 1920 1818
f 1883 1818 1920
f 1969 1842 1819
f 1870 1969 1819
f 1862 1907 1820
f 1907 1863 1820
f 2013 1898 1821
f 1976 2013 1821
f 1824 1877 1822
f 1877 1856 1822
f 1823 1948 1833
f 1844 1983 1823
f 1983 1948 1823
f 1995 1877 1824
f 1924 2015 1824
f 2015 1995 1824
f 1826 1921 1838
f 1971 1921 1826
f 5885 1971 1826
f 1861 1901 1827
f 1841 1951 1828
f 1939 1909 1828
f 1951 1939 1828
f 2014 1829 1889
f 2014 2049 1829
f 2049 2022 1829
f 1830 1918 1874
f 1883 1918 1830
f 1927 1831 2006
f 1844 1832 1913
f 1900 1913 1832
f 1908 1834 1868
f 1908 1894 1834
f 1850 2027 1835
f 1897 1835 2027
f 1836 2077 1872
f 2061 2138 1836
f 2138 2077 1836
f 2150 1837 1887
f 1837 2150 5790
f 1921 1867 1838
f 1888 1954 1839
f 1870 1840 1922
f 1840 1909 1922
f 1855 1951 1841
f 2024 1854 1842
f 1969 2024 1842
f 2162 1845 1843
f 1843 1904 2063
f 2063 2162 1843
f 2016 1844 1913
f 1844 2016 1983
f 2204 1849 1845
f 2162 2204 1845
f 1945 1853 1846
f 1944 1945 1846
f 1880 1861 1847
f 1847 1864 1899
f 1896 1880 1847
f 1899 1896 1847
f 2181 1848 2059
f 2181 2068 1848
f 1848 2068 5856
f 2204 1859 1849
f 2078 2027 1850
f 2052 2078 1850
f 1942 1851 1854
f 1942 1977 1851
f 1977 2025 1851
f 2020 2087 1852
f 1853 1941 1876
f 1945 1941 1853
f 2024 1942 1854
f 1867 1968 1855
f 1951 1855 1968
f 1877 1972 1856
f 2124 1857 1926
f 2001 1857 2124
f 1857 2001 5802
f 1947 1875 1858
f 1947 1858 1960
f 1859 2095 1893
f 2179 2095 1859
f 2204 2179 1859
f 1860 1905 1864
f 1860 1970 1905
f 2012 1970 1860
f 1880 1911 1861
f 1911 1901 1861
f 1873 2083 1862
f 2083 1907 1862
f 1986 1891 1863
f 1907 1986 1863
f 1864 1905 1899
f 1865 2070 1903
f 1865 1903 5867
f 2070 1865 1993
f 2089 1866 2238
f 1866 2137 2238
f 1921 2033 1867
f 1968 1867 2033
f 1903 1958 1868
f 1958 1908 1868
f 2094 1904 1869
f 1954 2110 1869
f 2110 2094 1869
f 1922 2168 1870
f 2168 1969 1870
f 2003 1920 1871
f 2044 1933 1872
f 2077 2044 1872
f 5813 1873 2032
f 2083 1873 5813
f 1918 1932 1874
f 2086 1887 1875
f 1947 2086 1875
f 2019 1884 1876
f 1941 2019 1876
f 2147 1972 1877
f 1995 2147 1877
f 2022 2189 1878
f 2109 2059 1878
f 2189 2109 1878
f 2290 1886 1879
f 2092 2290 1879
f 1896 1917 1880
f 1917 1911 1880
f 1928 2123 1881
f 2123 1955 1881
f 1987 1924 1882
f 1987 1882 1925
f 1883 1965 1918
f 1920 1950 1883
f 1950 1965 1883
f 2019 2036 1884
f 2036 2071 1884
f 2182 1885 1893
f 2051 1944 1885
f 2051 1885 2182
f 2154 2126 1886
f 2290 2154 1886
f 2028 2150 1887
f 2173 2028 1887
f 2086 2173 1887
f 2048 1954 1888
f 1972 2139 1888
f 2139 2048 1888
f 2005 1889 1892
f 2005 2014 1889
f 2084 1890 1936
f 1890 2111 1960
f 2156 1890 2084
f 2156 2111 1890
f 1986 2045 1891
f 2045 2102 1891
f 1897 2131 1892
f 1897 1892 5801
f 2131 2005 1892
f 2095 2182 1893
f 1908 1946 1894
f 5781 1935 1894
f 1946 1952 1894
f 1952 5781 1894
f 1935 5791 1895
f 2000 1967 1895
f 5791 2000 1895
f 1919 1896 1899
f 1919 1917 1896
f 1897 2027 2153
f 2131 1897 2153
f 1936 1898 2073
f 2013 2073 1898
f 1905 1938 1899
f 1938 1919 1899
f 1913 1900 2041
f 2041 1900 1982
f 1901 1911 1957
f 1901 1980 1930
f 1957 1980 1901
f 1906 1910 1902
f 1923 1906 1902
f 1902 1910 1916
f 1915 1902 1916
f 1915 5903 1902
f 5903 1923 1902
f 2029 1958 1903
f 1903 2135 2029
f 2070 2135 1903
f 2094 2063 1904
f 1964 1938 1905
f 1970 1964 1905
f 1906 1914 1910
f 1912 1914 1906
f 1906 1934 1912
f 1923 5839 1906
f 5839 1934 1906
f 1986 1907 2039
f 2083 2039 1907
f 1989 1946 1908
f 1958 1989 1908
f 2043 1922 1909
f 1939 2043 1909
f 1914 1963 1910
f 1910 1929 1916
f 1963 1929 1910
f 1917 1943 1911
f 1957 1911 1943
f 1956 1914 1912
f 1934 1940 1912
f 1940 1975 1912
f 1996 1956 1912
f 1975 1996 1912
f 2016 1913 2041
f 1953 1963 1914
f 1988 1953 1914
f 1956 1988 1914
f 1919 1915 1916
f 1919 1938 1915
f 1938 1961 1915
f 1961 5903 1915
f 1917 1919 1916
f 1917 1916 1943
f 1943 1916 1929
f 1918 1978 1932
f 1974 1918 1965
f 1974 1978 1918
f 2125 1950 1920
f 2003 2101 1920
f 2101 2125 1920
f 2064 1921 1971
f 1921 2064 2033
f 2043 2219 1922
f 2219 2168 1922
f 1923 5877 5839
f 5877 1923 5954
f 5954 1923 5903
f 1987 2015 1924
f 1925 1931 2104
f 2234 1987 1925
f 2104 2234 1925
f 1955 2130 1926
f 2124 1926 2295
f 2130 2295 1926
f 2035 1928 1927
f 2006 2293 1927
f 2293 2035 1927
f 2035 2123 1928
f 1992 1943 1929
f 1929 1963 1992
f 2058 1930 1980
f 1930 2058 1991
f 1932 2004 1931
f 2004 2042 1931
f 2042 2104 1931
f 2004 1932 1978
f 2055 1984 1933
f 2044 2055 1933
f 1937 1949 1934
f 1937 1934 5839
f 1959 1940 1934
f 1949 1959 1934
f 5781 2002 1935
f 2002 5791 1935
f 2151 1936 2073
f 2151 2084 1936
f 1973 1949 1937
f 2008 1937 1962
f 1962 1937 5877
f 2008 1973 1937
f 5877 1937 5839
f 2010 1961 1938
f 1964 2010 1938
f 1951 2065 1939
f 2319 2043 1939
f 2065 2319 1939
f 1959 1999 1940
f 1975 1940 1999
f 1945 2066 1941
f 2170 2019 1941
f 2066 2170 1941
f 2227 1977 1942
f 1942 2024 2342
f 2320 2227 1942
f 2320 1942 2342
f 1957 1943 1992
f 1944 2066 1945
f 2051 5881 1944
f 1944 5844 2066
f 5881 5844 1944
f 1946 1985 1952
f 1989 1985 1946
f 2056 1947 1960
f 2056 2132 1947
f 2132 2086 1947
f 5861 1948 1983
f 2093 2057 1948
f 2057 5885 1948
f 2093 1948 5861
f 1994 1959 1949
f 1973 2009 1949
f 2007 1994 1949
f 2009 2007 1949
f 1950 1998 1965
f 1998 1950 2050
f 2050 1950 2125
f 1968 2065 1951
f 1952 1974 1981
f 1985 1974 1952
f 1981 2002 1952
f 1952 2002 5781
f 1953 2018 1963
f 1988 2018 1953
f 2048 2110 1954
f 2123 2129 1955
f 2129 2130 1955
f 1956 2023 1988
f 1996 2023 1956
f 1992 1980 1957
f 2060 1989 1958
f 2029 2060 1958
f 1994 1997 1959
f 1997 1999 1959
f 2111 2056 1960
f 2010 2034 1961
f 2034 5954 1961
f 5954 5903 1961
f 2099 2008 1962
f 2040 2099 1962
f 5954 2040 1962
f 1962 5877 5954
f 2053 1992 1963
f 2018 2030 1963
f 2030 2088 1963
f 2088 2053 1963
f 1970 2011 1964
f 2011 2010 1964
f 1974 1965 1981
f 1965 1998 1981
f 2112 2031 1966
f 2031 5898 1966
f 2071 2112 1966
f 2000 5799 1967
f 6028 2096 1967
f 5799 6028 1967
f 2108 1968 2033
f 2108 2065 1968
f 2201 2024 1969
f 2168 2201 1969
f 1970 2085 2011
f 2012 2085 1970
f 2057 2098 1971
f 2057 1971 5885
f 2098 2064 1971
f 2147 2139 1972
f 2008 2076 1973
f 2076 2009 1973
f 1978 1974 1985
f 2046 1996 1975
f 1999 2046 1975
f 1984 2127 1976
f 2119 2013 1976
f 2127 2119 1976
f 1977 2227 2025
f 2017 1978 1985
f 2017 2004 1978
f 2198 2067 1979
f 2377 1979 2149
f 2377 2198 1979
f 2080 1980 1992
f 2080 2058 1980
f 1998 2037 1981
f 2037 2002 1981
f 2021 2161 1982
f 5784 2021 1982
f 2161 2041 1982
f 5828 5784 1982
f 2016 2116 1983
f 2062 1983 2116
f 2062 5861 1983
f 2055 2152 1984
f 2152 2127 1984
f 1989 2017 1985
f 2039 2114 1986
f 2114 2045 1986
f 2175 2015 1987
f 2328 2175 1987
f 2234 2328 1987
f 2018 1988 2081
f 1988 2023 2081
f 2060 2017 1989
f 1990 2103 1993
f 2473 1990 2068
f 2068 1990 5856
f 2285 2103 1990
f 2473 2285 1990
f 2158 2026 1991
f 2058 2158 1991
f 2053 2080 1992
f 2103 2070 1993
f 2134 1997 1994
f 2007 2069 1994
f 2069 2134 1994
f 2015 2122 1995
f 2122 2147 1995
f 1996 2090 2023
f 1996 2046 2090
f 2097 1999 1997
f 2134 2097 1997
f 1998 2050 2037
f 2074 2046 1999
f 2097 2074 1999
f 2002 5788 2000
f 5791 2002 2000
f 5788 2082 2000
f 2000 2082 5799
f 2054 2001 2188
f 2001 2054 5906
f 2124 2188 2001
f 2001 5906 5802
f 5788 2002 2037
f 2054 2118 2003
f 2118 2101 2003
f 2017 2079 2004
f 2079 2042 2004
f 2256 2014 2005
f 2256 2005 2131
f 2025 2289 2006
f 2289 2293 2006
f 2009 2038 2007
f 2038 2072 2007
f 2072 2069 2007
f 2115 2076 2008
f 2099 2115 2008
f 2009 2133 2038
f 2076 2091 2009
f 2091 2133 2009
f 2011 2105 2010
f 2128 2034 2010
f 2010 2105 2128
f 2085 2105 2011
f 2174 2085 2012
f 2126 2174 2012
f 2178 2073 2013
f 2119 2178 2013
f 2049 2014 2278
f 2256 2278 2014
f 2171 2122 2015
f 2175 2171 2015
f 2157 2016 2041
f 2116 2016 2157
f 2060 2079 2017
f 2136 2030 2018
f 2018 2081 2136
f 2019 2187 2036
f 2019 2170 2187
f 2382 2087 2020
f 2089 2382 2020
f 5776 2161 2021
f 2214 2021 5688
f 5785 2021 2214
f 5688 2021 5784
f 5776 2021 5785
f 2049 2322 2022
f 2022 2322 2189
f 2023 2140 2081
f 2090 2140 2023
f 2366 2024 2201
f 2024 2367 2342
f 2367 2024 2366
f 2227 2310 2025
f 2025 2310 2289
f 2158 2236 2026
f 2078 2272 2027
f 2272 2153 2027
f 2028 2166 2150
f 2173 2166 2028
f 2060 2029 2117
f 2135 2117 2029
f 2144 2088 2030
f 2136 2144 2030
f 2233 2032 2031
f 2031 2032 5898
f 2112 2231 2031
f 2231 2233 2031
f 2233 2193 2032
f 5813 2032 2193
f 2064 2169 2033
f 2033 2185 2108
f 2185 2033 2169
f 2142 2040 2034
f 2040 5954 2034
f 2128 2142 2034
f 2293 2123 2035
f 2036 2163 2071
f 2187 2163 2036
f 2050 2120 2037
f 2082 2037 2120
f 2082 5788 2037
f 2075 2072 2038
f 2075 2038 2113
f 2113 2038 5932
f 5932 2038 2133
f 2039 2083 2114
f 2040 2176 2099
f 2142 2121 2040
f 2121 2176 2040
f 2157 2041 2161
f 2141 2042 2079
f 2042 2141 2104
f 2043 2392 2219
f 2319 2440 2043
f 2440 2392 2043
f 2257 2055 2044
f 2077 2221 2044
f 2221 2257 2044
f 2216 2102 2045
f 2216 2045 2114
f 2177 2046 2074
f 2046 2159 2090
f 2177 2159 2046
f 2205 2339 2047
f 2047 5769 2205
f 2339 2243 2047
f 2243 5744 2047
f 2047 5744 5688
f 2047 5688 5784
f 2047 5751 5769
f 2047 5784 5751
f 2226 2110 2048
f 2139 2226 2048
f 2278 2322 2049
f 2125 2120 2050
f 2182 2667 2051
f 2051 2667 2560
f 2560 5881 2051
f 2254 2078 2052
f 2146 2439 2052
f 2456 2254 2052
f 2439 2456 2052
f 2199 2080 2053
f 2088 2143 2053
f 2143 2199 2053
f 2264 2118 2054
f 2188 2264 2054
f 2257 2152 2055
f 2240 2056 2111
f 2266 2132 2056
f 2240 2266 2056
f 2206 2057 2093
f 2098 2057 2229
f 2206 2229 2057
f 2058 2080 2215
f 2215 2158 2058
f 2109 2181 2059
f 2145 2079 2060
f 2117 2145 2060
f 2138 2061 2155
f 2236 2155 2061
f 2206 2093 2062
f 2062 2093 5861
f 2230 2062 2116
f 2206 2062 2230
f 2094 2557 2063
f 2549 2162 2063
f 2557 2549 2063
f 2098 2184 2064
f 2184 2169 2064
f 2108 2245 2065
f 2245 2246 2065
f 2246 2391 2065
f 2391 2319 2065
f 5844 2170 2066
f 2198 2146 2067
f 2445 2068 2181
f 2473 2068 2445
f 2072 2134 2069
f 2103 2208 2070
f 2208 2135 2070
f 2071 2194 2112
f 2163 2194 2071
f 2075 2106 2072
f 2106 2134 2072
f 2178 2151 2073
f 2195 2074 2097
f 2195 2177 2074
f 2164 2106 2075
f 2113 2164 2075
f 2160 2091 2076
f 2115 2160 2076
f 2138 2221 2077
f 2254 2376 2078
f 2376 2272 2078
f 2145 2141 2079
f 2199 2215 2080
f 2081 2197 2136
f 2081 2140 2197
f 2191 2107 2082
f 5799 2082 2107
f 2191 2082 2120
f 2083 2279 2114
f 2083 2193 2279
f 2083 5813 2193
f 2232 2084 2151
f 2287 2156 2084
f 2287 2084 2232
f 2202 2105 2085
f 2174 2202 2085
f 2274 2086 2132
f 2267 2173 2086
f 2274 2267 2086
f 2087 2500 2092
f 2087 2382 2500
f 2212 2143 2088
f 2144 2212 2088
f 2238 2235 2089
f 2235 2382 2089
f 2159 2140 2090
f 2091 2183 2133
f 2160 2203 2091
f 2203 2183 2091
f 2290 2092 2500
f 2283 2094 2110
f 2283 2449 2094
f 2449 2557 2094
f 2333 2095 2179
f 2095 2641 2182
f 2333 2641 2095
f 2096 2213 2137
f 2192 2213 2096
f 2192 2096 6028
f 2134 2195 2097
f 2098 2200 2184
f 2200 2098 2229
f 2210 2115 2099
f 2210 2099 2176
f 2167 2113 2100
f 2113 5932 2100
f 2100 5932 2133
f 2133 5978 2100
f 2100 5699 2167
f 5978 5699 2100
f 2118 2316 2101
f 2101 2218 2125
f 2316 2218 2101
f 2216 2239 2102
f 2239 2347 2102
f 2208 2103 2276
f 2103 2285 2276
f 2141 2225 2104
f 2225 2234 2104
f 2105 2209 2128
f 2202 2209 2105
f 2106 2172 2134
f 2172 2106 2164
f 2191 2192 2107
f 2107 2192 6028
f 2107 6028 5799
f 2185 2245 2108
f 2418 2181 2109
f 2472 2109 2189
f 2109 2680 2418
f 2472 2676 2109
f 2676 2680 2109
f 2226 2416 2110
f 2416 2283 2110
f 2156 2268 2111
f 2240 2111 2268
f 2194 2277 2112
f 2277 2231 2112
f 2190 2164 2113
f 2167 2190 2113
f 2279 2216 2114
f 2252 2160 2115
f 2210 2252 2115
f 2230 2116 2157
f 2196 2117 2135
f 2145 2117 2196
f 2264 2316 2118
f 2247 2119 2127
f 2309 2178 2119
f 2247 2309 2119
f 2211 2120 2125
f 2211 2191 2120
f 2250 2121 2142
f 2176 2121 2250
f 2122 2315 2147
f 2171 2244 2122
f 2244 2334 2122
f 2334 2315 2122
f 2207 2129 2123
f 2294 2207 2123
f 2293 2294 2123
f 2188 2124 2399
f 2295 2399 2124
f 2218 2211 2125
f 2154 2258 2126
f 2258 2174 2126
f 2152 2263 2127
f 2263 2247 2127
f 2271 2142 2128
f 2209 2271 2128
f 2295 2130 2129
f 2207 2400 2129
f 2400 2295 2129
f 2153 2368 2131
f 2429 2256 2131
f 2368 2429 2131
f 2266 2274 2132
f 5978 2133 2183
f 2172 2228 2134
f 2228 2195 2134
f 2261 2196 2135
f 2208 2261 2135
f 2222 2144 2136
f 2265 2136 2197
f 2265 2222 2136
f 2213 2286 2137
f 2286 2238 2137
f 2344 2138 2155
f 2344 2221 2138
f 2147 2315 2139
f 2311 2226 2139
f 2315 2311 2139
f 2281 2140 2159
f 2140 2270 2197
f 2281 2270 2140
f 2145 2223 2141
f 2141 2223 2225
f 2271 2250 2142
f 2143 2359 2199
f 2212 2359 2143
f 2338 2212 2144
f 2222 2338 2144
f 2196 2223 2145
f 2469 2146 2198
f 2469 2439 2146
f 2180 5699 2148
f 2148 5800 2180
f 5800 2148 2186
f 5939 2186 2148
f 5699 5978 2148
f 5978 5939 2148
f 2386 2149 2165
f 2386 2377 2149
f 2312 2165 2150
f 2150 2165 5790
f 2166 2299 2150
f 2299 2312 2150
f 2292 2151 2178
f 2292 2232 2151
f 2257 2409 2152
f 2409 2263 2152
f 2272 2368 2153
f 2554 2258 2154
f 2154 2290 2483
f 2658 2154 2483
f 2658 2554 2154
f 2297 2155 2236
f 2297 2378 2155
f 2378 2344 2155
f 2268 2156 2287
f 2161 2248 2157
f 2230 2157 2248
f 2280 2158 2215
f 2280 2236 2158
f 2177 2281 2159
f 2203 2160 2251
f 2252 2251 2160
f 2248 2161 5776
f 2162 2599 2204
f 2549 2599 2162
f 2187 2262 2163
f 2262 2194 2163
f 2172 2164 2255
f 2217 2164 2190
f 2255 2164 2217
f 2410 2165 2312
f 2410 2386 2165
f 2173 2345 2166
f 2345 2299 2166
f 2167 5990 2190
f 5915 2224 2167
f 2167 2224 5990
f 5915 2167 5699
f 2301 2201 2168
f 2219 2301 2168
f 2184 2259 2169
f 2185 2169 2273
f 2273 2169 2259
f 2170 2337 2187
f 2354 2337 2170
f 5844 2354 2170
f 2244 2171 2175
f 2255 2228 2172
f 2267 2345 2173
f 2202 2174 2298
f 2258 2298 2174
f 2434 2244 2175
f 2328 2434 2175
f 2306 2210 2176
f 2250 2306 2176
f 2195 2335 2177
f 2313 2281 2177
f 2335 2313 2177
f 2321 2292 2178
f 2321 2178 2309
f 2204 2333 2179
f 5699 2180 5915
f 5700 5701 2180
f 5800 5700 2180
f 2180 5701 5915
f 2445 2181 2418
f 2641 2657 2182
f 2667 2182 2657
f 2203 2269 2183
f 2269 2220 2183
f 2183 2220 5978
f 2200 2275 2184
f 2275 2259 2184
f 2302 2245 2185
f 2273 2302 2185
f 2242 5912 2186
f 5960 2242 2186
f 2186 5912 5800
f 5960 2186 5939
f 2358 2262 2187
f 2337 2358 2187
f 2356 2264 2188
f 2399 2356 2188
f 2472 2189 2322
f 2303 2217 2190
f 2284 2303 2190
f 5990 2284 2190
f 2192 2191 2327
f 2318 2191 2211
f 2327 2191 2318
f 2357 2213 2192
f 2327 2357 2192
f 2193 2233 2330
f 2305 2279 2193
f 2330 2305 2193
f 2262 2325 2194
f 2325 2277 2194
f 2371 2195 2228
f 2371 2335 2195
f 2196 2326 2223
f 2261 2414 2196
f 2414 2326 2196
f 2265 2197 2270
f 2377 2491 2198
f 2491 2469 2198
f 2296 2215 2199
f 2359 2296 2199
f 2229 2282 2200
f 2282 2275 2200
f 2301 2332 2201
f 2332 2366 2201
f 2209 2202 2348
f 2348 2202 2298
f 2203 2251 2341
f 2203 2341 2269
f 2661 2333 2204
f 2599 2661 2204
f 2372 2205 2291
f 2291 2205 5845
f 2411 2339 2205
f 2372 2411 2205
f 2205 5769 5845
f 2300 2229 2206
f 2230 2314 2206
f 2314 2300 2206
f 2294 2403 2207
f 2403 2400 2207
f 2261 2208 2353
f 2353 2208 2276
f 2348 2271 2209
f 2210 2364 2252
f 2306 2364 2210
f 2323 2211 2218
f 2211 2422 2318
f 2323 2422 2211
f 2338 2369 2212
f 2212 2369 2359
f 2213 2357 2286
f 2243 2253 2214
f 2243 2214 5744
f 2253 5785 2214
f 5744 2214 5688
f 2296 2280 2215
f 2361 2239 2216
f 2279 2361 2216
f 2329 2255 2217
f 2303 2329 2217
f 2316 2323 2218
f 2219 2530 2301
f 2392 2530 2219
f 2269 2352 2220
f 2352 5754 2220
f 2220 5754 5960
f 2220 5960 5939
f 2220 5939 5978
f 2409 2257 2221
f 2397 2221 2344
f 2397 2409 2221
f 2265 2350 2222
f 2437 2338 2222
f 2350 2437 2222
f 2223 2326 2225
f 5825 2307 2224
f 5990 2224 2307
f 5915 5825 2224
f 2225 2324 2234
f 2326 2324 2225
f 2311 2408 2226
f 2408 2416 2226
f 2310 2227 2320
f 2396 2228 2255
f 2475 2371 2228
f 2396 2475 2228
f 2304 2282 2229
f 2300 2304 2229
f 2248 2314 2230
f 2233 2231 2349
f 2277 2393 2231
f 2393 2349 2231
f 2463 2287 2232
f 2292 2415 2232
f 2415 2463 2232
f 2349 2330 2233
f 2384 2234 2324
f 2363 2328 2234
f 2234 2384 2363
f 2343 2235 2238
f 2343 2706 2235
f 2235 2612 2382
f 2580 2612 2235
f 2706 2580 2235
f 2406 2236 2280
f 2406 2297 2236
f 2308 2249 2237
f 2237 2249 5700
f 2260 2331 2237
f 5972 2260 2237
f 2331 2308 2237
f 5972 2237 5700
f 2444 2238 2286
f 2585 2343 2238
f 2585 2238 2444
f 2239 2351 2347
f 2361 2351 2239
f 2240 2426 2266
f 2240 2268 2583
f 2240 2583 2426
f 5825 2241 2398
f 5985 2398 2241
f 2419 5985 2241
f 6024 2419 2241
f 2241 5701 5702
f 5701 2241 5825
f 6024 2241 5702
f 2395 2336 2242
f 2242 2336 5912
f 2395 2242 5991
f 2242 5960 5991
f 2421 2253 2243
f 2339 2421 2243
f 2448 2334 2244
f 2434 2448 2244
f 2246 2245 2517
f 2245 2302 2402
f 2245 2402 2517
f 2391 2246 2574
f 2246 2517 2574
f 2263 2309 2247
f 2346 2248 2253
f 2248 5776 2253
f 2314 2248 2346
f 2249 2288 5700
f 5997 2288 2249
f 2308 2317 2249
f 2317 5997 2249
f 2271 2435 2250
f 2405 2306 2250
f 2435 2405 2250
f 2251 2252 2381
f 2381 2341 2251
f 2252 2364 2413
f 2413 2381 2252
f 2346 2253 2421
f 5776 5785 2253
f 2417 2376 2254
f 2456 2417 2254
f 2255 2329 2396
f 2553 2278 2256
f 2553 2256 2429
f 2554 2298 2258
f 2259 2374 2273
f 2275 2355 2259
f 2355 2374 2259
f 2389 2331 2260
f 2336 2389 2260
f 2336 2260 5912
f 5912 2260 5972
f 2261 2353 2414
f 2325 2262 2388
f 2358 2388 2262
f 2263 2559 2309
f 2409 2559 2263
f 2451 2316 2264
f 2356 2451 2264
f 2455 2265 2270
f 2436 2350 2265
f 2455 2436 2265
f 2274 2266 2426
f 2267 2274 2601
f 2601 2345 2267
f 2463 2268 2287
f 2463 2583 2268
f 2341 2443 2269
f 2269 2443 2352
f 2281 2455 2270
f 2486 2271 2348
f 2486 2435 2271
f 2558 2368 2272
f 2376 2621 2272
f 2621 2558 2272
f 2431 2302 2273
f 2374 2431 2273
f 2426 2700 2274
f 2700 2601 2274
f 2282 2370 2275
f 2370 2355 2275
f 2285 2505 2276
f 2505 2353 2276
f 2379 2277 2325
f 2277 2379 2393
f 2278 2646 2322
f 2553 2646 2278
f 2279 2305 2394
f 2361 2279 2394
f 2494 2280 2296
f 2503 2406 2280
f 2494 2503 2280
f 2522 2281 2313
f 2474 2455 2281
f 2600 2474 2281
f 2522 2600 2281
f 2304 2362 2282
f 2362 2370 2282
f 2416 2529 2283
f 2529 2449 2283
f 2303 2284 2470
f 2307 2441 2284
f 2284 5990 2307
f 2284 2441 2380
f 2380 2470 2284
f 2473 2595 2285
f 2595 2505 2285
f 2444 2286 2357
f 2288 2373 5702
f 6026 2373 2288
f 2407 2288 5997
f 2407 6026 2288
f 2288 5702 5700
f 2289 2630 2293
f 2310 2598 2289
f 2598 2630 2289
f 2518 2483 2290
f 2518 2290 2500
f 2515 2372 2291
f 2387 2515 2291
f 2387 2291 5845
f 2321 5817 2292
f 5817 2415 2292
f 2606 2294 2293
f 2630 2606 2293
f 2603 2403 2294
f 2694 2603 2294
f 2606 2694 2294
f 2446 2399 2295
f 2400 2446 2295
f 2359 2494 2296
f 2406 2378 2297
f 2298 2540 2348
f 2540 2298 2554
f 2532 2312 2299
f 2345 2532 2299
f 2420 2304 2300
f 2447 2300 2314
f 2447 2420 2300
f 2332 2301 2634
f 2530 2635 2301
f 2635 2634 2301
f 2431 2402 2302
f 2471 2329 2303
f 2470 2471 2303
f 2420 2362 2304
f 2330 2425 2305
f 2305 2425 2394
f 2477 2364 2306
f 2477 2306 2405
f 2398 2533 2307
f 2307 5825 2398
f 2533 2441 2307
f 2308 2383 2317
f 2385 2308 2331
f 6030 2383 2308
f 2385 6030 2308
f 2309 2840 2321
f 2559 2758 2309
f 2758 2800 2309
f 2800 2840 2309
f 2538 2310 2320
f 2538 2598 2310
f 2315 2408 2311
f 2578 2410 2312
f 2578 2312 2532
f 2512 2313 2335
f 2512 2522 2313
f 2346 2447 2314
f 2552 2315 2334
f 2408 2315 2547
f 2315 2715 2547
f 2552 2715 2315
f 2468 2323 2316
f 2451 2468 2316
f 5994 2340 2317
f 2317 2340 5997
f 2317 2383 2375
f 2375 5994 2317
f 2318 2462 2327
f 2318 2422 2462
f 2391 2440 2319
f 2647 2320 2342
f 2648 2538 2320
f 2647 2648 2320
f 2321 2840 5817
f 2622 2472 2322
f 2646 2622 2322
f 2323 2468 2422
f 2484 2324 2326
f 2484 2384 2324
f 2379 2325 2427
f 2325 2388 2442
f 2442 2427 2325
f 2414 2484 2326
f 2357 2327 2502
f 2462 2502 2327
f 2633 2328 2363
f 2434 2328 2531
f 2531 2328 2633
f 2396 2329 2490
f 2471 2490 2329
f 2432 2330 2349
f 2432 2425 2330
f 2385 2331 2458
f 2389 2458 2331
f 2591 2366 2332
f 2634 2591 2332
f 2333 2643 2641
f 2333 2661 2643
f 2448 2552 2334
f 2371 2512 2335
f 2467 2389 2336
f 2395 2467 2336
f 2354 2507 2337
f 2507 2358 2337
f 2492 2369 2338
f 2492 2338 2437
f 2504 2339 2411
f 2504 2421 2339
f 2401 2407 2340
f 2401 2340 5994
f 2340 2407 5997
f 2341 2381 2509
f 2509 2443 2341
f 2367 2647 2342
f 2585 2706 2343
f 2639 2344 2378
f 2344 2566 2397
f 2639 2566 2344
f 2990 2532 2345
f 2601 2882 2345
f 2882 3180 2345
f 3180 2990 2345
f 2421 2489 2346
f 2346 2489 2447
f 2351 2480 2347
f 2521 2387 2347
f 2480 2521 2347
f 2540 2486 2348
f 2349 2393 2452
f 2452 2432 2349
f 2436 2589 2350
f 2589 2437 2350
f 2361 2464 2351
f 2464 2480 2351
f 2443 2541 2352
f 5754 2352 2541
f 2524 2414 2353
f 2524 2353 2505
f 2679 2507 2354
f 2551 2679 2354
f 2551 2354 5844
f 2370 2430 2355
f 2454 2374 2355
f 2430 2454 2355
f 2399 2626 2356
f 2451 2356 2682
f 2682 2356 2626
f 2550 2444 2357
f 2502 2550 2357
f 2508 2388 2358
f 2508 2358 2507
f 2369 2492 2359
f 2492 2494 2359
f 5947 2539 2360
f 2360 2539 5991
f 2360 5754 2541
f 2541 5947 2360
f 5754 2360 5960
f 2360 5991 5960
f 2394 2464 2361
f 2362 2438 2370
f 2450 2362 2420
f 2453 2438 2362
f 2453 2362 2450
f 2653 2363 2384
f 2653 2633 2363
f 2364 2526 2413
f 2526 2364 2477
f 2375 5937 2365
f 2375 2365 5994
f 2481 2390 2365
f 2365 2390 5994
f 2365 2433 2457
f 5937 2433 2365
f 2457 2481 2365
f 2671 2367 2366
f 2671 2366 2591
f 2671 2647 2367
f 2558 2429 2368
f 2438 2430 2370
f 2475 2555 2371
f 2555 2512 2371
f 2520 2411 2372
f 2515 2520 2372
f 2466 2419 2373
f 2373 2419 6024
f 6026 2466 2373
f 2373 6024 5702
f 2523 2431 2374
f 2454 2523 2374
f 2375 2383 2404
f 2404 5937 2375
f 2417 2545 2376
f 2376 2545 2621
f 2386 2412 2377
f 2412 2491 2377
f 2406 2593 2378
f 2593 2639 2378
f 2379 2424 2393
f 2427 2424 2379
f 2441 2584 2380
f 2607 2470 2380
f 2380 2584 2607
f 2413 2542 2381
f 2542 2509 2381
f 2382 2721 2500
f 2612 2721 2382
f 2461 2404 2383
f 2423 2461 2383
f 2423 2383 6030
f 2484 2653 2384
f 2544 2423 2385
f 2385 2423 6030
f 2570 2385 2458
f 2570 2544 2385
f 2386 2410 2578
f 2674 2412 2386
f 2578 2674 2386
f 2548 2515 2387
f 2521 2569 2387
f 2569 2548 2387
f 2388 2506 2442
f 2506 2388 2508
f 2528 2458 2389
f 2467 2565 2389
f 2565 2528 2389
f 2525 2401 2390
f 2401 5994 2390
f 2525 2390 2481
f 2642 2440 2391
f 2642 2391 2574
f 2440 2530 2392
f 2424 2465 2393
f 2452 2393 2465
f 2425 2498 2394
f 2498 2464 2394
f 5977 2467 2395
f 2539 5977 2395
f 2395 5991 2539
f 2571 2475 2396
f 2571 2396 2490
f 2573 2409 2397
f 2566 2573 2397
f 2482 2398 5985
f 2398 2482 6029
f 2398 6029 2533
f 2446 2626 2399
f 2403 2609 2400
f 2609 2446 2400
f 2497 2407 2401
f 2572 2497 2401
f 2572 2401 2525
f 2431 2576 2402
f 2402 2726 2517
f 2576 2726 2402
f 2603 2609 2403
f 2404 2428 5937
f 5986 2428 2404
f 2461 2495 2404
f 2495 2536 2404
f 2536 5986 2404
f 2561 2405 2435
f 2561 2477 2405
f 2503 2593 2406
f 2497 2514 2407
f 6026 2407 2514
f 2408 2713 2416
f 2718 2408 2547
f 2713 2408 2718
f 2573 2559 2409
f 2520 2504 2411
f 2412 2732 2491
f 2674 2804 2412
f 2804 2732 2412
f 2526 2542 2413
f 2414 2588 2484
f 2524 2588 2414
f 2835 2463 2415
f 2840 2835 2415
f 2840 2415 5817
f 2613 2529 2416
f 2713 2613 2416
f 2417 2456 2683
f 2761 2545 2417
f 2761 2417 2683
f 2688 2445 2418
f 2680 2688 2418
f 2466 2604 2419
f 2604 6005 2419
f 6005 5985 2419
f 2447 5815 2420
f 2487 2450 2420
f 5815 2487 2420
f 2489 2421 2504
f 2422 2645 2462
f 2468 2659 2422
f 2659 2645 2422
f 2461 2423 2546
f 2546 2423 2544
f 2427 2459 2424
f 2459 2465 2424
f 2432 2496 2425
f 2496 2498 2425
f 2842 2426 2583
f 2426 2880 2700
f 2880 2426 2842
f 2442 2460 2427
f 2427 2460 2459
f 2428 2479 2433
f 5937 2428 2433
f 2428 2534 2479
f 2516 2534 2428
f 5986 2516 2428
f 2741 2553 2429
f 2558 2741 2429
f 2438 2485 2430
f 2430 2519 2454
f 2519 2430 2485
f 2523 2576 2431
f 2432 2452 2513
f 2513 2496 2432
f 2433 2479 2457
f 2704 2448 2434
f 2625 2434 2531
f 2625 2704 2434
f 2486 2602 2435
f 2602 2561 2435
f 2632 2436 2455
f 2650 2589 2436
f 2632 2650 2436
f 2589 2492 2437
f 2453 2460 2438
f 2460 2485 2438
f 2439 2683 2456
f 2469 2732 2439
f 2924 2683 2439
f 2732 2924 2439
f 2440 2668 2530
f 2642 2592 2440
f 2592 2668 2440
f 2533 2584 2441
f 2501 2460 2442
f 2501 2442 2506
f 2509 2623 2443
f 2623 2541 2443
f 2550 2585 2444
f 2688 2473 2445
f 2735 2446 2609
f 2898 2626 2446
f 2735 2898 2446
f 2489 2543 2447
f 2447 2543 5815
f 2448 2704 2552
f 2529 2662 2449
f 2654 2557 2449
f 2662 2654 2449
f 2478 2453 2450
f 2511 2478 2450
f 2511 2450 2487
f 2682 2468 2451
f 2513 2452 2465
f 2459 2460 2453
f 2478 2459 2453
f 2519 2615 2454
f 2615 2523 2454
f 2474 2632 2455
f 2479 2476 2457
f 2476 2488 2457
f 2488 2481 2457
f 2528 2570 2458
f 2459 2478 2465
f 2501 2485 2460
f 2564 2495 2461
f 2546 2564 2461
f 2462 2619 2502
f 2619 2462 2645
f 2463 2835 2583
f 2480 2464 2537
f 2498 2537 2464
f 2478 2511 2465
f 2511 2513 2465
f 2586 2466 2514
f 2466 6026 2514
f 2586 2604 2466
f 2565 2467 5977
f 2682 2659 2468
f 2732 2469 2491
f 2470 2624 2471
f 2470 2607 2624
f 2620 2490 2471
f 2624 2620 2471
f 2622 2806 2472
f 2752 2676 2472
f 2806 2752 2472
f 2698 2595 2473
f 2698 2473 2688
f 2600 2628 2474
f 2628 2702 2474
f 2702 2632 2474
f 2701 2555 2475
f 2571 2701 2475
f 2479 2527 2476
f 2499 2488 2476
f 2493 2499 2476
f 2535 2493 2476
f 2527 2556 2476
f 2556 2535 2476
f 2618 2526 2477
f 2561 2618 2477
f 2479 2534 2527
f 2521 2480 2537
f 2488 2567 2481
f 2481 2567 2525
f 2687 2699 2482
f 2687 2482 6005
f 6029 2482 2699
f 6005 2482 5985
f 2518 2703 2483
f 2631 2658 2483
f 2703 2631 2483
f 2588 2653 2484
f 2501 2568 2485
f 2485 2568 2519
f 2644 2486 2540
f 2602 2486 2644
f 2563 2511 2487
f 2563 2487 2543
f 2543 2487 5815
f 2499 2567 2488
f 2543 2489 2504
f 2620 2571 2490
f 2605 2494 2492
f 2589 2605 2492
f 2510 2499 2493
f 2655 2510 2493
f 2535 2608 2493
f 2608 2655 2493
f 5705 2503 2494
f 2494 2605 5705
f 2536 2495 2610
f 2564 2610 2495
f 2496 2562 2498
f 2513 5830 2496
f 2587 2562 2496
f 5830 2587 2496
f 2590 2514 2497
f 2572 2590 2497
f 2498 2562 2537
f 2510 2575 2499
f 2567 2499 2575
f 2652 2518 2500
f 2652 2500 2721
f 2594 2501 2506
f 2568 2501 2594
f 2768 2550 2502
f 2619 2768 2502
f 2593 2503 2691
f 2503 5705 2691
f 2520 2579 2504
f 2543 2504 2579
f 2524 2505 2627
f 2595 2627 2505
f 2637 2506 2508
f 2637 2594 2506
f 2616 2508 2507
f 2756 2616 2507
f 2679 2756 2507
f 2616 2637 2508
f 2542 2651 2509
f 2623 2509 2651
f 2577 2575 2510
f 2685 2577 2510
f 2655 2685 2510
f 2513 2511 5830
f 2511 2563 5909
f 5909 5830 2511
f 2512 2664 2522
f 2555 2714 2512
f 2512 2727 2664
f 2714 2727 2512
f 2590 2586 2514
f 2515 2579 2520
f 2548 2582 2515
f 2582 2579 2515
f 2614 2534 2516
f 2614 2516 2536
f 2536 2516 5986
f 2517 2771 2574
f 2726 2833 2517
f 2833 2771 2517
f 2652 2703 2518
f 2568 2638 2519
f 2638 2615 2519
f 2537 2569 2521
f 2664 2600 2522
f 2615 2576 2523
f 2673 2588 2524
f 2524 2627 2673
f 2629 2525 2567
f 2629 2572 2525
f 2526 2672 2542
f 2672 2526 2618
f 2596 2527 2534
f 2581 2556 2527
f 2611 2581 2527
f 2596 2611 2527
f 2565 2636 2528
f 2636 2570 2528
f 2613 2662 2529
f 2530 2668 2635
f 2772 2625 2531
f 2697 2531 2633
f 2697 2772 2531
f 2532 2802 2578
f 2990 2802 2532
f 2533 2617 2584
f 6029 2617 2533
f 2640 2596 2534
f 2614 2640 2534
f 2556 2597 2535
f 2597 2608 2535
f 2610 2686 2536
f 2614 2536 2686
f 2562 2587 2537
f 2569 2537 2587
f 2860 2598 2538
f 2648 2862 2538
f 2538 2862 2860
f 5880 2670 2539
f 5895 2539 2670
f 5947 5880 2539
f 2539 5895 5977
f 2666 2540 2554
f 2666 2644 2540
f 2623 2678 2541
f 2678 5880 2541
f 2541 5880 5947
f 2672 2651 2542
f 2543 2579 2563
f 2546 2544 2665
f 2570 2675 2544
f 2675 2665 2544
f 2545 2867 2621
f 2545 2761 2944
f 2944 2867 2545
f 2564 2546 2663
f 2665 2663 2546
f 2715 2718 2547
f 2569 2582 2548
f 2710 2549 2557
f 2710 2599 2549
f 2684 2585 2550
f 2684 2550 2768
f 2884 2551 2560
f 2551 5881 2560
f 2884 2679 2551
f 2551 5844 5881
f 2704 2855 2552
f 2855 2715 2552
f 2777 2646 2553
f 2741 2769 2553
f 2769 2777 2553
f 2554 2658 2666
f 2701 2693 2555
f 2693 2714 2555
f 2581 2649 2556
f 2556 2649 2597
f 2654 2824 2557
f 2824 2710 2557
f 2867 2558 2621
f 2558 2864 2741
f 3097 2864 2558
f 2558 2867 3097
f 2559 2573 2681
f 2758 2559 2681
f 2560 2667 2783
f 2783 2884 2560
f 2602 2690 2561
f 2690 2618 2561
f 2587 2563 2579
f 5909 2563 2587
f 2564 2705 2610
f 2705 2564 2663
f 2565 2689 2636
f 5895 2689 2565
f 5977 5895 2565
f 2793 2573 2566
f 2566 2639 2729
f 2793 2566 2729
f 2575 2669 2567
f 2669 2629 2567
f 2594 2660 2568
f 2568 2660 2638
f 2587 2582 2569
f 2675 2570 2636
f 2736 2571 2620
f 2571 2736 2701
f 2572 2677 2590
f 2677 2572 2629
f 2681 2573 2793
f 2757 2642 2574
f 2574 2771 2757
f 2577 2656 2575
f 2656 2669 2575
f 2615 2742 2576
f 5958 2726 2576
f 2742 5958 2576
f 2656 2577 2685
f 2578 2802 2674
f 2582 2587 2579
f 2725 2612 2580
f 2706 2792 2580
f 2792 2725 2580
f 2611 2711 2581
f 2711 2649 2581
f 2583 2835 2842
f 2584 2724 2607
f 2720 2584 2617
f 2720 2724 2584
f 2684 2712 2585
f 2712 2706 2585
f 2692 2586 2590
f 2695 2604 2586
f 2692 2695 2586
f 2587 5830 5909
f 2653 2588 2731
f 2731 2588 2673
f 2707 2605 2589
f 2650 2707 2589
f 2677 2692 2590
f 2634 2782 2591
f 2858 2671 2591
f 2803 2591 2782
f 2803 2858 2591
f 2642 2851 2592
f 2788 2668 2592
f 2851 2788 2592
f 2729 2639 2593
f 2691 2729 2593
f 2637 2708 2594
f 2660 2594 2708
f 2796 2627 2595
f 2812 2595 2698
f 2812 2796 2595
f 2596 2696 2611
f 2640 2709 2596
f 2696 2596 2709
f 2597 2719 2608
f 2649 2717 2597
f 2717 2719 2597
f 2860 2630 2598
f 2716 2661 2599
f 2710 2743 2599
f 2743 2716 2599
f 2750 2628 2600
f 2664 2750 2600
f 2601 2700 2882
f 2644 2753 2602
f 2690 2602 2753
f 2603 2773 2609
f 2603 2694 2760
f 2773 2603 2760
f 2695 2687 2604
f 2687 6005 2604
f 2707 2722 2605
f 2762 2605 2722
f 2762 5705 2605
f 2778 2606 2630
f 2908 2694 2606
f 2908 2606 2778
f 2733 2624 2607
f 2724 2733 2607
f 2655 2608 2754
f 2719 2754 2608
f 2773 2735 2609
f 2759 2686 2610
f 2705 2759 2610
f 2767 2611 2696
f 2767 2711 2611
f 2725 2721 2612
f 2613 2805 2662
f 2713 2805 2613
f 2640 2614 2730
f 2730 2614 2686
f 2638 2737 2615
f 2737 2742 2615
f 2763 2637 2616
f 2756 2763 2616
f 2699 2720 2617
f 6029 2699 2617
f 2820 2672 2618
f 2690 2820 2618
f 2728 2619 2645
f 2728 2768 2619
f 2620 2624 2748
f 2620 2748 2736
f 2646 2777 2622
f 2777 2879 2622
f 2879 2806 2622
f 2746 2623 2651
f 2678 2623 2734
f 2746 2734 2623
f 2733 2748 2624
f 2772 2704 2625
f 2785 2682 2626
f 2898 2785 2626
f 2779 2673 2627
f 2796 2779 2627
f 2801 2702 2628
f 2801 2628 2750
f 2669 2744 2629
f 2744 2677 2629
f 2871 2778 2630
f 2860 2871 2630
f 2765 2658 2631
f 2703 2911 2631
f 2891 2765 2631
f 2631 2911 2891
f 2632 2809 2650
f 2702 2787 2632
f 2632 2787 2809
f 2633 2653 2751
f 2808 2697 2633
f 2808 2633 2751
f 2635 2739 2634
f 2634 2739 2782
f 2668 2739 2635
f 2636 2774 2675
f 2636 2689 2828
f 2774 2636 2828
f 2763 2708 2637
f 2737 2638 2660
f 2709 2640 2749
f 2730 2749 2640
f 2643 2869 2641
f 2869 2657 2641
f 2757 2851 2642
f 2661 2885 2643
f 2885 2869 2643
f 2764 2644 2666
f 2764 2753 2644
f 2659 2723 2645
f 2645 2723 2728
f 2873 2648 2647
f 2671 2857 2647
f 2857 2873 2647
f 2873 2862 2648
f 2747 2649 2711
f 2747 2717 2649
f 2790 2707 2650
f 2845 2790 2650
f 2809 2845 2650
f 2672 2846 2651
f 2846 2746 2651
f 2887 2703 2652
f 2721 2887 2652
f 2731 2751 2653
f 2662 2886 2654
f 2886 2824 2654
f 2685 2655 2775
f 2655 2754 2775
f 2745 2669 2656
f 2685 2740 2656
f 2740 2745 2656
f 2866 2667 2657
f 2869 2866 2657
f 2658 2765 2666
f 2786 2659 2682
f 2786 2723 2659
f 2708 2737 2660
f 2885 2661 2716
f 2805 2895 2662
f 2959 2886 2662
f 2895 2959 2662
f 2665 2755 2663
f 2789 2705 2663
f 2755 2789 2663
f 2727 2810 2664
f 2810 2750 2664
f 2675 2766 2665
f 2755 2665 2766
f 2765 2764 2666
f 2783 2667 2890
f 2890 2667 2866
f 2739 2668 2811
f 2668 2788 2811
f 2745 2744 2669
f 2826 2791 2670
f 2791 5927 2670
f 2670 5880 2826
f 5895 2670 5927
f 2857 2671 2858
f 2820 2846 2672
f 2779 2731 2673
f 2802 2831 2674
f 2831 2804 2674
f 2766 2675 2774
f 2868 2680 2676
f 2752 2853 2676
f 2853 2861 2676
f 2861 2868 2676
f 2677 2776 2692
f 2744 2776 2677
f 2849 2678 2734
f 2918 2826 2678
f 2678 2826 5880
f 2849 2918 2678
f 2679 2848 2756
f 2834 2848 2679
f 2679 2884 2834
f 2680 2868 2688
f 3019 2758 2681
f 3239 2681 2793
f 3239 3019 2681
f 2682 2785 2940
f 2940 2786 2682
f 2901 2761 2683
f 2924 2901 2683
f 2913 2712 2684
f 2768 2902 2684
f 2902 2913 2684
f 2795 2740 2685
f 2775 2795 2685
f 2686 2738 2730
f 2759 2738 2686
f 2695 2780 2687
f 2687 2781 2699
f 2780 2781 2687
f 2874 2698 2688
f 2688 2868 2874
f 2954 2828 2689
f 3077 2954 2689
f 5927 3077 2689
f 2689 5895 5927
f 2892 2690 2753
f 2820 2690 2915
f 2690 2892 2915
f 2729 2691 2883
f 2883 2691 2762
f 5705 2762 2691
f 2784 2695 2692
f 2776 2784 2692
f 2807 2693 2701
f 2897 2714 2693
f 2897 2693 2807
f 2694 2908 2760
f 2784 2780 2695
f 2709 2794 2696
f 2794 2767 2696
f 2881 2772 2697
f 2808 2881 2697
f 2876 2812 2698
f 2876 2698 2874
f 2797 2720 2699
f 2797 2699 2781
f 2880 3190 2700
f 3222 2882 2700
f 3190 3309 2700
f 3309 3222 2700
f 2736 2906 2701
f 2701 2906 2807
f 2702 2905 2787
f 2702 2801 2905
f 2887 2770 2703
f 2911 2703 2770
f 2772 2850 2704
f 2850 2855 2704
f 2759 2705 2825
f 2789 2825 2705
f 2712 2939 2706
f 2706 2939 2792
f 2722 2707 2790
f 2821 2737 2708
f 2821 2708 2763
f 2749 2817 2709
f 2817 2794 2709
f 2824 2743 2710
f 2747 2711 2818
f 2767 2830 2711
f 2818 2711 2830
f 2712 2913 2939
f 2718 2799 2713
f 2799 2805 2713
f 2897 2727 2714
f 2798 2718 2715
f 2855 2798 2715
f 2743 2903 2716
f 2903 2885 2716
f 2717 2813 2719
f 2818 2717 2747
f 2813 2717 2818
f 2798 2894 2718
f 2718 2894 2799
f 2719 2814 2754
f 2813 2814 2719
f 2720 2875 2724
f 2797 2822 2720
f 2822 2875 2720
f 2725 2819 2721
f 2819 2887 2721
f 2827 2762 2722
f 2827 2722 2790
f 2815 2728 2723
f 2912 2723 2786
f 2815 2723 2928
f 2912 2928 2723
f 2836 2733 2724
f 2875 2836 2724
f 2792 2888 2725
f 2888 2819 2725
f 2833 2726 5863
f 2949 2726 5958
f 5970 2726 2949
f 5863 2726 5970
f 2727 2897 2810
f 2815 2768 2728
f 2883 2793 2729
f 2738 2841 2730
f 2749 2730 2837
f 2841 2837 2730
f 2829 2751 2731
f 2779 2852 2731
f 2731 2852 2829
f 2804 3011 2732
f 2924 2732 3294
f 3198 2732 3011
f 2732 3198 3294
f 2899 2748 2733
f 2836 2899 2733
f 2746 2849 2734
f 3010 2735 2773
f 2910 2898 2735
f 3010 2910 2735
f 2748 2900 2736
f 2900 2906 2736
f 2960 2742 2737
f 2821 2960 2737
f 2832 2738 2759
f 2920 2738 2832
f 2920 2841 2738
f 2739 2838 2782
f 2838 2739 2811
f 2839 2745 2740
f 2795 2896 2740
f 2896 2839 2740
f 2741 2992 2769
f 2864 2992 2741
f 3016 2742 2960
f 3016 5958 2742
f 2824 2938 2743
f 2938 2903 2743
f 2844 2744 2745
f 2776 2744 2854
f 2844 2854 2744
f 2839 2844 2745
f 2846 2856 2746
f 2856 2849 2746
f 2899 2900 2748
f 2837 2817 2749
f 2750 2922 2801
f 2810 2878 2750
f 2878 2922 2750
f 2829 2808 2751
f 2853 2752 2806
f 2872 2753 2764
f 2872 2892 2753
f 2816 2775 2754
f 2814 2816 2754
f 2843 2755 2766
f 2755 2843 2789
f 2756 2847 2763
f 2848 2847 2756
f 2771 3013 2757
f 2919 2851 2757
f 3013 2919 2757
f 2758 2933 2800
f 2758 3321 2933
f 3019 3321 2758
f 2825 2909 2759
f 2759 2909 2832
f 3010 2773 2760
f 2908 3024 2760
f 3106 3010 2760
f 3024 3106 2760
f 2901 2944 2761
f 2889 2762 2827
f 2889 2883 2762
f 2977 2821 2763
f 2847 2977 2763
f 2765 2877 2764
f 2877 2872 2764
f 2891 2877 2765
f 2774 2964 2766
f 2766 2972 2843
f 2964 2972 2766
f 2904 2767 2794
f 2767 2904 2830
f 2815 2902 2768
f 2769 2865 2777
f 3073 2865 2769
f 2992 2971 2769
f 2971 3073 2769
f 2887 2993 2770
f 2993 2911 2770
f 3013 2771 2833
f 2952 2850 2772
f 2881 3017 2772
f 3017 2952 2772
f 2932 2774 2828
f 2932 2964 2774
f 2823 2795 2775
f 2816 2823 2775
f 2870 2784 2776
f 2854 2870 2776
f 2865 2879 2777
f 3090 2778 2871
f 2908 2778 3090
f 2796 2893 2779
f 2893 2852 2779
f 2859 2781 2780
f 2784 2863 2780
f 2780 2863 2859
f 2859 2797 2781
f 2917 2803 2782
f 2838 2917 2782
f 2907 2884 2783
f 2890 2907 2783
f 2870 2863 2784
f 2929 2785 2898
f 3057 2785 2929
f 2785 3057 2940
f 2786 2940 2912
f 2926 2809 2787
f 2787 2905 2982
f 2982 2926 2787
f 2788 2927 2811
f 2788 2851 2927
f 2789 2914 2825
f 2843 2914 2789
f 3008 2827 2790
f 3008 2790 2845
f 2826 5919 2791
f 3131 3077 2791
f 2791 3077 5927
f 3183 3131 2791
f 5919 3183 2791
f 2792 2991 2888
f 2939 2991 2792
f 2986 2793 2883
f 2986 3108 2793
f 3108 3239 2793
f 2817 2931 2794
f 2931 2904 2794
f 2823 2923 2795
f 2923 2896 2795
f 2916 2796 2812
f 2796 2916 2893
f 2961 2822 2797
f 2859 2961 2797
f 2798 2855 3033
f 2894 2798 3033
f 2963 2805 2799
f 2894 2963 2799
f 2989 2840 2800
f 2933 2989 2800
f 2922 2905 2801
f 2802 3094 2831
f 2802 2990 3170
f 3170 3094 2802
f 2803 2937 2858
f 2917 2937 2803
f 3109 2804 2831
f 3109 3011 2804
f 3050 2895 2805
f 2963 3050 2805
f 3003 2853 2806
f 2879 3003 2806
f 3025 2897 2807
f 2906 3021 2807
f 3021 3025 2807
f 2935 2808 2829
f 2808 2935 2881
f 2845 2809 3072
f 2809 2926 3072
f 2878 2810 3051
f 2897 3051 2810
f 2965 2838 2811
f 2927 3004 2811
f 3004 2965 2811
f 2876 2970 2812
f 2970 2916 2812
f 2813 2948 2814
f 2925 2813 2818
f 2925 2948 2813
f 2816 2814 2934
f 2948 2934 2814
f 3007 2902 2815
f 2928 3023 2815
f 3023 3007 2815
f 2823 2816 2936
f 2934 2936 2816
f 2837 2957 2817
f 2957 2931 2817
f 2830 2930 2818
f 2947 2925 2818
f 2930 2947 2818
f 2819 2921 2887
f 2888 2921 2819
f 2941 2846 2820
f 2941 2820 2915
f 3052 2960 2821
f 3052 2821 2977
f 2875 2822 2996
f 2961 2996 2822
f 2923 2823 2936
f 2886 2999 2824
f 2824 2999 2938
f 2825 3037 2909
f 3037 2825 2914
f 2826 2918 3049
f 3049 5919 2826
f 2978 2889 2827
f 2962 2978 2827
f 3008 2962 2827
f 2932 2828 2954
f 2852 2974 2829
f 2829 2974 2935
f 2966 2830 2904
f 2966 2930 2830
f 3094 3109 2831
f 2909 2920 2832
f 5863 3013 2833
f 2967 2848 2834
f 2884 2967 2834
f 2840 2997 2835
f 2946 2842 2835
f 2997 2946 2835
f 2875 2983 2836
f 2899 2836 2943
f 2983 2943 2836
f 2841 2979 2837
f 2979 2957 2837
f 2838 2965 2917
f 2844 2839 2953
f 2896 2969 2839
f 2969 2953 2839
f 2989 2997 2840
f 5747 2841 2920
f 2979 2841 5747
f 3006 2880 2842
f 2946 3006 2842
f 2972 2914 2843
f 2854 2844 2950
f 2953 2950 2844
f 2845 3072 3008
f 2973 2856 2846
f 2941 2973 2846
f 2848 3166 2847
f 3078 2977 2847
f 3166 3078 2847
f 3166 2848 2967
f 2984 2849 2856
f 2849 3049 2918
f 3083 2849 2984
f 3049 2849 3083
f 2952 2855 2850
f 2851 2919 2980
f 2980 2927 2851
f 2893 2976 2852
f 2852 2976 2974
f 2958 2861 2853
f 3102 2958 2853
f 3003 3102 2853
f 2870 2854 2955
f 2950 2955 2854
f 2952 3026 2855
f 3033 2855 3026
f 2973 2984 2856
f 2858 3070 2857
f 2857 3079 2873
f 3070 3079 2857
f 2937 3070 2858
f 2863 2945 2859
f 2942 2859 2945
f 2961 2859 2942
f 3110 2860 2862
f 2860 3090 2871
f 3110 3090 2860
f 2958 2868 2861
f 2873 3086 2862
f 3081 2862 3086
f 3081 3110 2862
f 2951 2863 2870
f 2951 2945 2863
f 2992 2864 3317
f 2864 3097 3317
f 3091 2879 2865
f 3073 3091 2865
f 2869 3087 2866
f 2890 2866 2985
f 3087 2985 2866
f 2944 3116 2867
f 3097 2867 3116
f 2956 2874 2868
f 3056 2956 2868
f 2958 3056 2868
f 2885 2988 2869
f 2988 3087 2869
f 2951 2870 2955
f 2877 2975 2872
f 2981 2892 2872
f 2975 2981 2872
f 3079 3086 2873
f 2956 2876 2874
f 2983 2875 2996
f 2956 3115 2876
f 3115 2970 2876
f 2891 2994 2877
f 2994 2975 2877
f 3005 2922 2878
f 2878 3051 3005
f 3163 3003 2879
f 3091 3163 2879
f 3006 3190 2880
f 2935 3029 2881
f 3029 3017 2881
f 3469 3180 2882
f 3469 2882 3222
f 2889 3002 2883
f 3002 2986 2883
f 2907 2968 2884
f 2968 2967 2884
f 2903 2995 2885
f 2995 2988 2885
f 2886 2959 2999
f 2921 3014 2887
f 3014 2993 2887
f 3145 2921 2888
f 2991 3145 2888
f 2978 3032 2889
f 3002 2889 3032
f 2890 3000 2907
f 2985 3000 2890
f 3197 2891 2911
f 2891 3197 2994
f 2892 3001 2915
f 2892 2981 3001
f 2916 2998 2893
f 2998 2976 2893
f 3046 2963 2894
f 3225 2894 3033
f 3046 2894 3225
f 3045 2959 2895
f 3050 3045 2895
f 2987 2896 2923
f 2987 2969 2896
f 2897 3025 3051
f 2910 3028 2898
f 3028 2929 2898
f 3015 2900 2899
f 2943 3020 2899
f 3015 2899 3020
f 2906 2900 3038
f 3015 3038 2900
f 3280 2901 2924
f 3085 2944 2901
f 2901 3280 3085
f 3009 2913 2902
f 3007 3009 2902
f 2903 2938 3157
f 3066 2995 2903
f 2903 3157 3066
f 2931 3018 2904
f 3018 2966 2904
f 2922 3031 2905
f 3031 2982 2905
f 3038 3021 2906
f 3000 2968 2907
f 3012 3024 2908
f 3090 3012 2908
f 3035 2920 2909
f 3035 2909 3037
f 3069 2910 3010
f 3069 3028 2910
f 2993 3197 2911
f 2928 2912 3048
f 3039 2912 2940
f 3039 3048 2912
f 2913 3036 2939
f 3036 2913 3009
f 2972 3040 2914
f 3040 3037 2914
f 5949 2941 2915
f 3001 5949 2915
f 2970 3042 2916
f 3042 2998 2916
f 3022 2937 2917
f 2965 3022 2917
f 3075 2980 2919
f 3013 3075 2919
f 3035 5747 2920
f 3227 3014 2921
f 3145 3227 2921
f 3005 3043 2922
f 2922 3043 3031
f 3027 2923 2936
f 2987 2923 3027
f 3280 2924 3294
f 2947 3030 2925
f 3030 2948 2925
f 2982 3061 2926
f 3072 2926 3061
f 2980 3054 2927
f 3054 3004 2927
f 3048 3023 2928
f 3175 2929 3028
f 3175 3057 2929
f 3034 2947 2930
f 2966 3034 2930
f 2957 3055 2931
f 3055 3018 2931
f 3139 2932 2954
f 3063 2964 2932
f 3162 3063 2932
f 3139 3162 2932
f 3364 2989 2933
f 3321 3364 2933
f 3062 2936 2934
f 2948 3059 2934
f 3059 3062 2934
f 2974 3148 2935
f 3136 3029 2935
f 3148 3136 2935
f 3093 3027 2936
f 3062 3093 2936
f 3022 3053 2937
f 3053 3070 2937
f 2938 2999 3124
f 3124 3157 2938
f 3071 2991 2939
f 3036 3071 2939
f 3057 3039 2940
f 2973 2941 3067
f 3067 2941 3188
f 3188 2941 5949
f 2945 3041 2942
f 2961 2942 3099
f 3041 3125 2942
f 3099 2942 3125
f 2983 3064 2943
f 3020 2943 3064
f 3085 3116 2944
f 2945 2951 3041
f 2997 3112 2946
f 3112 3006 2946
f 3076 3030 2947
f 3034 3076 2947
f 3030 3059 2948
f 3016 3150 2949
f 3016 2949 5958
f 3301 2949 3150
f 3301 5998 2949
f 5998 5970 2949
f 2950 2953 3044
f 2955 2950 3058
f 3044 3058 2950
f 2955 3047 2951
f 3041 2951 3047
f 3017 3117 2952
f 3117 3026 2952
f 2969 3060 2953
f 3060 3044 2953
f 3077 3211 2954
f 3139 2954 3211
f 2955 3058 3047
f 3056 3155 2956
f 3155 3115 2956
f 2979 3084 2957
f 3084 3055 2957
f 3154 3056 2958
f 3102 3154 2958
f 2999 2959 3124
f 3045 3124 2959
f 3100 3016 2960
f 3052 3100 2960
f 3107 2996 2961
f 3099 3107 2961
f 3101 2978 2962
f 2962 3008 3141
f 2962 3216 3101
f 3141 3216 2962
f 3046 3235 2963
f 3235 3050 2963
f 3074 2972 2964
f 3063 3074 2964
f 3088 2965 3004
f 3088 3022 2965
f 3089 2966 3018
f 3089 3034 2966
f 2968 3202 2967
f 3230 3166 2967
f 3202 3230 2967
f 3000 3202 2968
f 2987 3060 2969
f 3281 3042 2970
f 3115 3281 2970
f 3317 2971 2992
f 3317 3073 2971
f 3068 3040 2972
f 3074 3068 2972
f 3104 2984 2973
f 3104 2973 3067
f 2976 3158 2974
f 3158 3148 2974
f 3082 2981 2975
f 2994 3220 2975
f 3220 3082 2975
f 3173 2976 2998
f 3173 3158 2976
f 3052 2977 3105
f 2977 3078 3105
f 3032 2978 3065
f 3101 3065 2978
f 2979 3096 3084
f 2979 5747 3096
f 3325 3054 2980
f 3075 3325 2980
f 3092 3001 2981
f 3082 3092 2981
f 3031 3151 2982
f 3151 3061 2982
f 2983 2996 3127
f 3127 3064 2983
f 3104 3083 2984
f 5774 3000 2985
f 5774 2985 3087
f 3095 2986 3002
f 3095 3182 2986
f 3182 3108 2986
f 3027 3060 2987
f 2995 3103 2988
f 2988 3098 3087
f 3103 3098 2988
f 3382 2997 2989
f 3364 3382 2989
f 3249 3170 2990
f 3180 3249 2990
f 3071 3253 2991
f 3253 3145 2991
f 3014 3167 2993
f 3167 3197 2993
f 2994 3197 3315
f 3220 2994 3315
f 3066 3123 2995
f 3103 2995 3123
f 3107 3127 2996
f 3382 3112 2997
f 3275 2998 3042
f 3173 2998 3275
f 3000 3663 3202
f 3663 3000 5774
f 3092 3114 3001
f 3114 3188 3001
f 3001 3188 5949
f 3032 3121 3002
f 3121 3095 3002
f 3259 3102 3003
f 3163 3259 3003
f 3054 3193 3004
f 3193 3088 3004
f 3051 3043 3005
f 3112 3324 3006
f 3447 3190 3006
f 3324 3447 3006
f 3119 3009 3007
f 3119 3007 3023
f 3072 3141 3008
f 3120 3036 3009
f 3244 3009 3119
f 3244 3120 3009
f 3010 3106 3069
f 3109 3212 3011
f 3212 3198 3011
f 3217 3024 3012
f 3090 3437 3012
f 3437 3217 3012
f 5831 3075 3013
f 5831 3013 5863
f 3290 3167 3014
f 3227 3290 3014
f 3132 3015 3020
f 3038 3015 3138
f 3132 3138 3015
f 3100 3122 3016
f 3201 3016 3122
f 3201 3150 3016
f 3029 3080 3017
f 3080 3117 3017
f 3055 3133 3018
f 3133 3089 3018
f 3239 3539 3019
f 3539 3321 3019
f 3064 3132 3020
f 3021 3185 3025
f 3038 3147 3021
f 3147 3185 3021
f 3022 3368 3053
f 3088 3221 3022
f 3221 3368 3022
f 3048 3156 3023
f 3156 3119 3023
f 3217 3106 3024
f 3207 3051 3025
f 3185 3207 3025
f 3033 3026 3199
f 3117 3199 3026
f 3172 3060 3027
f 3172 3027 3093
f 3344 3028 3069
f 3400 3175 3028
f 3381 3028 3344
f 3381 3400 3028
f 3080 3029 3136
f 3030 3111 3059
f 3076 3111 3030
f 3043 3151 3031
f 3165 3032 3065
f 3165 3121 3032
f 3033 3199 3225
f 3034 3134 3076
f 3089 3134 3034
f 3035 3037 3126
f 5747 3035 3096
f 3096 3035 5794
f 5794 3035 3126
f 3149 3071 3036
f 3149 3036 3120
f 3118 3037 3040
f 3118 3126 3037
f 3113 3038 3138
f 3113 3147 3038
f 3039 3140 3048
f 3129 3039 3057
f 3129 3140 3039
f 3153 3040 3068
f 3153 3118 3040
f 3130 3041 3047
f 3041 3130 3125
f 3177 3275 3042
f 3281 3177 3042
f 3043 3051 3258
f 3261 3151 3043
f 3258 3261 3043
f 3058 3044 3135
f 3060 3128 3044
f 3044 3128 3135
f 3050 3233 3045
f 3226 3124 3045
f 3233 3226 3045
f 3046 3225 3456
f 3456 3235 3046
f 3058 3137 3047
f 3137 3130 3047
f 3140 3156 3048
f 3178 3049 3083
f 3178 3286 3049
f 3286 5919 3049
f 3235 3233 3050
f 3207 3258 3051
f 3176 3100 3052
f 3105 3142 3052
f 3142 3176 3052
f 3053 3192 3070
f 3368 3192 3053
f 3325 3193 3054
f 3152 3055 3084
f 3152 3133 3055
f 3154 3155 3056
f 3129 3057 3269
f 3269 3057 3175
f 3135 3164 3058
f 3137 3058 3164
f 3168 3062 3059
f 3111 3168 3059
f 3128 3060 3172
f 3072 3061 3236
f 3151 3195 3061
f 3195 3236 3061
f 3223 3093 3062
f 3168 3223 3062
f 3194 3074 3063
f 3194 3063 3162
f 3203 3064 3127
f 3295 3132 3064
f 3295 3064 3203
f 3101 3184 3065
f 3165 3065 3265
f 3184 3265 3065
f 3485 3123 3066
f 3157 3485 3066
f 3215 3104 3067
f 3188 3215 3067
f 3074 3186 3068
f 3186 3153 3068
f 3069 3106 3446
f 3344 3069 3446
f 3369 3079 3070
f 3192 3369 3070
f 3149 3253 3071
f 3248 3141 3072
f 3236 3248 3072
f 3163 3091 3073
f 3335 3163 3073
f 3317 3335 3073
f 3186 3074 3194
f 3075 3488 3325
f 3488 3075 5803
f 3075 5831 5803
f 3076 3161 3111
f 3134 3161 3076
f 3131 3211 3077
f 3206 3105 3078
f 3166 3206 3078
f 3086 3079 3367
f 3369 3367 3079
f 3272 3117 3080
f 3136 3343 3080
f 3343 3272 3080
f 3086 3367 3081
f 3240 3110 3081
f 3367 3240 3081
f 3092 3082 3255
f 3220 3255 3082
f 3228 3083 3104
f 3228 3178 3083
f 3084 3096 3169
f 3169 3152 3084
f 3085 3470 3116
f 3280 3405 3085
f 3405 3470 3085
f 3640 3087 3098
f 3640 3374 3087
f 3374 5774 3087
f 3193 3221 3088
f 3133 3181 3089
f 3134 3089 3181
f 3440 3090 3110
f 3440 3437 3090
f 3255 3114 3092
f 3266 3172 3093
f 3223 3266 3093
f 3094 3358 3109
f 3170 3314 3094
f 3314 3358 3094
f 3121 3254 3095
f 3254 3182 3095
f 3096 3189 3169
f 3096 5794 3189
f 3333 3097 3116
f 3333 3317 3097
f 3103 3640 3098
f 3099 3214 3107
f 3099 3125 3231
f 3231 3214 3099
f 3251 3122 3100
f 3251 3100 3176
f 3184 3101 3303
f 3216 3303 3101
f 3154 3102 3409
f 3259 3409 3102
f 3555 3103 3123
f 3555 3830 3103
f 3830 3640 3103
f 3306 3104 3215
f 3306 3228 3104
f 3250 3142 3105
f 3273 3105 3206
f 3273 3250 3105
f 3217 3446 3106
f 3274 3127 3107
f 3214 3274 3107
f 3182 3376 3108
f 3108 3376 3239
f 3358 3212 3109
f 3240 3440 3110
f 3161 3168 3111
f 3412 3324 3112
f 3382 3412 3112
f 3138 3283 3113
f 3340 3147 3113
f 3283 3383 3113
f 3383 3340 3113
f 3388 3188 3114
f 3349 3114 3255
f 3349 3416 3114
f 3416 3388 3114
f 3115 3155 3322
f 3363 3281 3115
f 3115 3322 3363
f 3116 3470 3333
f 3272 3199 3117
f 3118 3232 3126
f 3153 3262 3118
f 3262 3232 3118
f 3156 3264 3119
f 3264 3244 3119
f 3120 3427 3149
f 3366 3120 3244
f 3366 3427 3120
f 3165 3408 3121
f 3408 3254 3121
f 3251 3201 3122
f 3485 3555 3123
f 3157 3124 3372
f 3226 3454 3124
f 3621 3372 3124
f 3454 3621 3124
f 3130 3246 3125
f 3246 3231 3125
f 3232 3189 3126
f 3189 5794 3126
f 3274 3203 3127
f 3128 3179 3135
f 3128 3172 3208
f 3179 3128 3208
f 3140 3129 3350
f 3269 3350 3129
f 3130 3137 3243
f 6034 3130 3243
f 6034 3246 3130
f 3307 3131 3183
f 3347 3211 3131
f 3307 3347 3131
f 3138 3132 3292
f 3292 3132 3295
f 3152 3218 3133
f 3181 3133 3218
f 3161 3134 3209
f 3181 3209 3134
f 3164 3135 3229
f 3135 3179 3219
f 3135 3219 3229
f 3288 3136 3148
f 3288 3419 3136
f 3343 3136 3419
f 3164 3247 3137
f 3137 3247 3243
f 3138 3292 3283
f 3271 3162 3139
f 3211 3328 3139
f 3328 3271 3139
f 3394 3156 3140
f 3140 3350 3414
f 3414 3394 3140
f 3248 3216 3141
f 3142 3245 3176
f 3250 3245 3142
f 3146 3144 3143
f 3196 3143 3144
f 3159 3146 3143
f 3191 3159 3143
f 3160 3187 3143
f 3196 3160 3143
f 3187 3282 3143
f 3282 3191 3143
f 3146 3224 3144
f 3196 3144 3242
f 3205 3144 3224
f 3242 3144 3205
f 3253 3227 3145
f 3159 3171 3146
f 3171 3174 3146
f 3146 3174 3224
f 3340 3185 3147
f 3316 3148 3158
f 3288 3148 3413
f 3316 3413 3148
f 3474 3253 3149
f 3427 3474 3149
f 3201 3327 3150
f 3327 3301 3150
f 3476 3195 3151
f 3261 3449 3151
f 3449 3476 3151
f 3169 3237 3152
f 3218 3152 3237
f 3296 3153 3186
f 3296 3262 3153
f 3287 3155 3154
f 3287 3154 3508
f 3154 3409 3508
f 3322 3155 3287
f 3391 3264 3156
f 3394 3391 3156
f 3485 3157 3372
f 3158 3173 3316
f 3200 3171 3159
f 3191 3305 3159
f 3305 3200 3159
f 3213 3187 3160
f 3160 3196 3204
f 3204 3213 3160
f 3168 3161 3234
f 3209 3234 3161
f 3162 3334 3194
f 3334 3162 3271
f 3467 3259 3163
f 3335 3443 3163
f 3443 3467 3163
f 3229 3247 3164
f 3302 3165 3265
f 3302 3408 3165
f 3166 3329 3206
f 3230 3329 3166
f 3167 3433 3197
f 3290 3380 3167
f 3380 3397 3167
f 3167 3397 3433
f 3223 3168 3234
f 3169 3189 3241
f 3237 3169 3241
f 3249 3585 3170
f 3585 3314 3170
f 3257 3174 3171
f 3200 3210 3171
f 3210 3270 3171
f 3279 3257 3171
f 3270 3279 3171
f 3208 3172 3266
f 3359 3173 3275
f 3316 3173 3359
f 3174 3267 3224
f 3257 3304 3174
f 3323 3267 3174
f 3304 3268 3174
f 3268 3323 3174
f 3500 3269 3175
f 3400 3500 3175
f 3245 3263 3176
f 3263 3251 3176
f 3442 3275 3177
f 3281 5855 3177
f 3442 3177 3504
f 3177 5855 3504
f 3356 3178 3228
f 3356 3286 3178
f 3208 3238 3179
f 3238 3219 3179
f 3385 3249 3180
f 3180 3469 3385
f 3256 3209 3181
f 3218 3256 3181
f 3254 3482 3182
f 3182 3482 3376
f 3286 3360 3183
f 3183 5919 3286
f 3396 3307 3183
f 3360 3396 3183
f 3265 3184 3354
f 3354 3184 3303
f 3185 3375 3207
f 3340 3375 3185
f 3320 3186 3194
f 3320 3296 3186
f 3213 3352 3187
f 3282 3187 3352
f 3215 3188 3377
f 3188 3388 3377
f 3232 5735 3189
f 5735 3241 3189
f 3309 3190 3516
f 3447 3516 3190
f 3282 3393 3191
f 3305 3191 3393
f 3368 3345 3192
f 3345 3491 3192
f 3369 3192 3491
f 3326 3221 3193
f 3326 3193 3325
f 3194 3334 3320
f 3195 3476 3236
f 3204 3196 3284
f 3242 3337 3196
f 3284 3196 3346
f 3346 3196 3337
f 3197 3433 3315
f 3212 3395 3198
f 3198 3395 3294
f 3432 3225 3199
f 3272 3432 3199
f 3285 3210 3200
f 3305 3285 3200
f 3251 3341 3201
f 3341 3327 3201
f 3444 3230 3202
f 3544 3444 3202
f 3663 3544 3202
f 3274 3370 3203
f 3295 3203 3370
f 3278 3213 3204
f 3319 3278 3204
f 3284 3319 3204
f 3252 3205 3224
f 3338 3242 3205
f 3252 3318 3205
f 3318 3338 3205
f 3365 3273 3206
f 3329 3365 3206
f 3258 3207 3403
f 3403 3207 3375
f 3238 3208 3276
f 3208 3266 3276
f 3256 3234 3209
f 3285 3270 3210
f 3347 3328 3211
f 3358 3399 3212
f 3532 3395 3212
f 3399 3532 3212
f 3278 3352 3213
f 3342 3214 3231
f 3274 3214 3373
f 3342 5928 3214
f 5928 3373 3214
f 3379 3306 3215
f 3379 3215 3377
f 3411 3216 3248
f 3404 3303 3216
f 3411 3404 3216
f 3437 3455 3217
f 3455 3446 3217
f 3218 3237 3256
f 3219 3297 3229
f 3219 3238 3277
f 3277 3297 3219
f 3220 3422 3255
f 3425 3220 3315
f 3425 3422 3220
f 3326 3519 3221
f 3519 3368 3221
f 3512 3222 3309
f 3512 3469 3222
f 3234 3266 3223
f 3267 3252 3224
f 3432 3448 3225
f 3448 3456 3225
f 3233 3460 3226
f 3460 3454 3226
f 3610 3227 3253
f 3380 3290 3227
f 3610 3380 3227
f 3306 3398 3228
f 3356 3228 3398
f 3229 3313 3247
f 3297 3313 3229
f 3444 3329 3230
f 3246 5931 3231
f 3231 5931 3342
f 3300 3232 3262
f 3300 5735 3232
f 3459 3233 3235
f 3459 3460 3233
f 3234 3256 3276
f 3234 3276 3266
f 3459 3235 3456
f 3371 3248 3236
f 3418 3371 3236
f 3476 3418 3236
f 3241 3291 3237
f 3291 3256 3237
f 3276 3277 3238
f 3376 3539 3239
f 3367 3431 3240
f 3431 3440 3240
f 5735 3291 3241
f 3338 3337 3242
f 3243 3247 3331
f 3353 3243 3331
f 3353 6034 3243
f 3402 3244 3264
f 3402 3366 3244
f 3312 3245 3250
f 3289 3263 3245
f 3312 3289 3245
f 3353 5931 3246
f 3353 3246 6034
f 3313 3331 3247
f 3371 3411 3248
f 3385 3585 3249
f 3355 3250 3273
f 3355 3312 3250
f 3263 3311 3251
f 3311 3351 3251
f 3351 3341 3251
f 3267 3293 3252
f 3310 3252 3293
f 3318 3252 3310
f 3647 3253 3474
f 3633 3610 3253
f 3633 3253 3647
f 3598 3254 3408
f 3741 3482 3254
f 3598 3741 3254
f 3349 3255 3465
f 3465 3255 3422
f 3256 3299 3276
f 3291 3299 3256
f 3257 3279 3304
f 3258 3449 3261
f 3403 3493 3258
f 3493 3435 3258
f 3435 3502 3258
f 3502 3449 3258
f 3487 3409 3259
f 3467 3487 3259
f 3301 3450 3260
f 3301 3260 5998
f 3450 3424 3260
f 3260 3424 5863
f 5863 5970 3260
f 3260 5970 5998
f 5757 3262 3296
f 5757 3300 3262
f 3289 3298 3263
f 3311 3263 3298
f 3391 3402 3264
f 3354 3302 3265
f 3308 3293 3267
f 3323 3308 3267
f 3304 3332 3268
f 3332 3323 3268
f 3500 3350 3269
f 3410 3279 3270
f 3285 3336 3270
f 3336 3410 3270
f 3328 3386 3271
f 3386 3334 3271
f 3343 3543 3272
f 3541 3432 3272
f 3543 3541 3272
f 3355 3273 3365
f 5687 3370 3274
f 5687 3274 3373
f 3442 3359 3275
f 3277 3276 3299
f 3297 3277 3299
f 3319 3441 3278
f 3352 3278 3441
f 3279 3426 3304
f 3410 3426 3279
f 3294 3436 3280
f 3436 3405 3280
f 3363 5855 3281
f 3393 3282 3352
f 3283 3292 3406
f 3406 3383 3283
f 3362 3319 3284
f 3346 3362 3284
f 3305 3429 3285
f 3336 3285 3453
f 3429 3522 3285
f 3453 3285 3522
f 3421 3286 3356
f 3421 3360 3286
f 3322 3287 3363
f 3363 3287 3554
f 3287 3508 3554
f 3413 3520 3288
f 3528 3419 3288
f 3520 3528 3288
f 3298 3289 3293
f 3310 3293 3289
f 3312 3310 3289
f 3299 3291 3348
f 3348 3291 5725
f 5735 5725 3291
f 3292 3295 3415
f 3415 3406 3292
f 3298 3293 3308
f 3395 3581 3294
f 3581 3436 3294
f 3295 3370 3415
f 3320 3330 3296
f 3330 5757 3296
f 3299 3348 3297
f 3313 3297 3387
f 3297 3348 3387
f 3339 3298 3308
f 3339 3311 3298
f 3300 3361 5725
f 3300 5757 3361
f 3300 5725 5735
f 3479 3301 3327
f 3479 3450 3301
f 3499 3302 3354
f 3483 3408 3302
f 3499 3483 3302
f 3354 3303 3458
f 3404 3458 3303
f 3332 3304 3426
f 3393 3498 3305
f 3429 3305 3498
f 3306 3379 3466
f 3398 3306 3466
f 3307 3434 3347
f 3434 3307 3396
f 3323 3339 3308
f 3516 3512 3309
f 3312 3357 3310
f 3357 3318 3310
f 3339 3351 3311
f 3355 3378 3312
f 3378 3357 3312
f 3331 3313 3387
f 3672 3358 3314
f 3585 3630 3314
f 3630 3672 3314
f 3464 3425 3315
f 3433 3464 3315
f 3468 3316 3359
f 3316 3468 3413
f 3333 3486 3317
f 3591 3335 3317
f 3486 3591 3317
f 3338 3318 3357
f 3362 3438 3319
f 3438 3477 3319
f 3477 3441 3319
f 3389 3330 3320
f 3334 3389 3320
f 3547 3364 3321
f 3539 3547 3321
f 3332 3390 3323
f 3390 3339 3323
f 3412 3551 3324
f 3608 3447 3324
f 3551 3608 3324
f 3488 3326 3325
f 3488 3586 3326
f 3687 3519 3326
f 3586 3687 3326
f 3341 3428 3327
f 3428 3479 3327
f 3347 3420 3328
f 3420 3386 3328
f 3365 3329 3496
f 3444 3496 3329
f 3392 3361 3330
f 5757 3330 3361
f 3392 3330 3389
f 3331 5968 3353
f 5968 3331 3387
f 3390 3332 5703
f 3426 3430 3332
f 3332 3430 5703
f 3470 3578 3333
f 3580 3486 3333
f 3578 3580 3333
f 3389 3334 3386
f 3591 3443 3335
f 3336 3384 3410
f 3336 3463 3384
f 3453 3463 3336
f 3338 3407 3337
f 3471 3346 3337
f 3407 3471 3337
f 3357 3451 3338
f 3451 3407 3338
f 3423 3351 3339
f 3390 3423 3339
f 3340 3510 3375
f 3383 3484 3340
f 3484 3536 3340
f 3536 3510 3340
f 3445 3341 3351
f 3445 3428 3341
f 3480 5928 3342
f 6016 3480 3342
f 5706 3342 5931
f 5706 6016 3342
f 3419 3596 3343
f 3596 3543 3343
f 3529 3381 3344
f 3529 3344 3446
f 3345 3368 3786
f 3682 3491 3345
f 3682 3345 3786
f 3462 3362 3346
f 3462 3346 3471
f 3434 3420 3347
f 3348 3361 3392
f 3348 5725 3361
f 3348 5889 3387
f 3348 3392 5889
f 3521 3416 3349
f 3465 3521 3349
f 3350 3533 3414
f 3636 3350 3500
f 3597 3533 3350
f 3597 3350 3636
f 3423 3445 3351
f 3352 5842 3393
f 3352 3441 5961
f 3352 5961 5842
f 3417 5891 3353
f 5968 3417 3353
f 3353 5891 5931
f 3499 3354 3458
f 3365 5796 3355
f 3355 3457 3378
f 3457 3355 5796
f 3490 3356 3398
f 3490 3421 3356
f 3378 3481 3357
f 3357 3481 3451
f 3672 3399 3358
f 3506 3359 3442
f 3506 3468 3359
f 3360 3472 3396
f 3472 3360 3421
f 3475 3438 3362
f 3462 3475 3362
f 3774 3363 3554
f 3774 3867 3363
f 3867 5855 3363
f 3364 3548 3382
f 3547 3548 3364
f 3365 3496 3478
f 3365 3478 5796
f 3366 3402 3537
f 3518 3427 3366
f 3537 3518 3366
f 3367 3369 3401
f 3654 3367 3401
f 3367 3654 3431
f 3519 3719 3368
f 3786 3368 3719
f 3369 3491 3401
f 3370 3461 3415
f 5687 3461 3370
f 3549 3411 3371
f 3418 3549 3371
f 3372 3876 3485
f 3621 3876 3372
f 3480 5926 3373
f 3480 3373 5928
f 3514 5687 3373
f 5926 3514 3373
f 3640 3884 3374
f 3792 3663 3374
f 3374 3663 5774
f 3884 3792 3374
f 3375 3542 3403
f 3510 3542 3375
f 3558 3376 3482
f 3553 3539 3376
f 3661 3553 3376
f 3558 3661 3376
f 3515 3379 3377
f 3388 3517 3377
f 3517 3515 3377
f 3457 3481 3378
f 3466 3379 3515
f 3846 3397 3380
f 3610 3720 3380
f 3720 3846 3380
f 3590 3400 3381
f 3617 3381 3529
f 3617 3590 3381
f 3412 3382 3551
f 3548 3606 3382
f 3382 3606 3551
f 3383 3406 3507
f 3507 3484 3383
f 3473 3410 3384
f 3463 3473 3384
f 3469 3550 3385
f 3550 3681 3385
f 3681 3585 3385
f 3389 3386 5965
f 3452 3386 3420
f 3452 5965 3386
f 5889 5968 3387
f 3517 3388 3416
f 3392 3389 6003
f 3389 5965 6003
f 3527 3423 3390
f 5703 3527 3390
f 3394 3501 3391
f 3391 3505 3402
f 3391 3501 3505
f 5889 3392 6003
f 3393 5842 3498
f 3414 3503 3394
f 3394 3503 3501
f 3532 3556 3395
f 3556 3581 3395
f 3494 3434 3396
f 3472 3494 3396
f 3509 3433 3397
f 3846 3509 3397
f 3530 3398 3466
f 3530 3490 3398
f 3399 5834 3532
f 3672 5834 3399
f 3500 3400 3590
f 3491 3624 3401
f 3624 3641 3401
f 3641 3654 3401
f 3505 3537 3402
f 3542 3493 3403
f 3411 3531 3404
f 3531 3458 3404
f 3436 3713 3405
f 3808 3470 3405
f 3713 3808 3405
f 3415 5707 3406
f 5707 3507 3406
f 3451 3552 3407
f 3407 3552 3471
f 3483 3598 3408
f 3744 3409 3487
f 3744 3508 3409
f 3492 3426 3410
f 3473 3511 3410
f 3511 3492 3410
f 3540 3531 3411
f 3549 3540 3411
f 3468 3525 3413
f 3525 3520 3413
f 3414 3533 3503
f 3461 5707 3415
f 3521 3517 3416
f 3417 3439 5956
f 5968 3439 3417
f 5956 5733 3417
f 5984 3417 5733
f 5891 3417 5984
f 3545 3418 3476
f 3607 3418 3545
f 3549 3418 3607
f 3528 3642 3419
f 3642 3596 3419
f 3489 3420 3434
f 3452 3420 3489
f 6025 3472 3421
f 3513 3421 3490
f 6025 3421 3513
f 3425 3538 3422
f 3565 3465 3422
f 3538 3565 3422
f 3527 3445 3423
f 3450 3569 3424
f 3569 3718 3424
f 3718 5803 3424
f 5803 5831 3424
f 3424 5831 5863
f 3464 3538 3425
f 3426 3492 3430
f 3571 3474 3427
f 3518 3571 3427
f 3428 3445 3526
f 3526 3479 3428
f 3498 3522 3429
f 3568 3430 3492
f 3430 3568 3612
f 3612 3570 3430
f 3430 3570 5703
f 3431 3686 3440
f 3431 3654 3686
f 3605 3448 3432
f 3541 3605 3432
f 3557 3464 3433
f 3509 3557 3433
f 3489 3434 3494
f 3493 3560 3435
f 3435 3560 3502
f 3581 3713 3436
f 3667 3437 3440
f 3712 3455 3437
f 3667 3732 3437
f 3732 3712 3437
f 3619 3438 3475
f 3534 3477 3438
f 3619 3534 3438
f 5956 3439 3452
f 3452 3439 5965
f 5889 3439 5968
f 5889 6003 3439
f 6003 5965 3439
f 3686 3667 3440
f 3614 3441 3477
f 3614 5961 3441
f 3504 3506 3442
f 3703 3467 3443
f 3703 3443 3591
f 3582 3496 3444
f 3544 3582 3444
f 3527 3526 3445
f 3455 3616 3446
f 3616 3529 3446
f 3604 3516 3447
f 3608 3604 3447
f 3615 3456 3448
f 3605 3767 3448
f 3767 3615 3448
f 3449 3601 3476
f 3502 3572 3449
f 3449 3572 3601
f 3479 3561 3450
f 3569 3450 3561
f 3562 3451 3481
f 3552 3451 3562
f 3489 5987 3452
f 3452 5987 5956
f 3463 3453 3603
f 3603 3453 3522
f 3460 3623 3454
f 3706 3621 3454
f 3623 3706 3454
f 3455 3700 3616
f 3712 3700 3455
f 3456 3626 3459
f 3615 3626 3456
f 3535 3457 3478
f 3457 5796 3478
f 3457 3535 3481
f 5953 3499 3458
f 3531 5953 3458
f 3626 3460 3459
f 3813 3623 3460
f 3710 3460 3626
f 3710 3813 3460
f 3559 3461 3514
f 3461 5687 3514
f 3559 5707 3461
f 3552 3462 3471
f 3475 3462 3583
f 3552 3583 3462
f 3592 3473 3463
f 3592 3463 3603
f 3464 3637 3538
f 3557 3634 3464
f 3634 3637 3464
f 3465 3600 3521
f 3600 3465 3565
f 3466 3515 3635
f 3466 3588 3530
f 3466 3635 3588
f 3721 3487 3467
f 3467 3703 3721
f 3468 3506 3589
f 3567 3525 3468
f 3589 3567 3468
f 3649 3469 3512
f 3469 3649 3550
f 3808 3578 3470
f 3494 3472 3524
f 6025 3524 3472
f 3574 3511 3473
f 3592 3574 3473
f 3594 3474 3571
f 3594 3647 3474
f 3583 3619 3475
f 3601 3545 3476
f 3534 3614 3477
f 3496 3576 3478
f 3576 3535 3478
f 3526 3613 3479
f 3613 3561 3479
f 5926 3480 3523
f 3523 3480 5971
f 5971 3480 6016
f 3535 3562 3481
f 3757 3558 3482
f 3741 3757 3482
f 3499 3566 3483
f 3598 3483 3566
f 3507 3563 3484
f 3563 3536 3484
f 3485 3889 3555
f 3876 3847 3485
f 3847 3889 3485
f 3580 3723 3486
f 3486 3723 3591
f 3721 3744 3487
f 5857 3586 3488
f 3488 5803 5857
f 3494 3495 3489
f 3489 3495 5987
f 3564 3513 3490
f 3530 3564 3490
f 3491 3682 3624
f 3511 3575 3492
f 3568 3492 3575
f 3542 3625 3493
f 3625 3560 3493
f 3494 5950 3495
f 3524 5708 3494
f 3494 5708 5950
f 5987 3495 5733
f 3495 5992 5733
f 5950 5992 3495
f 3622 3576 3496
f 3582 3622 3496
f 3497 5709 3523
f 3497 3523 5971
f 3497 5971 5686
f 5992 3497 5686
f 5708 5709 3497
f 5708 3497 5950
f 3497 5992 5950
f 3522 3498 3603
f 3498 5787 3603
f 5780 5787 3498
f 5842 5780 3498
f 3566 3499 3573
f 3499 5953 3573
f 3795 3500 3590
f 3500 3795 3636
f 3503 3579 3501
f 3501 3587 3505
f 3579 3587 3501
f 3560 3653 3502
f 3502 3653 3572
f 3533 3577 3503
f 3579 3503 3577
f 3645 3506 3504
f 3697 3645 3504
f 5855 3697 3504
f 3505 3609 3537
f 3587 3609 3505
f 3645 3589 3506
f 3559 3563 3507
f 3507 5707 3559
f 3508 3769 3554
f 3769 3508 3744
f 3705 3557 3509
f 5782 3705 3509
f 3846 4003 3509
f 4003 5782 3509
f 3602 3510 3536
f 3602 3542 3510
f 3574 3627 3511
f 3627 3575 3511
f 3516 3665 3512
f 3665 3649 3512
f 5710 3524 3513
f 3524 6025 3513
f 3564 3584 3513
f 5710 3513 3584
f 3559 3514 3595
f 3595 3514 5914
f 3514 5926 5914
f 3646 3515 3517
f 3635 3515 3646
f 3604 3665 3516
f 3521 3620 3517
f 3620 3646 3517
f 3658 3518 3537
f 3518 3659 3571
f 3658 3659 3518
f 3687 3849 3519
f 3849 3719 3519
f 3593 3520 3525
f 3638 3528 3520
f 3593 3638 3520
f 3600 3620 3521
f 5709 5914 3523
f 5914 5926 3523
f 3524 3546 5708
f 5710 3546 3524
f 3599 3525 3567
f 3599 3593 3525
f 3629 3526 3527
f 3629 3613 3526
f 3570 3629 3527
f 3570 3527 5703
f 3638 3642 3528
f 3788 3529 3616
f 3788 3617 3529
f 3611 3564 3530
f 3588 3611 3530
f 3644 3531 3540
f 3644 5953 3531
f 3975 3556 3532
f 3532 5834 3975
f 3597 3577 3533
f 3662 3614 3534
f 3619 3662 3534
f 3535 3749 3562
f 3576 3749 3535
f 3563 3618 3536
f 3618 3602 3536
f 3609 3658 3537
f 3538 3651 3565
f 3637 3651 3538
f 3539 3655 3547
f 3553 3655 3539
f 3549 3657 3540
f 3694 3644 3540
f 3657 3694 3540
f 3543 3675 3541
f 3680 3605 3541
f 3675 3680 3541
f 3602 3650 3542
f 3643 3625 3542
f 3650 3643 3542
f 3596 3675 3543
f 3695 3582 3544
f 3810 3544 3663
f 3923 3695 3544
f 3810 3923 3544
f 3656 3545 3601
f 3607 3545 3656
f 3546 5710 3584
f 3584 5893 3546
f 5708 3546 5709
f 5893 5709 3546
f 3734 3548 3547
f 3655 3809 3547
f 3809 3734 3547
f 3690 3606 3548
f 3801 3690 3548
f 3734 3801 3548
f 3607 3657 3549
f 3649 3670 3550
f 3670 3681 3550
f 3606 3777 3551
f 3551 3777 3608
f 3685 3552 3562
f 3793 3583 3552
f 3685 3793 3552
f 3762 3655 3553
f 3661 3762 3553
f 3769 3904 3554
f 3904 3774 3554
f 3850 3830 3555
f 3889 3850 3555
f 3794 3581 3556
f 3975 3794 3556
f 3705 3634 3557
f 3757 3661 3558
f 3559 3628 3563
f 3595 3628 3559
f 3625 3653 3560
f 3692 3569 3561
f 3613 3692 3561
f 3749 3685 3562
f 3563 3628 3618
f 3611 3584 3564
f 3688 3600 3565
f 3651 3688 3565
f 3664 3566 3573
f 3676 3598 3566
f 3664 3676 3566
f 3673 3567 3589
f 3567 3724 3599
f 3673 3724 3567
f 3652 3568 3575
f 3568 3711 3612
f 3652 3711 3568
f 3692 3784 3569
f 3718 3569 3784
f 3570 3612 3766
f 3679 3629 3570
f 3766 3679 3570
f 3743 3594 3571
f 3659 3743 3571
f 3572 3678 3601
f 3572 3653 3678
f 3639 3664 3573
f 5953 3639 3573
f 3738 3574 3592
f 3728 3627 3574
f 3738 3728 3574
f 3627 3691 3575
f 3691 3652 3575
f 3622 3716 3576
f 3716 3749 3576
f 3668 3579 3577
f 3684 3577 3597
f 3745 3668 3577
f 3684 3742 3577
f 3742 3745 3577
f 3580 3578 3837
f 3808 3837 3578
f 3668 3587 3579
f 3580 3837 3723
f 3794 3713 3581
f 3729 3622 3582
f 3695 3729 3582
f 3875 3619 3583
f 3793 3875 3583
f 3584 3611 6017
f 3584 3631 5893
f 3631 3584 6017
f 5771 3630 3585
f 3681 3871 3585
f 5771 3585 3871
f 3849 3687 3586
f 3848 3849 3586
f 3848 3586 5857
f 3669 3609 3587
f 3668 3669 3587
f 3588 3648 3611
f 3635 3666 3588
f 3666 3648 3588
f 3645 3736 3589
f 3736 3673 3589
f 3617 3733 3590
f 3795 3590 3733
f 3842 3703 3591
f 3723 3842 3591
f 3603 5816 3592
f 3592 5816 3738
f 3599 3696 3593
f 3674 3638 3593
f 3696 3674 3593
f 3865 3647 3594
f 4073 3594 3743
f 3980 3865 3594
f 4073 3980 3594
f 3628 3595 3631
f 3631 3595 5893
f 5893 3595 5914
f 3632 3596 3642
f 3632 3818 3596
f 3818 3675 3596
f 3636 3908 3597
f 3908 3684 3597
f 3676 3752 3598
f 3598 3702 3741
f 3752 3702 3598
f 3599 3714 3696
f 3724 3714 3599
f 3722 3620 3600
f 3688 3722 3600
f 3704 3656 3601
f 3678 3704 3601
f 3618 3650 3602
f 3603 5787 5816
f 3608 3797 3604
f 3812 3665 3604
f 3797 3812 3604
f 3680 3767 3605
f 3690 3777 3606
f 3656 3708 3607
f 3708 3657 3607
f 3777 3852 3608
f 3852 3797 3608
f 3709 3658 3609
f 3669 3709 3609
f 3764 3610 3633
f 3610 3868 3720
f 3764 3961 3610
f 3961 3868 3610
f 6017 3611 3648
f 3711 3766 3612
f 3629 3776 3613
f 3776 3692 3613
f 3662 3763 3614
f 5961 3614 3763
f 3615 3780 3626
f 3767 3833 3615
f 3615 3833 3780
f 3700 3788 3616
f 3838 3733 3617
f 3788 3900 3617
f 3900 3838 3617
f 3628 3660 3618
f 3689 3650 3618
f 3660 3689 3618
f 3750 3662 3619
f 3875 3750 3619
f 3698 3646 3620
f 3722 3698 3620
f 3706 3876 3621
f 3729 3716 3622
f 3623 3879 3706
f 3813 3883 3623
f 3883 3879 3623
f 3730 3641 3624
f 3624 3682 3730
f 3643 3699 3625
f 3699 3653 3625
f 3851 3710 3626
f 3780 3851 3626
f 3770 3691 3627
f 3728 3770 3627
f 3631 3660 3628
f 3679 3776 3629
f 3630 3976 3672
f 3976 3630 5771
f 3631 3648 3671
f 3631 6017 3648
f 3631 3671 3660
f 3748 3632 3642
f 3748 3877 3632
f 3877 3818 3632
f 3647 3764 3633
f 3637 3634 3715
f 3715 3634 3705
f 3646 3701 3635
f 3701 3666 3635
f 3636 3795 3908
f 3726 3651 3637
f 3726 3637 3715
f 3642 3638 3674
f 3677 3639 3644
f 3644 3639 5953
f 3639 3677 3664
f 3830 3888 3640
f 3888 3884 3640
f 3913 3654 3641
f 3730 3890 3641
f 3890 3913 3641
f 3840 3642 3674
f 3748 3642 3840
f 3650 3693 3643
f 3693 3699 3643
f 3725 3677 3644
f 3694 3725 3644
f 3697 3736 3645
f 3698 3701 3646
f 3865 3764 3647
f 3683 3648 3666
f 3683 3671 3648
f 3665 3778 3649
f 3832 3670 3649
f 3778 3832 3649
f 3689 3693 3650
f 3740 3688 3651
f 3651 3726 3740
f 3691 3816 3652
f 3711 3652 3816
f 3653 3760 3678
f 3699 3760 3653
f 3654 3930 3686
f 3913 3930 3654
f 3762 3899 3655
f 3899 3809 3655
f 3779 3656 3704
f 3708 3656 3779
f 3747 3694 3657
f 3708 3747 3657
f 3659 3658 3775
f 3709 3775 3658
f 3775 3743 3659
f 3671 3689 3660
f 3878 3661 3757
f 3878 3762 3661
f 3750 3785 3662
f 3785 3763 3662
f 3663 3792 3988
f 3810 3663 3988
f 3746 3676 3664
f 3677 3755 3664
f 3739 3746 3664
f 3755 3739 3664
f 3778 3665 3812
f 3731 3683 3666
f 3731 3666 3701
f 3686 3930 3667
f 3930 3732 3667
f 3669 3668 3727
f 3668 3751 3727
f 3745 3751 3668
f 3756 3709 3669
f 3727 3756 3669
f 3929 3681 3670
f 3832 3895 3670
f 3895 3929 3670
f 3717 3671 3683
f 3717 3689 3671
f 3976 3985 3672
f 3672 3985 5834
f 3823 3724 3673
f 3673 3736 3870
f 3673 3870 3823
f 3759 3674 3696
f 3759 3886 3674
f 3674 3886 3840
f 3675 3827 3680
f 3818 3827 3675
f 3746 3752 3676
f 3725 3737 3677
f 3737 3772 3677
f 3677 3772 3755
f 3735 3704 3678
f 3760 3735 3678
f 3834 3679 3766
f 3679 3919 3776
f 3834 3919 3679
f 3680 3828 3767
f 3680 3827 3828
f 3929 3871 3681
f 3682 3839 3730
f 3786 3839 3682
f 3731 3717 3683
f 3880 3742 3684
f 3908 3880 3684
f 3887 3685 3749
f 3864 3793 3685
f 3887 3864 3685
f 3688 3771 3722
f 3688 3740 3773
f 3688 3773 3771
f 3717 3693 3689
f 3912 3777 3690
f 3801 3912 3690
f 3770 3835 3691
f 3894 3816 3691
f 3691 3835 3894
f 3869 3692 3776
f 3869 3784 3692
f 3758 3699 3693
f 3717 3758 3693
f 3725 3694 3747
f 3856 3729 3695
f 3923 3856 3695
f 3714 3753 3696
f 3753 3759 3696
f 3697 3893 3736
f 3697 3866 3944
f 5855 3866 3697
f 3697 3944 3893
f 3731 3701 3698
f 3722 3765 3698
f 3765 3731 3698
f 3758 3760 3699
f 3712 3829 3700
f 3859 3788 3700
f 3829 3859 3700
f 3702 3917 3741
f 3702 3752 3917
f 4080 3721 3703
f 3703 3842 3990
f 3703 3990 4243
f 4080 3703 4243
f 3735 3779 3704
f 3715 3705 3821
f 5782 3821 3705
f 3881 3876 3706
f 3879 3881 3706
f 3763 3882 3707
f 3707 5961 3763
f 3707 3882 6002
f 3707 5824 5780
f 3707 5780 5842
f 3707 5948 5824
f 5842 5961 3707
f 5948 3707 6002
f 3787 3747 3708
f 3779 3787 3708
f 3756 3822 3709
f 3822 3775 3709
f 3872 3813 3710
f 3851 3872 3710
f 3860 3766 3711
f 3816 3860 3711
f 3732 3829 3712
f 3857 3713 3794
f 3861 3808 3713
f 3861 3713 3857
f 3724 3768 3714
f 3754 3753 3714
f 3754 3714 3768
f 3804 3726 3715
f 3885 3804 3715
f 3821 3885 3715
f 3729 3873 3716
f 3716 3873 3749
f 3731 3783 3717
f 3783 3758 3717
f 3718 3784 3853
f 3853 5857 3718
f 5857 5803 3718
f 3786 3719 3901
f 3901 3719 3849
f 3868 3846 3720
f 3947 3744 3721
f 3721 4080 3947
f 3771 3765 3722
f 3723 3837 4125
f 3723 4125 3842
f 3823 3768 3724
f 3737 3725 3800
f 3800 3725 3747
f 3726 3804 3740
f 3751 3761 3727
f 3756 3727 3781
f 3781 3727 3761
f 3738 3844 3728
f 3844 3770 3728
f 3873 3729 3856
f 3839 3937 3730
f 3937 3890 3730
f 3783 3731 3765
f 3918 3829 3732
f 3930 3918 3732
f 3733 3914 3795
f 3838 3952 3733
f 3952 3914 3733
f 3826 3801 3734
f 3826 3734 3809
f 3760 3790 3735
f 3790 3779 3735
f 3893 3870 3736
f 3737 3798 3772
f 3800 3798 3737
f 3931 3844 3738
f 3738 5847 3931
f 5816 5847 3738
f 3897 3746 3739
f 3755 3817 3739
f 3817 3897 3739
f 3805 3773 3740
f 3804 3805 3740
f 3935 3757 3741
f 3917 4013 3741
f 4013 3935 3741
f 3819 3745 3742
f 3907 3819 3742
f 3880 3907 3742
f 3775 3874 3743
f 3874 4073 3743
f 3947 3769 3744
f 3803 3751 3745
f 3819 3803 3745
f 3752 3746 3843
f 3746 3897 3843
f 3800 3747 3787
f 3910 3748 3840
f 3877 3748 3910
f 3873 3887 3749
f 3858 3785 3750
f 3855 3858 3750
f 3855 3750 3875
f 3761 3751 3782
f 3803 3782 3751
f 4197 3752 3843
f 3752 4017 3917
f 4197 4017 3752
f 3753 3754 3782
f 3759 3753 3863
f 3782 3863 3753
f 3761 3782 3754
f 3789 3761 3754
f 3789 3754 3768
f 3772 3811 3755
f 3755 3811 3817
f 3781 3831 3756
f 3822 3756 3831
f 3878 3757 3935
f 3796 3760 3758
f 3796 3758 3783
f 3863 3886 3759
f 3796 3790 3760
f 3781 3761 3789
f 3878 3938 3762
f 3938 3899 3762
f 3785 3882 3763
f 3865 3982 3764
f 3982 3961 3764
f 3771 3799 3765
f 3799 3783 3765
f 3860 3834 3766
f 3828 3833 3767
f 3836 3789 3768
f 3823 3836 3768
f 3947 3904 3769
f 3909 3835 3770
f 3844 3909 3770
f 3773 3802 3771
f 3802 3799 3771
f 3772 3798 3791
f 3772 3791 3811
f 3807 3802 3773
f 3805 3807 3773
f 4023 3867 3774
f 3904 3996 3774
f 3774 3996 4023
f 3822 3874 3775
f 3919 3869 3776
f 3777 3946 3852
f 3912 3945 3777
f 3945 3946 3777
f 3812 3969 3778
f 3965 3832 3778
f 3969 3965 3778
f 3806 3787 3779
f 3790 3806 3779
f 3833 3851 3780
f 3836 3781 3789
f 3836 3831 3781
f 3922 3782 3803
f 3922 3863 3782
f 3814 3796 3783
f 3799 3814 3783
f 3784 3905 3853
f 3928 3784 3869
f 3928 3905 3784
f 3858 3882 3785
f 3898 3839 3786
f 3898 3786 3901
f 3806 3800 3787
f 3859 3900 3788
f 3796 3814 3790
f 3814 3806 3790
f 3798 3824 3791
f 3791 3820 3811
f 3815 3820 3791
f 3824 3815 3791
f 3884 3911 3792
f 3911 3988 3792
f 3864 3921 3793
f 3921 3875 3793
f 4026 3857 3794
f 4026 3794 3975
f 3795 3981 3908
f 4015 3795 3914
f 3981 3795 4001
f 4001 3795 4015
f 3967 3812 3797
f 3852 3967 3797
f 3824 3798 3800
f 3802 3824 3799
f 3824 3814 3799
f 3806 3824 3800
f 3826 3912 3801
f 3825 3802 3807
f 3824 3802 3815
f 3825 3815 3802
f 3819 3922 3803
f 3862 3805 3804
f 3862 3804 3885
f 3805 3841 3807
f 3862 3841 3805
f 3814 3824 3806
f 3841 3825 3807
f 4027 3837 3808
f 3808 3861 4027
f 3899 3826 3809
f 3988 3923 3810
f 3811 3854 3817
f 3820 3854 3811
f 3967 3969 3812
f 3872 3883 3813
f 3815 3845 3820
f 3825 3845 3815
f 3920 3860 3816
f 3816 3894 3920
f 3854 3897 3817
f 3818 3954 3827
f 3877 5918 3818
f 5918 3954 3818
f 3922 3819 3907
f 3854 3820 3845
f 3940 3885 3821
f 3821 5823 3940
f 5823 3821 5782
f 3831 3896 3822
f 3822 3896 3874
f 3891 3836 3823
f 3870 3891 3823
f 3892 3825 3841
f 3892 3845 3825
f 3899 3962 3826
f 4036 3912 3826
f 3962 4036 3826
f 3955 3828 3827
f 3954 3955 3827
f 3955 3833 3828
f 3994 3859 3829
f 3918 3951 3829
f 3951 4009 3829
f 4009 3994 3829
f 3850 3925 3830
f 3925 3888 3830
f 3836 3903 3831
f 3903 3896 3831
f 3965 3895 3832
f 3833 3955 3851
f 3860 5742 3834
f 3919 3834 4020
f 5742 4020 3834
f 3894 3835 3939
f 3939 3835 3909
f 3903 3836 3891
f 4224 3837 4027
f 4125 3837 4224
f 3900 3956 3838
f 3952 3838 3956
f 3898 3950 3839
f 3950 3937 3839
f 3886 3978 3840
f 3978 3910 3840
f 3841 3862 3915
f 3892 3841 3915
f 3842 4125 3990
f 3897 3916 3843
f 3916 4046 3843
f 3843 4046 4197
f 3931 3909 3844
f 3845 3924 3854
f 3892 3924 3845
f 4003 3846 3868
f 3876 4008 3847
f 3936 3889 3847
f 4072 3936 3847
f 4008 4072 3847
f 3849 3848 3926
f 3926 3848 3902
f 3902 3848 5857
f 3926 3901 3849
f 3889 3936 3850
f 3850 3936 3925
f 3934 3872 3851
f 3955 3934 3851
f 3946 3967 3852
f 3927 3902 3853
f 5857 3853 3902
f 3905 3927 3853
f 3916 3897 3854
f 3924 3916 3854
f 3855 3932 3858
f 3875 3932 3855
f 3873 3856 3933
f 3943 3856 3923
f 3943 3933 3856
f 4134 3861 3857
f 4026 4134 3857
f 3882 3858 3941
f 3932 3941 3858
f 3994 3900 3859
f 3920 3948 3860
f 3948 5742 3860
f 4134 4027 3861
f 3915 3862 3885
f 3886 3863 3906
f 3922 3906 3863
f 3887 3959 3864
f 3992 3921 3864
f 3959 3992 3864
f 3980 3982 3865
f 3867 4012 3866
f 3867 3866 5855
f 3866 4012 3944
f 4035 4012 3867
f 4023 4035 3867
f 3961 4075 3868
f 4075 4003 3868
f 3968 3869 3919
f 3928 3869 3968
f 3963 3891 3870
f 3870 3893 3942
f 3963 3870 3942
f 3929 4076 3871
f 4076 4052 3871
f 4052 5771 3871
f 3872 3964 3883
f 3934 3979 3872
f 3979 3964 3872
f 3873 3971 3887
f 3873 3933 3971
f 3896 4038 3874
f 3874 4038 4073
f 3999 3875 3921
f 3875 4006 3932
f 4018 3875 3999
f 3875 4018 4006
f 4010 3876 3881
f 4010 4008 3876
f 4050 3877 3910
f 3877 4050 4032
f 3877 4032 5918
f 4019 3878 3935
f 3878 4019 3938
f 3966 3881 3879
f 3883 3966 3879
f 3953 3907 3880
f 3908 3986 3880
f 3986 3953 3880
f 3966 4010 3881
f 6002 3882 3941
f 3964 3966 3883
f 3888 3958 3884
f 3958 3911 3884
f 3940 3915 3885
f 3906 3983 3886
f 3983 3978 3886
f 3887 3971 3959
f 3925 4043 3888
f 4043 3958 3888
f 3973 3913 3890
f 3937 3973 3890
f 3903 3891 3970
f 3891 3963 3970
f 3892 3915 5910
f 5910 3924 3892
f 4053 3942 3893
f 3944 4053 3893
f 3939 3920 3894
f 4005 3929 3895
f 3965 4005 3895
f 3903 3970 3896
f 3896 3970 4038
f 3901 3957 3898
f 3989 3950 3898
f 3957 3989 3898
f 3938 3960 3899
f 3960 3962 3899
f 3994 3956 3900
f 3926 3957 3901
f 3902 4033 3926
f 3902 3927 3977
f 4033 3902 3977
f 4067 3904 3947
f 4067 3996 3904
f 3991 3927 3905
f 3928 3991 3905
f 3972 3906 3922
f 3972 3983 3906
f 3953 3922 3907
f 3981 3987 3908
f 3987 3986 3908
f 3931 3997 3909
f 4002 3939 3909
f 3997 4002 3909
f 3978 4030 3910
f 4095 3910 4030
f 4095 4050 3910
f 3958 4042 3911
f 3911 4040 3988
f 3911 4031 4040
f 4042 4031 3911
f 4051 3945 3912
f 4036 4051 3912
f 3974 3930 3913
f 3973 3984 3913
f 3984 3974 3913
f 3952 4132 3914
f 4121 4015 3914
f 4132 4121 3914
f 3915 3940 5766
f 5766 5910 3915
f 3949 3916 3924
f 3949 4149 3916
f 4149 4046 3916
f 4082 4013 3917
f 4017 4062 3917
f 4062 4082 3917
f 3951 3918 3930
f 4020 3968 3919
f 3939 4022 3920
f 5871 3948 3920
f 4022 5871 3920
f 3992 4047 3921
f 4047 3999 3921
f 3953 3972 3922
f 3993 3943 3923
f 3993 3923 3988
f 3949 3924 5910
f 3936 4065 3925
f 4065 4043 3925
f 4028 3957 3926
f 4033 4028 3926
f 3977 3927 3991
f 3968 4016 3928
f 4016 3991 3928
f 4070 3929 4005
f 3929 4070 4076
f 3930 4029 3951
f 3974 4029 3930
f 3931 4094 3997
f 5923 4094 3931
f 5847 5923 3931
f 4004 3941 3932
f 4006 4004 3932
f 3943 4081 3933
f 3933 4081 3971
f 3955 3995 3934
f 3995 3979 3934
f 4013 4019 3935
f 4072 4065 3936
f 3950 4000 3937
f 4000 3973 3937
f 4048 3960 3938
f 4019 4048 3938
f 4002 4022 3939
f 4144 4227 3940
f 5823 4144 3940
f 3940 4227 4171
f 5766 3940 4171
f 4004 4014 3941
f 3941 4014 6002
f 3942 4053 3963
f 3943 3993 4037
f 4037 4081 3943
f 4012 4093 3944
f 4112 4053 3944
f 4093 4112 3944
f 3945 4021 3946
f 4021 3945 4084
f 4084 3945 4051
f 4021 3967 3946
f 4177 4067 3947
f 4080 4177 3947
f 4034 4066 3948
f 5871 4034 3948
f 4066 5742 3948
f 4171 4149 3949
f 4171 3949 5766
f 5766 3949 5910
f 3989 4011 3950
f 4011 4000 3950
f 4029 4009 3951
f 3956 4127 3952
f 4127 4155 3952
f 4132 3952 4155
f 4007 3972 3953
f 3986 4007 3953
f 5882 3955 3954
f 5882 3954 4091
f 5918 4091 3954
f 5827 3995 3955
f 5882 5827 3955
f 3994 4059 3956
f 4059 4127 3956
f 4045 3989 3957
f 4045 3957 4028
f 4043 4042 3958
f 3971 5711 3959
f 4109 3992 3959
f 5711 4109 3959
f 3960 4090 3962
f 3960 4048 4090
f 3982 4101 3961
f 3961 4101 4075
f 4086 4036 3962
f 4090 4086 3962
f 3970 3963 4140
f 5818 3963 4053
f 3963 5818 4140
f 3964 4049 3966
f 3979 4077 3964
f 4077 4049 3964
f 3969 4089 3965
f 4071 4005 3965
f 4089 4071 3965
f 4049 4010 3966
f 3967 4021 3969
f 4063 4016 3968
f 4063 3968 4020
f 4021 4098 3969
f 3969 4098 4089
f 3970 4140 4038
f 4081 5711 3971
f 3972 4024 3983
f 4024 3972 4007
f 4057 3984 3973
f 4000 4057 3973
f 3984 4057 3974
f 4060 4029 3974
f 4057 4060 3974
f 3998 4078 3975
f 5834 3998 3975
f 4078 4026 3975
f 4110 3985 3976
f 4052 4143 3976
f 4052 3976 5771
f 4143 4110 3976
f 3991 4039 3977
f 4039 4033 3977
f 4030 3978 3983
f 3995 5773 3979
f 5875 4077 3979
f 5773 5875 3979
f 4102 3982 3980
f 4188 3980 4073
f 4188 4102 3980
f 4044 3987 3981
f 4044 3981 4001
f 4101 3982 4102
f 4024 4030 3983
f 4097 3998 3985
f 5834 3985 3998
f 4061 4097 3985
f 3985 4137 4061
f 4110 4137 3985
f 3987 4041 3986
f 4041 4007 3986
f 4096 4041 3987
f 4044 4096 3987
f 3988 4064 3993
f 4040 4064 3988
f 4114 4011 3989
f 4045 4114 3989
f 4125 4202 3990
f 3990 4202 4243
f 3991 4016 4069
f 4058 4039 3991
f 4069 4058 3991
f 4109 4047 3992
f 4037 3993 4064
f 4009 4054 3994
f 4054 4059 3994
f 3995 4148 5773
f 4148 3995 5827
f 3996 4105 4023
f 4067 4105 3996
f 4083 4002 3997
f 4094 4083 3997
f 4097 4078 3998
f 4128 4018 3999
f 4047 4128 3999
f 4011 4103 4000
f 4103 4057 4000
f 4079 4001 4015
f 4100 4044 4001
f 4100 4001 4079
f 4085 4022 4002
f 4083 4085 4002
f 4075 4055 4003
f 4003 4055 5782
f 4006 4056 4004
f 4179 4014 4004
f 4056 4179 4004
f 4070 4005 4071
f 4018 4169 4006
f 4169 4056 4006
f 4068 4024 4007
f 4041 4068 4007
f 4010 4074 4008
f 4074 4072 4008
f 4088 4009 4029
f 4009 4088 4054
f 4049 4087 4010
f 4087 4074 4010
f 4114 4103 4011
f 4117 4012 4035
f 4153 4093 4012
f 4117 4108 4012
f 4108 4153 4012
f 4082 4019 4013
f 4179 4025 4014
f 4025 5948 4014
f 5948 6002 4014
f 4119 4079 4015
f 4113 4119 4015
f 4121 4113 4015
f 4111 4016 4063
f 4111 4069 4016
f 4231 4062 4017
f 4197 4239 4017
f 4239 4231 4017
f 4128 4169 4018
f 4136 4048 4019
f 4082 4115 4019
f 4136 4019 4115
f 4063 4020 5759
f 5758 4020 5742
f 5759 4020 5758
f 4098 4021 4084
f 4085 4092 4022
f 4092 5871 4022
f 4023 4116 4035
f 4105 4116 4023
f 4104 4030 4024
f 4068 4104 4024
f 4179 4256 4025
f 4256 5864 4025
f 4025 5755 5824
f 5755 4025 5864
f 5948 4025 5824
f 4078 4124 4026
f 4124 4248 4026
f 4026 4248 4134
f 4134 4233 4027
f 4344 4224 4027
f 4233 4344 4027
f 4028 4033 4106
f 4028 4159 4045
f 4028 4106 4159
f 4060 4088 4029
f 4104 4095 4030
f 4138 4040 4031
f 4042 4163 4031
f 4163 4138 4031
f 4050 4133 4032
f 4133 4189 4032
f 4189 4154 4032
f 4032 4154 5999
f 4032 5999 5918
f 4039 4106 4033
f 4126 4066 4034
f 4126 4034 4092
f 4092 4034 5871
f 4116 4117 4035
f 4180 4051 4036
f 4180 4036 4086
f 4064 4135 4037
f 4135 4081 4037
f 4038 4139 4073
f 4038 4387 4139
f 4387 4038 4140
f 4058 4106 4039
f 4064 4040 4138
f 4041 4122 4068
f 4096 4122 4041
f 4123 4042 4043
f 4123 4146 4042
f 4146 4163 4042
f 4065 4123 4043
f 4150 4096 4044
f 4100 4150 4044
f 4175 4114 4045
f 4159 4175 4045
f 4149 4285 4046
f 4269 4197 4046
f 4285 4269 4046
f 4109 4141 4047
f 4141 4128 4047
f 4048 4157 4090
f 4048 4136 4157
f 4077 4162 4049
f 4087 4049 4162
f 4168 4050 4095
f 4168 4133 4050
f 4199 4084 4051
f 4180 4199 4051
f 4052 4076 4147
f 4052 4147 4143
f 4112 4131 4053
f 4131 5818 4053
f 4059 4054 4120
f 4088 4120 4054
f 4075 4203 4055
f 4203 4161 4055
f 4055 4161 5823
f 5823 5782 4055
f 4169 4129 4056
f 4129 4179 4056
f 4183 4060 4057
f 4103 4198 4057
f 4198 4183 4057
f 4181 4058 4069
f 4058 4174 4106
f 4181 4174 4058
f 4185 4059 4120
f 4059 4185 4127
f 4060 4183 4088
f 4061 4164 4097
f 4137 4164 4061
f 4231 4082 4062
f 4170 4111 4063
f 5765 4170 4063
f 5765 4063 5759
f 4160 4135 4064
f 4138 4160 4064
f 4107 4065 4072
f 4107 4186 4065
f 4186 4123 4065
f 4126 4173 4066
f 4173 5759 4066
f 4066 5758 5742
f 5759 5758 4066
f 4067 4191 4105
f 4177 4191 4067
f 4068 4156 4104
f 4122 4156 4068
f 4111 4142 4069
f 4142 4181 4069
f 4070 4071 4145
f 4070 4208 4076
f 4145 4208 4070
f 4118 4071 4089
f 4214 4071 4118
f 4145 4071 4214
f 4074 4107 4072
f 4139 4222 4073
f 4222 4188 4073
f 4087 4190 4074
f 4190 4107 4074
f 4235 4075 4101
f 4235 4203 4075
f 4208 4147 4076
f 4240 4162 4077
f 5875 4240 4077
f 4097 4172 4078
f 4172 4124 4078
f 4165 4100 4079
f 4119 4165 4079
f 4080 4265 4177
f 4276 4080 4243
f 4080 4276 4265
f 4135 5712 4081
f 5712 5711 4081
f 4231 4115 4082
f 4166 4085 4083
f 4094 4176 4083
f 4176 4166 4083
f 4199 4098 4084
f 4152 4092 4085
f 4085 4166 4152
f 4086 4090 4157
f 4284 4086 4157
f 4086 4284 4180
f 4162 4211 4087
f 4211 4190 4087
f 4187 4120 4088
f 4183 4187 4088
f 4098 4118 4089
f 4130 5882 4091
f 4091 5963 4130
f 4167 5963 4091
f 4167 4091 5999
f 5999 4091 5918
f 4126 4092 4223
f 4152 4223 4092
f 4204 4112 4093
f 4204 4093 4153
f 4099 4094 5920
f 5942 4094 4099
f 5942 4176 4094
f 5920 4094 5923
f 4104 4151 4095
f 4151 4168 4095
f 4184 4122 4096
f 4150 4184 4096
f 4164 4194 4097
f 4194 4172 4097
f 4098 4221 4118
f 4212 4098 4199
f 4212 4218 4098
f 4218 4221 4098
f 5879 4396 4099
f 4396 5942 4099
f 4099 5767 5760
f 4099 5760 5879
f 5767 4099 5920
f 4216 4150 4100
f 4165 4192 4100
f 4192 4216 4100
f 4188 4101 4102
f 4101 4188 4178
f 4178 4235 4101
f 4175 4103 4114
f 4175 4311 4103
f 4311 4198 4103
f 4104 4195 4151
f 4156 4195 4104
f 4105 4219 4116
f 4191 4219 4105
f 4106 4174 4159
f 4281 4186 4107
f 4190 4281 4107
f 4108 4117 4196
f 4215 4153 4108
f 4108 4196 4215
f 4141 4109 5713
f 4158 4109 5711
f 4109 4158 5713
f 4110 4201 4137
f 4201 4110 4143
f 4170 4142 4111
f 4207 4131 4112
f 4207 4112 4204
f 4209 4119 4113
f 4121 4200 4113
f 4113 4200 4209
f 4115 4210 4136
f 4231 4210 4115
f 4116 4213 4117
f 4219 4213 4116
f 4196 4117 4213
f 4221 4214 4118
f 4236 4165 4119
f 4236 4119 4209
f 4120 4254 4185
f 4187 4246 4120
f 4246 4254 4120
f 4193 4121 4132
f 4200 4121 4193
f 4217 4156 4122
f 4184 4217 4122
f 4182 4146 4123
f 4186 4182 4123
f 4172 4304 4124
f 4304 4248 4124
f 4315 4202 4125
f 4224 4315 4125
f 4244 4173 4126
f 4244 4126 4223
f 4274 4155 4127
f 4185 4274 4127
f 4141 4242 4128
f 5734 4169 4128
f 4242 5734 4128
f 4169 4220 4129
f 4220 4179 4129
f 4206 4148 4130
f 4130 4148 5827
f 5963 4206 4130
f 4130 5827 5882
f 4207 4398 4131
f 4366 4131 4398
f 4366 5818 4131
f 4155 4252 4132
f 4266 4193 4132
f 4252 4266 4132
f 4168 4226 4133
f 4133 4226 4189
f 4248 4233 4134
f 4229 4135 4160
f 4229 4238 4135
f 4238 5712 4135
f 4136 4273 4157
f 4210 4273 4136
f 4137 4253 4164
f 4201 4253 4137
f 4225 4160 4138
f 4163 4230 4138
f 4230 4225 4138
f 4382 4222 4139
f 4387 4382 4139
f 4370 4387 4140
f 5818 4370 4140
f 4141 5713 4242
f 4142 4170 4272
f 4259 4181 4142
f 4259 4142 4272
f 4147 4228 4143
f 4261 4201 4143
f 4228 4261 4143
f 4161 4257 4144
f 4161 4144 5823
f 4257 4227 4144
f 4283 4208 4145
f 4214 4390 4145
f 4390 4283 4145
f 4146 4230 4163
f 4182 4280 4146
f 4146 4280 4230
f 4232 4147 4208
f 4228 4147 4232
f 4241 4205 4148
f 4205 5875 4148
f 4206 4241 4148
f 4148 5875 5773
f 4171 4383 4149
f 4263 4285 4149
f 4383 4263 4149
f 4150 4268 4184
f 4216 4268 4150
f 4237 4168 4151
f 4195 4237 4151
f 4166 4234 4152
f 4223 4152 4234
f 4260 4204 4153
f 4153 4215 4260
f 4167 4154 4247
f 4154 4167 5999
f 4154 4189 4247
f 4290 4252 4155
f 4274 4290 4155
f 4156 4250 4195
f 4217 4250 4156
f 4284 4157 4273
f 4238 4329 4158
f 5712 4238 4158
f 4329 5713 4158
f 4158 5711 5712
f 4174 4291 4159
f 4159 4264 4175
f 4328 4264 4159
f 4291 4328 4159
f 4229 4160 4225
f 4203 4325 4161
f 4325 4257 4161
f 4211 4162 4286
f 4286 4162 4240
f 4164 4251 4194
f 4253 4251 4164
f 4279 4192 4165
f 4236 4279 4165
f 4255 4166 4176
f 4255 4234 4166
f 4247 4267 4167
f 4267 5963 4167
f 4168 4288 4226
f 4237 4288 4168
f 4319 4220 4169
f 4336 4319 4169
f 4336 4169 5734
f 4272 4170 4295
f 5765 4295 4170
f 4227 4383 4171
f 4277 4172 4194
f 4277 4363 4172
f 4340 4304 4172
f 4172 4363 4340
f 4244 4295 4173
f 4173 4295 5765
f 4173 5765 5759
f 4299 4174 4181
f 4174 4299 4291
f 4311 4175 4264
f 4255 4176 4350
f 4350 4176 4358
f 4358 4176 5942
f 4177 4297 4191
f 4265 4297 4177
f 4188 4275 4178
f 4302 4235 4178
f 4275 4302 4178
f 4220 4293 4179
f 4293 4256 4179
f 4305 4199 4180
f 4284 4305 4180
f 4259 4299 4181
f 4262 4182 4186
f 4182 4262 4335
f 4182 4342 4280
f 4342 4182 4335
f 4183 4246 4187
f 4198 4301 4183
f 4339 4246 4183
f 4301 4339 4183
f 4282 4217 4184
f 4268 4282 4184
f 4337 4185 4254
f 4185 4337 4274
f 4281 4262 4186
f 4222 4245 4188
f 4245 4275 4188
f 4189 4226 4359
f 4359 4247 4189
f 4211 4281 4190
f 4292 4219 4191
f 4297 4292 4191
f 4287 4216 4192
f 4279 4287 4192
f 4193 4278 4200
f 4266 4278 4193
f 4310 4194 4251
f 4310 4277 4194
f 4195 4296 4237
f 4296 4195 4250
f 4196 4213 4249
f 4215 4196 4258
f 4249 4258 4196
f 4269 4239 4197
f 4311 4301 4198
f 4271 4212 4199
f 4305 4271 4199
f 4316 4209 4200
f 4278 4316 4200
f 4201 4313 4253
f 4261 4313 4201
f 4413 4243 4202
f 4202 4315 4474
f 4474 4413 4202
f 4235 4327 4203
f 4354 4325 4203
f 4327 4354 4203
f 4317 4207 4204
f 4322 4204 4260
f 4322 4317 4204
f 4345 4205 4241
f 4314 4205 4345
f 4205 4314 5875
f 4241 4206 6033
f 6023 4206 5963
f 6023 6033 4206
f 4317 4398 4207
f 4232 4208 4283
f 4316 4236 4209
f 4231 4307 4210
f 4298 4273 4210
f 4307 4298 4210
f 4211 4286 4281
f 4289 4218 4212
f 4271 4289 4212
f 4219 4321 4213
f 5749 4249 4213
f 4213 4321 5749
f 5715 4214 4221
f 4390 4214 5715
f 4258 4294 4215
f 4294 4260 4215
f 4287 4268 4216
f 4250 4217 4312
f 4217 4282 4312
f 4270 4221 4218
f 4289 4270 4218
f 4219 4292 4361
f 4361 4321 4219
f 4319 4293 4220
f 4270 5715 4221
f 4382 4245 4222
f 4234 4334 4223
f 4341 4244 4223
f 4334 4341 4223
f 4436 4315 4224
f 4344 4436 4224
f 4318 4229 4225
f 4230 4309 4225
f 4309 4318 4225
f 4226 4288 4375
f 4226 4375 4359
f 4257 4381 4227
f 4381 4383 4227
f 4232 4300 4228
f 4333 4261 4228
f 4228 4300 4333
f 4238 4229 4330
f 4318 4330 4229
f 4280 4343 4230
f 4320 4309 4230
f 4343 4320 4230
f 4239 4307 4231
f 4332 4232 4283
f 4332 4300 4232
f 4248 4331 4233
f 4331 4408 4233
f 4408 4344 4233
f 4255 4326 4234
f 4326 4334 4234
f 4302 4327 4235
f 4236 4351 4279
f 4316 4351 4236
f 4237 4362 4288
f 4296 4362 4237
f 4399 4329 4238
f 4330 5714 4238
f 5714 4399 4238
f 4400 4239 4269
f 4393 4307 4239
f 4400 4393 4239
f 4323 4286 4240
f 4314 4323 4240
f 4314 4240 5875
f 4409 4345 4241
f 6021 4241 4391
f 4241 6033 4391
f 4409 4241 6021
f 4395 4371 4242
f 4371 5734 4242
f 4395 4242 5713
f 4421 4276 4243
f 4413 4421 4243
f 4356 4295 4244
f 4341 4356 4244
f 4368 4275 4245
f 4382 4368 4245
f 4352 4254 4246
f 4339 4352 4246
f 4247 4357 4267
f 4359 4357 4247
f 4304 4372 4248
f 4372 4331 4248
f 5740 4258 4249
f 5749 5740 4249
f 4250 4360 4296
f 4312 4360 4250
f 4253 4388 4251
f 4310 4251 4388
f 4252 4338 4266
f 4290 4338 4252
f 4313 4388 4253
f 4254 4451 4337
f 4352 4429 4254
f 4254 4429 4451
f 4326 4255 4350
f 4293 4347 4256
f 4347 5864 4256
f 4325 4367 4257
f 4367 4381 4257
f 4258 4306 4294
f 4258 5740 4306
f 4272 4376 4259
f 4259 4385 4299
f 4376 4385 4259
f 4294 4349 4260
f 4349 4322 4260
f 4261 4380 4313
f 4380 4261 4333
f 4355 4262 4281
f 4262 4355 4335
f 4416 4285 4263
f 4416 4263 4383
f 4369 4311 4264
f 4328 4369 4264
f 4276 4373 4265
f 4465 4297 4265
f 4373 4465 4265
f 4278 4266 4365
f 4338 4365 4266
f 4357 4353 4267
f 4267 4353 6023
f 4267 6023 5963
f 4378 4282 4268
f 4693 4268 4287
f 4268 4616 4378
f 4693 4616 4268
f 4285 4404 4269
f 4404 4400 4269
f 4289 4505 4270
f 4270 4505 5715
f 4403 4289 4271
f 4305 4403 4271
f 4402 4272 4295
f 4376 4272 4402
f 4392 4284 4273
f 4298 4434 4273
f 4434 4392 4273
f 4346 4290 4274
f 4346 4274 4337
f 4389 4302 4275
f 4368 4389 4275
f 4421 4373 4276
f 4310 4394 4277
f 4394 4363 4277
f 4386 4316 4278
f 4365 4386 4278
f 4279 4695 4287
f 4351 4695 4279
f 4342 4448 4280
f 4280 4407 4343
f 4407 4280 4448
f 4286 4364 4281
f 4364 4355 4281
f 4378 4312 4282
f 4283 4379 4332
f 4390 4379 4283
f 4284 4377 4305
f 4392 4377 4284
f 4285 4416 4404
f 4286 4323 4364
f 4695 4693 4287
f 4432 4288 4362
f 4432 4375 4288
f 4403 4440 4289
f 4440 4505 4289
f 4411 4338 4290
f 4346 4411 4290
f 4299 4348 4291
f 4348 4328 4291
f 4297 4361 4292
f 4319 4397 4293
f 4397 4347 4293
f 4306 4374 4294
f 4294 4374 4349
f 4356 4402 4295
f 4360 4362 4296
f 4297 4465 4361
f 4307 4393 4298
f 4393 4523 4298
f 4523 4434 4298
f 4385 4348 4299
f 4300 4332 4406
f 4333 4300 4406
f 4311 4384 4301
f 4384 4339 4301
f 4389 4327 4302
f 5698 4308 4303
f 5740 4303 4308
f 4321 4476 4303
f 5749 4321 4303
f 4476 5698 4303
f 4303 5740 5749
f 4304 4340 4372
f 4377 4403 4305
f 4306 5740 4308
f 4308 6019 4306
f 4414 4374 4306
f 4414 4306 6019
f 5698 5743 4308
f 5743 5746 4308
f 4308 5746 6019
f 4405 4318 4309
f 4320 4405 4309
f 4388 4420 4310
f 4420 4394 4310
f 4369 4500 4311
f 4500 4384 4311
f 5718 4360 4312
f 5719 4312 4378
f 5718 4312 5719
f 4380 4442 4313
f 4442 4388 4313
f 4443 4323 4314
f 4443 4314 4345
f 4315 4436 4474
f 4316 5764 4351
f 5764 4316 4386
f 4401 4317 4322
f 4433 4398 4317
f 4401 4433 4317
f 4318 4410 4330
f 4410 4318 4405
f 4336 4412 4319
f 4319 4412 4397
f 4422 4320 4343
f 4423 4405 4320
f 4422 4423 4320
f 4361 4441 4321
f 4321 4441 4476
f 4424 4322 4349
f 4401 4322 4424
f 4425 4364 4323
f 4443 4425 4323
f 4590 4426 4324
f 4426 5760 4324
f 4590 4324 4651
f 4594 4659 4324
f 4594 4324 5890
f 4599 4651 4324
f 4659 4599 4324
f 5760 5819 4324
f 5808 4324 5819
f 5890 4324 5808
f 4354 4367 4325
f 4334 4326 4419
f 4350 4419 4326
f 4468 4354 4327
f 4389 4468 4327
f 4453 4328 4348
f 4497 4369 4328
f 4453 4458 4328
f 4497 4328 4458
f 4399 4395 4329
f 4329 4395 5713
f 5717 4330 4410
f 5714 4330 5717
f 4372 4438 4331
f 4438 4408 4331
f 4379 4417 4332
f 4406 4332 4417
f 4333 4447 4380
f 4406 4447 4333
f 4341 4334 4430
f 4419 4503 4334
f 4430 4334 4503
f 4355 4342 4335
f 4371 4427 4336
f 4336 5734 4371
f 4427 4412 4336
f 4346 4337 4478
f 4451 4478 4337
f 4338 4437 4365
f 4411 4437 4338
f 4439 4352 4339
f 4384 4439 4339
f 4363 4548 4340
f 4340 4645 4372
f 4548 4645 4340
f 4460 4356 4341
f 4536 4341 4430
f 4341 4536 4460
f 4355 4435 4342
f 4448 4342 4435
f 4407 4422 4343
f 4408 4538 4344
f 4538 4436 4344
f 4345 4409 4475
f 4475 4443 4345
f 4485 4411 4346
f 4478 4485 4346
f 4397 4463 4347
f 4463 4418 4347
f 4418 5864 4347
f 4415 4348 4385
f 4348 4415 4453
f 4374 4455 4349
f 4455 4424 4349
f 4456 4350 4358
f 4456 4419 4350
f 4835 4695 4351
f 5764 4835 4351
f 4352 4439 4429
f 4357 4469 4353
f 4353 4467 4391
f 6033 4353 4391
f 4469 4467 4353
f 6023 4353 6033
f 4473 4367 4354
f 4468 4483 4354
f 4483 4473 4354
f 4452 4355 4364
f 4452 4435 4355
f 4461 4402 4356
f 4460 4461 4356
f 4562 4357 4359
f 4562 4469 4357
f 4396 4456 4358
f 4396 4358 5942
f 4375 4445 4359
f 4445 4562 4359
f 5835 4362 4360
f 5718 4667 4360
f 4667 5835 4360
f 4361 4925 4441
f 4465 4557 4361
f 4925 4361 4557
f 5843 4432 4362
f 5835 5843 4362
f 4394 4548 4363
f 4425 4452 4364
f 4437 4386 4365
f 4398 4459 4366
f 4459 4428 4366
f 4428 5798 4366
f 4366 5798 5818
f 4472 4381 4367
f 4473 4472 4367
f 4561 4368 4382
f 4449 4389 4368
f 4561 4449 4368
f 4497 4500 4369
f 4494 4387 4370
f 4428 4494 4370
f 4428 4370 5798
f 5798 4370 5818
f 4493 4371 4395
f 4493 4427 4371
f 4739 4438 4372
f 4645 4739 4372
f 4421 4501 4373
f 4501 4465 4373
f 4470 4374 4414
f 4470 4455 4374
f 4547 4375 4432
f 4547 4445 4375
f 4376 4450 4385
f 4376 4402 4490
f 4376 4512 4450
f 4512 4376 4490
f 4392 4464 4377
f 4464 4403 4377
f 4616 4660 4378
f 4660 5719 4378
f 4390 4504 4379
f 4533 4417 4379
f 4504 4533 4379
f 4380 4492 4442
f 4447 4492 4380
f 4381 4472 4383
f 4382 4387 4446
f 4446 4561 4382
f 4479 4416 4383
f 4472 4525 4383
f 4525 4479 4383
f 4500 4439 4384
f 4457 4415 4385
f 4457 4385 4450
f 4437 4591 4386
f 4591 4589 4386
f 5764 4386 4589
f 4494 4446 4387
f 4752 4420 4388
f 4565 4388 4442
f 4565 4752 4388
f 4542 4389 4449
f 4542 4468 4389
f 4505 4504 4390
f 4505 4390 5715
f 4467 6021 4391
f 4434 4516 4392
f 4535 4464 4392
f 4516 4535 4392
f 4400 4539 4393
f 4539 4523 4393
f 4889 4394 4420
f 4801 4548 4394
f 5862 4801 4394
f 4889 5862 4394
f 4524 4395 4399
f 4524 4493 4395
f 4426 4514 4396
f 4426 4396 5879
f 4514 4456 4396
f 4412 4462 4397
f 4462 4463 4397
f 4433 4491 4398
f 4459 4398 4491
f 4431 4524 4399
f 4431 4399 5714
f 4404 4526 4400
f 4526 4539 4400
f 4424 4487 4401
f 4487 4433 4401
f 4461 4490 4402
f 4464 4440 4403
f 4416 4526 4404
f 4466 4410 4405
f 4423 4466 4405
f 4417 4482 4406
f 4406 4517 4447
f 4482 4517 4406
f 4454 4422 4407
f 4454 4407 4448
f 4438 4538 4408
f 4409 4510 4475
f 4544 4510 4409
f 6021 4544 4409
f 4466 4498 4410
f 4410 4498 5717
f 4411 4511 4437
f 4485 4511 4411
f 4412 4427 4520
f 4462 4412 4520
f 4560 4421 4413
f 4474 4560 4413
f 4414 4495 4470
f 4484 4521 4414
f 4414 6019 4484
f 4521 4495 4414
f 4453 4415 4471
f 4457 4471 4415
f 4479 4569 4416
f 4569 4526 4416
f 4564 4482 4417
f 4533 6020 4417
f 6020 4564 4417
f 4463 4553 4418
f 4553 4598 4418
f 4598 4573 4418
f 4418 4573 6013
f 4418 5755 5864
f 4418 6013 5755
f 4456 4503 4419
f 4822 4420 4752
f 4822 4889 4420
f 4560 4501 4421
f 4477 4423 4422
f 4422 4454 4488
f 4477 4422 4488
f 4477 4466 4423
f 4554 4424 4455
f 4424 4554 4487
f 4486 4425 4443
f 4508 4452 4425
f 4508 4425 4486
f 4576 4514 4426
f 4643 4576 4426
f 4590 4643 4426
f 5879 5760 4426
f 4493 4571 4427
f 4571 4520 4427
f 4558 4428 4459
f 4582 4494 4428
f 4558 4582 4428
f 4439 4480 4429
f 4499 4451 4429
f 4480 4499 4429
f 4503 4536 4430
f 4578 4524 4431
f 4537 4578 4431
f 4537 4431 5717
f 4431 5714 5717
f 4432 4798 4547
f 4756 4798 4432
f 4756 4432 5843
f 4487 4532 4433
f 4491 4433 4532
f 4600 4516 4434
f 4523 4581 4434
f 4581 4600 4434
f 4481 4448 4435
f 4452 4502 4435
f 4502 4481 4435
f 4474 4436 4570
f 4538 4570 4436
f 5894 4437 4511
f 5894 4591 4437
f 4438 4685 4538
f 4679 4685 4438
f 4739 4679 4438
f 4500 4480 4439
f 4625 4440 4464
f 4555 4505 4440
f 4625 4555 4440
f 4609 4476 4441
f 4854 4609 4441
f 4965 4854 4441
f 4925 4965 4441
f 4492 4546 4442
f 4442 4546 4565
f 4518 4443 4475
f 4518 4486 4443
f 4476 4609 4444
f 4476 4444 5698
f 4609 4559 4444
f 4559 5736 4444
f 4444 5743 5698
f 4444 5736 5743
f 4850 4445 4547
f 4445 4904 4562
f 4850 4892 4445
f 4892 4904 4445
f 4494 4522 4446
f 4522 4561 4446
f 4447 4602 4492
f 4447 4517 4602
f 4545 4454 4448
f 4481 4545 4448
f 4657 4542 4449
f 4561 4657 4449
f 4585 4457 4450
f 4512 4585 4450
f 4451 4531 4478
f 4499 4579 4451
f 4451 4579 4531
f 4508 4502 4452
f 4489 4458 4453
f 4471 4489 4453
f 4488 4454 4507
f 4454 4496 4507
f 4545 4496 4454
f 4470 4575 4455
f 4575 4554 4455
f 4503 4456 4556
f 4514 4556 4456
f 4509 4471 4457
f 4457 6018 4509
f 4635 4457 4585
f 4457 4635 6018
f 4489 4506 4458
f 4506 4497 4458
f 4558 4459 4491
f 4615 4461 4460
f 4640 4460 4536
f 4640 4615 4460
f 4567 4490 4461
f 4637 4567 4461
f 4615 4637 4461
f 4463 4462 4540
f 4462 4520 4540
f 4540 4553 4463
f 4535 4625 4464
f 4557 4465 4501
f 4566 4466 4477
f 4566 4498 4466
f 4469 4623 4467
f 4682 4544 4467
f 4467 4544 6021
f 4623 4682 4467
f 4542 4483 4468
f 4562 4623 4469
f 4592 4470 4495
f 4592 4575 4470
f 4541 4489 4471
f 4509 4541 4471
f 4611 4472 4473
f 4611 4525 4472
f 4483 4636 4473
f 4636 4611 4473
f 4671 4560 4474
f 4474 4570 4671
f 4612 4475 4510
f 4612 4518 4475
f 4488 4527 4477
f 4527 4566 4477
f 4572 4485 4478
f 4572 4478 4531
f 4525 4530 4479
f 4479 4530 4569
f 4549 4499 4480
f 4500 4529 4480
f 4529 4549 4480
f 4481 4502 4563
f 4545 4481 4563
f 4517 4482 4568
f 4564 4568 4482
f 4542 4634 4483
f 4634 4636 4483
f 4552 4521 4484
f 4534 4552 4484
f 5736 4534 4484
f 5736 4484 5743
f 5743 4484 5746
f 5746 4484 6019
f 5905 4511 4485
f 5905 4485 4572
f 4588 4508 4486
f 4518 4551 4486
f 4551 4588 4486
f 4608 4532 4487
f 4608 4487 4554
f 4507 4513 4488
f 4513 4527 4488
f 4513 4506 4489
f 4541 4513 4489
f 4567 4512 4490
f 4586 4491 4532
f 4491 4586 4558
f 4621 4546 4492
f 4602 4621 4492
f 4524 4571 4493
f 4681 4522 4494
f 4681 4494 4582
f 4618 4495 4521
f 4618 4592 4495
f 4519 4507 4496
f 4577 4519 4496
f 4496 4545 4577
f 4497 4515 4500
f 4506 4597 4497
f 4597 4515 4497
f 4537 4498 4583
f 4498 4537 5717
f 4566 5720 4498
f 5720 4583 4498
f 4550 4543 4499
f 4579 4499 4543
f 4549 4550 4499
f 4515 4529 4500
f 4732 4557 4501
f 4560 4671 4501
f 4732 4501 4671
f 4508 4580 4502
f 4502 4580 4563
f 4536 4503 4587
f 4587 4503 4556
f 4606 4504 4505
f 6008 4533 4504
f 4639 4504 4606
f 4639 6008 4504
f 4555 4606 4505
f 4513 4507 4506
f 4507 4519 4506
f 4519 4593 4506
f 4593 4597 4506
f 4588 4580 4508
f 6018 4541 4509
f 4544 4655 4510
f 4655 4612 4510
f 4511 5905 4604
f 4604 6006 4511
f 6006 5894 4511
f 4567 4662 4512
f 4662 4585 4512
f 4541 4527 4513
f 4556 4514 4607
f 4576 4607 4514
f 4597 4529 4515
f 4674 4535 4516
f 4600 4674 4516
f 4568 4641 4517
f 4602 4517 4641
f 4627 4551 4518
f 4627 4518 4612
f 4577 4593 4519
f 4574 4540 4520
f 4571 4601 4520
f 4601 4574 4520
f 4552 4632 4521
f 4632 4618 4521
f 4710 4561 4522
f 4681 4710 4522
f 4620 4523 4539
f 4620 4581 4523
f 4647 4571 4524
f 4578 4647 4524
f 4672 4530 4525
f 4611 4672 4525
f 4610 4539 4526
f 4569 4610 4526
f 4541 4603 4527
f 4527 4630 4566
f 4527 4603 4630
f 4573 4676 4528
f 6013 4573 4528
f 4638 4594 4528
f 4528 4594 5890
f 4528 4676 4638
f 5755 4528 5890
f 6013 4528 5755
f 4584 4549 4529
f 4597 4584 4529
f 4675 4569 4530
f 4675 4530 4672
f 4619 4572 4531
f 4579 4654 4531
f 4654 4619 4531
f 4642 4586 4532
f 4608 4642 4532
f 6008 4596 4533
f 4596 6020 4533
f 4622 4552 4534
f 4559 4658 4534
f 4559 4534 5736
f 4658 4622 4534
f 4668 4625 4535
f 4674 4668 4535
f 4587 4640 4536
f 4664 4578 4537
f 4664 4537 4583
f 4685 4570 4538
f 4610 4620 4539
f 4553 4540 4626
f 4574 4626 4540
f 4541 6018 4603
f 4691 4634 4542
f 4657 4698 4542
f 4691 4542 4698
f 4550 4595 4543
f 4689 4579 4543
f 4595 4678 4543
f 4678 4689 4543
f 4682 4655 4544
f 4577 4545 4563
f 4546 4776 4565
f 4621 4724 4546
f 4724 4802 4546
f 4802 4776 4546
f 4798 4850 4547
f 4548 4847 4645
f 4801 4847 4548
f 4584 4550 4549
f 4584 4617 4550
f 4617 4595 4550
f 4551 4629 4588
f 4627 4629 4551
f 4652 4552 4622
f 4652 4632 4552
f 4598 4553 4666
f 4626 4666 4553
f 4554 4575 4686
f 4699 4608 4554
f 4686 4699 4554
f 4555 4748 4606
f 4625 4668 4555
f 4668 4748 4555
f 4556 4646 4587
f 4607 4646 4556
f 4732 4925 4557
f 4582 4558 4649
f 4586 4648 4558
f 4648 4649 4558
f 4609 4735 4559
f 4735 4658 4559
f 4710 4657 4561
f 4843 4623 4562
f 4904 4843 4562
f 4614 4577 4563
f 4614 4563 4580
f 4568 4564 6009
f 4596 4673 4564
f 4596 4564 6020
f 4564 4673 6009
f 4776 4752 4565
f 4630 5720 4566
f 4637 4656 4567
f 4656 4662 4567
f 4641 4568 6009
f 4723 4610 4569
f 4736 4569 4675
f 4723 4569 4736
f 4570 4784 4671
f 4685 4784 4570
f 4663 4601 4571
f 4647 4663 4571
f 5905 4572 4604
f 4572 6000 4604
f 4619 6000 4572
f 4598 4687 4573
f 4687 4676 4573
f 4601 4644 4574
f 4626 4574 4644
f 4575 4592 4696
f 4696 4686 4575
f 4670 4607 4576
f 4643 4670 4576
f 4624 4593 4577
f 4624 4577 4614
f 4664 4647 4578
f 4579 4689 4654
f 4588 5941 4580
f 5941 4614 4580
f 4661 4600 4581
f 4684 4581 4620
f 4581 4684 4661
f 4649 4740 4582
f 4740 4681 4582
f 4633 4664 4583
f 4633 4583 5720
f 4597 4624 4584
f 4624 4617 4584
f 5892 4635 4585
f 4662 5892 4585
f 4642 4677 4586
f 4648 4586 4677
f 4587 4713 4640
f 4646 4713 4587
f 4629 4628 4588
f 4588 4628 5941
f 4786 4589 4591
f 4786 4835 4589
f 4835 5764 4589
f 4703 4643 4590
f 4590 4651 4703
f 4591 4718 4782
f 4718 4591 5894
f 4786 4591 4782
f 4618 4696 4592
f 4624 4597 4593
f 4709 4594 4638
f 4709 4659 4594
f 4617 4613 4595
f 4613 4678 4595
f 4650 4688 4596
f 4650 4596 6008
f 4596 4688 4673
f 4666 4687 4598
f 4707 4651 4599
f 4659 4707 4599
f 4661 4674 4600
f 4644 4601 4694
f 4601 4663 4694
f 4621 4602 4827
f 4641 4734 4602
f 4827 4602 4734
f 4630 4603 4653
f 4653 4603 4635
f 6018 4635 4603
f 4604 4855 4718
f 4604 4718 6006
f 4804 4855 4604
f 6000 4804 4604
f 4639 5874 4605
f 4639 4605 6008
f 4650 6008 4605
f 6027 4650 4605
f 5874 6027 4605
f 4748 4639 4606
f 4646 4607 4670
f 4714 4642 4608
f 4699 4714 4608
f 4609 5945 4735
f 4854 5945 4609
f 4720 4620 4610
f 4723 4720 4610
f 4636 4672 4611
f 4704 4627 4612
f 4751 4612 4655
f 4704 4612 4751
f 4617 4631 4613
f 4631 4744 4613
f 4762 4678 4613
f 4744 4762 4613
f 5966 4624 4614
f 5966 4614 5941
f 4700 4637 4615
f 4640 4713 4615
f 4713 4700 4615
f 4730 4660 4616
f 4693 4730 4616
f 4624 5966 4617
f 5966 4631 4617
f 4618 4632 4721
f 4618 4721 4696
f 4840 4619 4654
f 4619 4840 4812
f 4619 4812 6000
f 4684 4620 4720
f 4724 4621 4827
f 4683 4652 4622
f 4658 4680 4622
f 4680 4683 4622
f 4623 4851 4682
f 4843 4851 4623
f 4644 4666 4626
f 4716 4629 4627
f 4704 4716 4627
f 4628 4629 4731
f 4631 4628 4742
f 4628 4631 5941
f 4628 4731 4742
f 4731 4629 4716
f 4653 4665 4630
f 4665 5946 4630
f 4630 5946 5720
f 4631 4742 4744
f 4631 5966 5941
f 4652 4758 4632
f 4721 4632 4758
f 4664 4633 4692
f 4633 4665 4692
f 4665 4633 5946
f 5946 4633 5720
f 4712 4636 4634
f 4691 4712 4634
f 4669 4653 4635
f 5892 4669 4635
f 4712 4672 4636
f 4700 4656 4637
f 4676 4741 4638
f 4709 4638 4741
f 4748 4747 4639
f 4639 4747 5874
f 4750 4734 4641
f 4641 6009 4750
f 4728 4677 4642
f 4714 4728 4642
f 4717 4670 4643
f 4703 4717 4643
f 4666 4644 4705
f 4644 4694 4705
f 4847 4739 4645
f 4670 4708 4646
f 4713 4646 4708
f 4663 4647 4715
f 4664 4715 4647
f 4702 4649 4648
f 4711 4648 4677
f 4711 4702 4648
f 4702 4767 4649
f 4740 4649 4767
f 4688 4650 5951
f 6027 5951 4650
f 4725 4703 4651
f 4725 4651 4707
f 4683 4743 4652
f 4743 4758 4652
f 4669 4665 4653
f 4689 4777 4654
f 4777 4867 4654
f 4654 4867 4840
f 4682 5996 4655
f 5996 4751 4655
f 4706 4662 4656
f 4700 4706 4656
f 4657 4772 4698
f 4778 4657 4710
f 4778 4772 4657
f 4746 4680 4658
f 4735 4746 4658
f 4659 4759 4707
f 4709 4759 4659
f 4818 4660 4730
f 4923 4805 4660
f 4805 5719 4660
f 4923 4660 4818
f 4792 4674 4661
f 4661 4684 4763
f 4792 4661 4763
f 4706 4697 4662
f 4662 4697 5892
f 4663 4715 4694
f 4719 4664 4692
f 4738 4715 4664
f 4738 4664 4719
f 4669 4690 4665
f 4665 4690 4692
f 4687 4666 4705
f 4859 4667 4701
f 4701 4667 5718
f 4888 4756 4667
f 4667 4756 5835
f 4859 4888 4667
f 4779 4668 4674
f 4779 4748 4668
f 4697 4690 4669
f 4697 4669 5892
f 4708 4670 4717
f 4784 4732 4671
f 4733 4675 4672
f 4712 4733 4672
f 4688 4765 4673
f 4750 4673 4765
f 6009 4673 4750
f 4792 4779 4674
f 4733 4736 4675
f 4687 4726 4676
f 4676 4726 4741
f 4753 4711 4677
f 4728 4753 4677
f 4777 4689 4678
f 4762 4777 4678
f 5026 4685 4679
f 4914 4679 4739
f 5026 4679 4914
f 4729 4683 4680
f 4761 4729 4680
f 4746 4761 4680
f 4737 4710 4681
f 4740 4737 4681
f 4682 4851 4912
f 5996 4682 4912
f 4729 4796 4683
f 4796 4743 4683
f 4720 4763 4684
f 4685 4928 4784
f 5030 4928 4685
f 5026 5030 4685
f 4696 4773 4686
f 4686 4783 4699
f 4773 4783 4686
f 4705 4726 4687
f 4765 4688 5917
f 4688 5951 5917
f 4690 4719 4692
f 4697 4722 4690
f 4719 4690 4722
f 4755 4691 4698
f 4775 4712 4691
f 4755 4775 4691
f 4695 4846 4693
f 4857 4730 4693
f 4846 4857 4693
f 4705 4694 4768
f 4715 4768 4694
f 4853 4695 4835
f 4695 5003 4846
f 4695 4853 5003
f 4800 4696 4721
f 4800 4773 4696
f 4706 4722 4697
f 4772 4755 4698
f 4699 4783 4714
f 4700 4727 4706
f 4713 4760 4700
f 4754 4727 4700
f 4760 4754 4700
f 4906 4701 4805
f 4805 4701 5718
f 4701 4906 4859
f 4711 4795 4702
f 4785 4767 4702
f 4795 4785 4702
f 4703 4749 4717
f 4725 4749 4703
f 4704 4789 4716
f 4751 4789 4704
f 4705 4768 4726
f 4727 4722 4706
f 4749 4725 4707
f 4759 4749 4707
f 4713 4708 4757
f 4717 4757 4708
f 4741 4771 4709
f 4771 4759 4709
f 4737 4778 4710
f 4817 4711 4753
f 4817 4795 4711
f 4775 4733 4712
f 4760 4713 4757
f 4728 4714 4799
f 4783 4799 4714
f 4738 4769 4715
f 4769 4768 4715
f 4807 4731 4716
f 4789 4807 4716
f 4749 4757 4717
f 4718 4932 4782
f 4855 4932 4718
f 4718 5894 6006
f 4719 4722 4766
f 4769 4738 4719
f 4780 4719 4766
f 4769 4719 4780
f 4723 4787 4720
f 4720 4787 4763
f 4758 4800 4721
f 4766 4722 4727
f 4723 4736 4787
f 4836 4802 4724
f 4827 4836 4724
f 4741 4726 4770
f 4768 4770 4726
f 4766 4727 4754
f 4753 4728 4799
f 4761 4788 4729
f 4788 4811 4729
f 4811 4796 4729
f 4857 4818 4730
f 4819 4742 4731
f 4731 4807 4819
f 4784 4907 4732
f 4732 4907 4925
f 4797 4736 4733
f 4775 4797 4733
f 4750 4821 4734
f 4734 4821 4894
f 4894 4827 4734
f 4745 4746 4735
f 5945 4745 4735
f 4736 4815 4787
f 4797 4816 4736
f 4816 4815 4736
f 4740 4808 4737
f 4806 4778 4737
f 4808 4806 4737
f 4847 4914 4739
f 4767 4808 4740
f 4770 4771 4741
f 4819 4744 4742
f 4758 4743 4823
f 4796 4823 4743
f 4829 4762 4744
f 4819 4829 4744
f 4746 4745 4813
f 4881 4813 4745
f 4868 4881 4745
f 5945 4868 4745
f 4813 4761 4746
f 4803 4747 4748
f 4820 4764 4747
f 4747 4764 5874
f 4747 4803 4830
f 4747 4830 4820
f 4779 4803 4748
f 4781 4757 4749
f 4759 4790 4749
f 4781 4749 4790
f 4765 4828 4750
f 4821 4750 4828
f 5995 4789 4751
f 4834 5995 4751
f 5996 4834 4751
f 4887 4752 4776
f 4752 4887 4822
f 4799 5911 4753
f 4753 5911 4817
f 4760 4791 4754
f 4774 4766 4754
f 4791 4774 4754
f 4826 4755 4772
f 4826 4775 4755
f 4943 4798 4756
f 4888 4943 4756
f 5835 4756 5843
f 4757 4791 4760
f 4791 4757 4781
f 4800 4758 5957
f 5957 4758 4823
f 4771 4790 4759
f 4832 4788 4761
f 4813 4832 4761
f 4777 4762 4829
f 4787 4856 4763
f 4814 4792 4763
f 4856 4814 4763
f 4820 4793 4764
f 4764 4793 6027
f 5874 4764 6027
f 4828 4765 4837
f 4837 4765 5917
f 4774 4780 4766
f 4785 4831 4767
f 4833 4808 4767
f 4831 4833 4767
f 4768 4769 4794
f 4770 4768 4794
f 4769 4780 4794
f 4771 4770 4794
f 4794 4790 4771
f 4778 4809 4772
f 4809 4826 4772
f 4783 4773 4848
f 4871 4773 4800
f 4871 4848 4773
f 4791 4780 4774
f 4824 4797 4775
f 4826 4824 4775
f 4802 4873 4776
f 4873 4887 4776
f 4829 4952 4777
f 4952 4867 4777
f 4806 4809 4778
f 4845 4779 4792
f 4845 4803 4779
f 4791 4794 4780
f 4791 4781 4790
f 4930 4786 4782
f 4932 4930 4782
f 4799 4783 4903
f 4848 4903 4783
f 4928 4907 4784
f 4795 4810 4785
f 4810 4831 4785
f 4786 4969 4835
f 4930 4969 4786
f 4815 4856 4787
f 4841 4811 4788
f 4832 4838 4788
f 4838 4841 4788
f 4941 4807 4789
f 4900 4941 4789
f 4900 4789 5995
f 4791 4790 4794
f 4814 4845 4792
f 4820 4860 4793
f 4793 4849 4842
f 5917 4793 4842
f 4860 4849 4793
f 5951 4793 5917
f 6027 4793 5951
f 4844 4810 4795
f 4817 4844 4795
f 4811 4908 4796
f 4908 4823 4796
f 4825 4816 4797
f 4825 4797 4824
f 4957 4850 4798
f 4943 4957 4798
f 5911 4799 4903
f 5957 4871 4800
f 4915 4847 4801
f 4905 4915 4801
f 4905 4801 5862
f 4836 4863 4802
f 4863 4873 4802
f 4803 4839 4830
f 4839 4803 4845
f 4951 4804 4812
f 4812 4804 6000
f 4804 5872 4855
f 4951 5872 4804
f 4923 4906 4805
f 4805 5718 5719
f 4808 4858 4806
f 4858 4809 4806
f 4807 4916 4819
f 4807 5721 4916
f 5721 4807 4941
f 4833 4858 4808
f 4809 4852 4826
f 4852 4809 4858
f 4877 4831 4810
f 4844 4877 4810
f 4841 4908 4811
f 4840 4961 4812
f 4961 4951 4812
f 4869 4832 4813
f 4881 4869 4813
f 4875 4845 4814
f 4856 4875 4814
f 4816 4825 4815
f 4825 4861 4815
f 4861 4856 4815
f 4844 4817 4870
f 4864 5829 4817
f 5911 4864 4817
f 5829 4870 4817
f 4857 4926 4818
f 4818 4944 4923
f 4926 4944 4818
f 4974 4829 4819
f 4974 4819 4916
f 4830 4866 4820
f 4860 4820 4866
f 4890 4821 4828
f 4821 4890 4946
f 4821 4946 4894
f 4887 4935 4822
f 4939 4889 4822
f 4935 4939 4822
f 4823 4962 4897
f 4823 4897 5957
f 4908 4962 4823
f 4826 4825 4824
f 4825 4826 4862
f 4862 4861 4825
f 4826 4852 4865
f 4826 4865 4862
f 4836 4827 4956
f 4894 4956 4827
f 4890 4828 4837
f 4996 4952 4829
f 4974 4996 4829
f 4839 4880 4830
f 4880 4866 4830
f 4886 4833 4831
f 4877 4886 4831
f 4879 4838 4832
f 4879 4832 4869
f 4876 4858 4833
f 4886 4876 4833
f 4899 4937 4834
f 5996 4899 4834
f 4937 4900 4834
f 4900 5995 4834
f 4853 4835 5689
f 4969 5065 4835
f 4835 5065 5689
f 4917 4863 4836
f 4956 4917 4836
f 4842 4949 4837
f 4837 5917 4842
f 4890 4837 4975
f 4949 4975 4837
f 4878 4841 4838
f 4879 4878 4838
f 4875 4839 4845
f 4875 4885 4839
f 4885 4880 4839
f 4978 4840 4867
f 4978 4961 4840
f 4878 4911 4841
f 4908 4841 4911
f 4849 4949 4842
f 4953 4851 4843
f 4904 4953 4843
f 4844 4870 4910
f 4910 4877 4844
f 4954 4857 4846
f 5014 4954 4846
f 5014 4846 5003
f 4915 4914 4847
f 4848 4871 4922
f 4903 4848 4995
f 4922 4992 4848
f 4848 4992 4995
f 4901 4849 4860
f 4933 4849 4901
f 4933 4949 4849
f 4982 4892 4850
f 4957 4972 4850
f 4972 4982 4850
f 4958 4912 4851
f 4953 4999 4851
f 4999 4958 4851
f 4883 4852 4858
f 4874 4865 4852
f 4883 4874 4852
f 5003 4853 5689
f 4979 4868 4854
f 4854 4868 5945
f 4965 4979 4854
f 5872 4932 4855
f 4856 4861 4872
f 4856 4872 4875
f 4954 4926 4857
f 4876 4883 4858
f 4888 4859 4976
f 4859 4906 4998
f 4976 4859 4998
f 4866 4901 4860
f 4862 4882 4861
f 4861 4882 4872
f 4874 4862 4865
f 4874 4882 4862
f 4918 4873 4863
f 4917 4918 4863
f 4995 4864 4903
f 4864 5911 4903
f 4913 4864 4970
f 4913 5829 4864
f 4864 4995 4970
f 4880 4898 4866
f 4898 4901 4866
f 4952 4978 4867
f 4881 4868 4940
f 4868 4931 4940
f 4979 4931 4868
f 4934 4879 4869
f 4881 4947 4869
f 4947 4934 4869
f 4870 4959 4910
f 4913 4959 4870
f 4913 4870 5829
f 4871 4921 5009
f 4921 4871 5957
f 4922 4871 5009
f 4891 4875 4872
f 4882 4891 4872
f 4929 4887 4873
f 4918 4929 4873
f 4896 4882 4874
f 4883 4896 4874
f 4893 4885 4875
f 4896 4875 4891
f 4896 4893 4875
f 4884 4883 4876
f 4884 4876 4886
f 4920 4886 4877
f 4910 4938 4877
f 4877 4938 4920
f 4927 4878 4879
f 4936 4911 4878
f 4927 4936 4878
f 4934 4927 4879
f 4885 4902 4880
f 4902 4898 4880
f 4940 4947 4881
f 4882 4896 4891
f 4884 4896 4883
f 4886 4893 4884
f 4893 4896 4884
f 4893 4895 4885
f 4909 4885 4895
f 4909 4902 4885
f 4886 4895 4893
f 4909 4895 4886
f 4920 4909 4886
f 4929 4935 4887
f 4943 4888 4976
f 4980 4905 4889
f 4889 4905 5862
f 4939 4980 4889
f 5006 4946 4890
f 4890 4975 5006
f 4948 4904 4892
f 4988 4948 4892
f 4982 4988 4892
f 4946 4989 4894
f 4956 4894 4989
f 5020 4921 4897
f 4897 4921 5957
f 5010 4897 4962
f 5010 5020 4897
f 4919 4901 4898
f 4902 4919 4898
f 4912 4993 4899
f 4899 5996 4912
f 4985 4937 4899
f 4985 4899 4993
f 5013 4900 4937
f 5013 4941 4900
f 4955 4901 4919
f 4955 4933 4901
f 4924 4902 4909
f 4924 4919 4902
f 4948 4953 4904
f 4960 4915 4905
f 4980 4960 4905
f 4923 4967 4906
f 4906 4967 4998
f 5058 4925 4907
f 4928 5091 4907
f 4907 5091 5058
f 4911 4986 4908
f 4986 4962 4908
f 4924 4909 4920
f 4938 4910 4959
f 4936 4986 4911
f 4958 4993 4912
f 4959 4913 4970
f 5002 4914 4915
f 5002 5027 4914
f 4914 5027 5026
f 4960 5019 4915
f 5029 5002 4915
f 4915 5019 5005
f 5029 4915 5005
f 5081 4974 4916
f 5721 5081 4916
f 4950 4918 4917
f 4971 4950 4917
f 4956 4971 4917
f 4963 4929 4918
f 4950 4963 4918
f 4924 4945 4919
f 4945 4955 4919
f 4938 4924 4920
f 5033 5009 4921
f 5020 5033 4921
f 5059 4992 4922
f 5009 5059 4922
f 4987 4923 4944
f 5099 4967 4923
f 4987 5099 4923
f 4938 4945 4924
f 4965 4925 5722
f 5722 4925 5058
f 4954 4944 4926
f 4934 4968 4927
f 4973 4936 4927
f 4968 4973 4927
f 4928 5030 5080
f 5080 5091 4928
f 4983 4935 4929
f 4963 4983 4929
f 4932 5042 4930
f 5007 4969 4930
f 5007 4930 5042
f 4966 4940 4931
f 5038 4966 4931
f 4931 4979 5079
f 5038 4931 5079
f 4942 4977 4932
f 4942 4932 5872
f 4977 5042 4932
f 4949 4933 5015
f 4994 4933 4955
f 4994 5015 4933
f 4947 4981 4934
f 4981 4968 4934
f 4964 4939 4935
f 4983 4964 4935
f 4973 4986 4936
f 4985 5022 4937
f 5022 5013 4937
f 4938 4984 4945
f 4959 4984 4938
f 4964 4980 4939
f 4966 4947 4940
f 5013 5037 4941
f 4941 5037 5721
f 4951 4991 4942
f 4951 4942 5872
f 4942 5723 4977
f 4942 4991 5723
f 4957 4943 4990
f 4990 4943 4976
f 5001 4944 4954
f 4987 4944 5001
f 4984 4955 4945
f 5035 4989 4946
f 4946 5006 5039
f 5035 4946 5039
f 5062 4947 4966
f 5062 4981 4947
f 5034 4953 4948
f 5023 4948 4988
f 5023 5063 4948
f 5066 5034 4948
f 5063 5066 4948
f 4975 4949 5015
f 5000 4963 4950
f 4971 5000 4950
f 4961 4997 4951
f 4997 4991 4951
f 4952 5110 4978
f 5127 4952 4996
f 5127 5110 4952
f 5034 4999 4953
f 5014 5001 4954
f 4984 4994 4955
f 5004 4971 4956
f 4989 5004 4956
f 4990 4972 4957
f 4993 4958 5067
f 5067 4958 4999
f 5017 4959 4970
f 4984 4959 5017
f 5055 4960 4980
f 5055 5019 4960
f 4978 4997 4961
f 4986 5032 4962
f 5032 5010 4962
f 5025 4983 4963
f 5000 5025 4963
f 5053 4980 4964
f 5036 4964 4983
f 5036 5052 4964
f 5052 5053 4964
f 5041 4979 4965
f 4965 5107 5041
f 5107 4965 5722
f 5038 5064 4966
f 5064 5062 4966
f 4967 5121 4998
f 4967 5099 5121
f 5011 4973 4968
f 4968 4981 5012
f 5012 5011 4968
f 5045 4969 5007
f 5045 5065 4969
f 4995 5051 4970
f 5051 5017 4970
f 5024 5000 4971
f 5004 5024 4971
f 5048 4982 4972
f 4990 5040 4972
f 5040 5048 4972
f 4986 4973 5021
f 5011 5021 4973
f 4974 5886 4996
f 5081 5179 4974
f 5179 5886 4974
f 5090 5006 4975
f 4975 5015 5090
f 4976 5018 4990
f 5008 4976 4998
f 5018 4976 5008
f 4977 5152 5042
f 5125 5152 4977
f 5723 5125 4977
f 4997 4978 5070
f 5075 5070 4978
f 5110 5075 4978
f 5079 4979 5041
f 5053 5055 4980
f 5062 5012 4981
f 5023 4988 4982
f 5048 5023 4982
f 5025 5036 4983
f 4994 4984 5016
f 5016 4984 5017
f 4985 4993 5031
f 4985 5028 5022
f 5031 5028 4985
f 5021 5032 4986
f 5001 5043 4987
f 5043 5084 4987
f 5084 5099 4987
f 5004 4989 5050
f 5035 5050 4989
f 5018 5040 4990
f 4997 5070 4991
f 5070 5104 4991
f 5125 4991 5104
f 4991 5125 5723
f 5073 4995 4992
f 5059 5108 4992
f 4992 5108 5073
f 5067 5031 4993
f 5015 4994 5044
f 5016 5044 4994
f 5051 4995 5073
f 5728 5127 4996
f 5212 5728 4996
f 5886 5212 4996
f 4998 5136 5008
f 5121 5136 4998
f 5034 5067 4999
f 5024 5046 5000
f 5046 5025 5000
f 5014 5060 5001
f 5060 5043 5001
f 5094 5027 5002
f 5029 5094 5002
f 5047 5014 5003
f 5068 5047 5003
f 5689 5068 5003
f 5069 5024 5004
f 5050 5101 5004
f 5101 5069 5004
f 5019 5085 5005
f 5085 5029 5005
f 5098 5039 5006
f 5090 5098 5006
f 5042 5045 5007
f 5008 5155 5018
f 5136 5155 5008
f 5033 5059 5009
f 5088 5020 5010
f 5032 5088 5010
f 5012 5049 5011
f 5011 5054 5021
f 5049 5054 5011
f 5056 5049 5012
f 5056 5012 5062
f 5022 5082 5013
f 5082 5037 5013
f 5047 5060 5014
f 5044 5090 5015
f 5017 5074 5016
f 5044 5016 5074
f 5074 5017 5051
f 5832 5040 5018
f 5155 5168 5018
f 5168 5832 5018
f 5055 5126 5019
f 5126 5085 5019
f 5033 5020 5137
f 5088 5118 5020
f 5118 5137 5020
f 5061 5032 5021
f 5054 5061 5021
f 5028 5082 5022
f 5057 5023 5048
f 5057 5063 5023
f 5046 5024 5069
f 5072 5036 5025
f 5046 5072 5025
f 5027 5102 5026
f 5030 5026 5102
f 5094 5103 5027
f 5103 5102 5027
f 5031 5097 5028
f 5028 5129 5082
f 5097 5129 5028
f 5085 5143 5029
f 5143 5094 5029
f 5120 5080 5030
f 5030 5102 5120
f 5165 5031 5067
f 5165 5097 5031
f 5061 5100 5032
f 5100 5088 5032
f 5059 5033 5724
f 5137 5112 5033
f 5033 5112 5724
f 5034 5066 5138
f 5034 5138 5067
f 5096 5035 5039
f 5050 5035 5076
f 5096 5076 5035
f 5036 5071 5052
f 5071 5036 5109
f 5072 5111 5036
f 5111 5109 5036
f 5105 5081 5037
f 5037 5081 5721
f 5105 5037 5082
f 5064 5038 5114
f 5079 5130 5038
f 5130 5114 5038
f 5147 5096 5039
f 5098 5134 5039
f 5134 5147 5039
f 5077 5048 5040
f 5077 5040 5832
f 5133 5079 5041
f 5133 5041 5107
f 5042 5153 5045
f 5152 5153 5042
f 5060 5117 5043
f 5043 5117 5084
f 5124 5044 5074
f 5131 5090 5044
f 5044 5124 5131
f 5045 5148 5065
f 5199 5148 5045
f 5153 5199 5045
f 5069 5083 5046
f 5083 5072 5046
f 5851 5060 5047
f 5068 5851 5047
f 5087 5057 5048
f 5077 5087 5048
f 5078 5054 5049
f 5056 5086 5049
f 5086 5078 5049
f 5076 5123 5050
f 5123 5101 5050
f 5841 5051 5073
f 5074 5051 5841
f 5089 5053 5052
f 5071 5089 5052
f 5089 5055 5053
f 5092 5061 5054
f 5078 5092 5054
f 5089 5126 5055
f 5095 5056 5062
f 5095 5086 5056
f 5093 5063 5057
f 5087 5093 5057
f 5122 5058 5091
f 5122 5107 5058
f 5107 5722 5058
f 5151 5108 5059
f 5059 5724 5151
f 5060 5194 5117
f 5194 5060 5241
f 5241 5060 5851
f 5092 5100 5061
f 5106 5062 5064
f 5106 5095 5062
f 5093 5066 5063
f 5106 5064 5114
f 5065 5141 5689
f 5777 5141 5065
f 5148 5777 5065
f 5164 5066 5093
f 5066 5164 5138
f 5169 5067 5138
f 5169 5165 5067
f 5141 5182 5068
f 5141 5068 5689
f 5182 5247 5068
f 5068 5247 5851
f 5113 5083 5069
f 5101 5113 5069
f 5075 5157 5070
f 5157 5104 5070
f 5071 5150 5089
f 5109 5140 5071
f 5140 5150 5071
f 5083 5115 5072
f 5115 5111 5072
f 5108 5160 5073
f 5135 5073 5160
f 5135 5841 5073
f 5737 5124 5074
f 5074 5135 5737
f 5135 5074 5841
f 5110 5158 5075
f 5158 5157 5075
f 5096 5690 5076
f 5175 5123 5076
f 5690 5175 5076
f 5191 5087 5077
f 5168 5181 5077
f 5077 5832 5168
f 5181 5191 5077
f 5116 5078 5086
f 5116 5092 5078
f 5145 5130 5079
f 5145 5079 5133
f 5091 5080 5209
f 5120 5209 5080
f 5081 5105 5163
f 5163 5179 5081
f 5082 5149 5105
f 5129 5193 5082
f 5082 5193 5149
f 5113 5115 5083
f 5084 5726 5099
f 5084 5117 5726
f 5126 5171 5085
f 5154 5143 5085
f 5171 5154 5085
f 5172 5086 5095
f 5086 5172 5116
f 5093 5087 5200
f 5191 5200 5087
f 5100 5132 5088
f 5132 5118 5088
f 5159 5126 5089
f 5150 5159 5089
f 5098 5090 5119
f 5156 5119 5090
f 5131 5156 5090
f 5204 5122 5091
f 5209 5204 5091
f 5139 5100 5092
f 5139 5092 5116
f 5200 5164 5093
f 5094 5143 5103
f 5176 5095 5106
f 5176 5172 5095
f 5690 5096 5147
f 5162 5129 5097
f 5165 5162 5097
f 5119 5134 5098
f 5809 5121 5099
f 5726 5809 5099
f 5139 5132 5100
f 5142 5113 5101
f 5123 5142 5101
f 5161 5102 5103
f 5166 5120 5102
f 5161 5166 5102
f 5143 5161 5103
f 5203 5125 5104
f 5157 5207 5104
f 5104 5207 5203
f 5149 5178 5105
f 5178 5163 5105
f 5114 5167 5106
f 5167 5176 5106
f 5122 5189 5107
f 5107 5183 5133
f 5186 5183 5107
f 5107 5189 5186
f 5151 5187 5108
f 5160 5108 5187
f 5111 5144 5109
f 5144 5140 5109
f 5127 5869 5110
f 5869 5158 5110
f 5115 5144 5111
f 5137 5227 5112
f 5227 5274 5112
f 5112 5274 5234
f 5112 5234 5724
f 5146 5115 5113
f 5142 5146 5113
f 5130 5167 5114
f 5180 5144 5115
f 5146 5180 5115
f 5185 5139 5116
f 5213 5116 5172
f 5213 5185 5116
f 5194 5128 5117
f 5117 5128 5726
f 5201 5118 5132
f 5224 5137 5118
f 5201 5224 5118
f 5119 5214 5134
f 5156 5214 5119
f 5166 5195 5120
f 5195 5209 5120
f 5121 5177 5136
f 5792 5177 5121
f 5809 5792 5121
f 5235 5189 5122
f 5204 5211 5122
f 5211 5235 5122
f 5175 5142 5123
f 5131 5124 5174
f 5174 5124 5737
f 5196 5152 5125
f 5203 5196 5125
f 5159 5171 5126
f 5728 5869 5127
f 5194 5297 5128
f 5297 5303 5128
f 5303 5310 5128
f 5809 5128 5310
f 5726 5128 5809
f 5129 5162 5193
f 5145 5184 5130
f 5184 5167 5130
f 5156 5131 5202
f 5174 5202 5131
f 5173 5132 5139
f 5173 5201 5132
f 5145 5133 5183
f 5206 5147 5134
f 5214 5206 5134
f 5160 5198 5135
f 5198 5237 5135
f 5135 5237 5737
f 5136 5177 5155
f 5224 5227 5137
f 5164 5210 5138
f 5170 5169 5138
f 5210 5170 5138
f 5173 5139 5185
f 5188 5140 5144
f 5188 5150 5140
f 5141 5216 5182
f 5218 5216 5141
f 5218 5141 5777
f 5190 5146 5142
f 5175 5190 5142
f 5154 5253 5143
f 5143 5236 5161
f 5236 5143 5336
f 5253 5240 5143
f 5240 5336 5143
f 5180 5215 5144
f 5727 5188 5144
f 5215 5727 5144
f 5183 5238 5145
f 5238 5184 5145
f 5190 5180 5146
f 5206 5222 5147
f 5222 5690 5147
f 5199 5217 5148
f 5217 5232 5148
f 5232 5218 5148
f 5148 5218 5777
f 5149 5887 5178
f 5193 5887 5149
f 5197 5159 5150
f 5188 5197 5150
f 5242 5187 5151
f 5242 5151 5234
f 5151 5724 5234
f 5205 5153 5152
f 5196 5230 5152
f 5230 5205 5152
f 5153 5226 5199
f 5205 5226 5153
f 5233 5154 5171
f 5233 5253 5154
f 5155 5239 5168
f 5239 5155 5177
f 5202 5214 5156
f 5158 5260 5157
f 5157 5231 5207
f 5157 5259 5231
f 5260 5259 5157
f 5266 5260 5158
f 5268 5266 5158
f 5268 5158 5869
f 5159 5252 5171
f 5197 5252 5159
f 5187 5255 5160
f 5198 5160 5255
f 5236 5166 5161
f 5165 5208 5162
f 5162 5848 5193
f 5208 5848 5162
f 5178 5365 5163
f 5163 5228 5179
f 5365 5228 5163
f 5200 5354 5164
f 5354 5210 5164
f 5169 5254 5165
f 5165 5254 5208
f 5285 5195 5166
f 5236 5285 5166
f 5229 5176 5167
f 5184 5229 5167
f 5168 5314 5181
f 5239 5314 5168
f 5170 5258 5169
f 5258 5254 5169
f 5170 5210 5768
f 5170 5768 5258
f 5252 5233 5171
f 5220 5172 5176
f 5220 5213 5172
f 5185 5219 5173
f 5219 5201 5173
f 5202 5174 5262
f 5237 5299 5174
f 5737 5237 5174
f 5299 5262 5174
f 5223 5190 5175
f 5223 5175 5192
f 5690 5192 5175
f 5176 5284 5220
f 5229 5284 5176
f 5340 5239 5177
f 5351 5340 5177
f 5351 5177 5792
f 5178 5339 5365
f 5887 5339 5178
f 5179 5228 5212
f 5179 5212 5886
f 5190 5225 5180
f 5215 5180 5225
f 5314 5191 5181
f 5216 5221 5182
f 5182 5221 5247
f 5333 5183 5186
f 5333 5238 5183
f 5238 5229 5184
f 5213 5219 5185
f 5189 5250 5186
f 5250 5306 5186
f 5306 5333 5186
f 5242 5320 5187
f 5255 5187 5295
f 5320 5295 5187
f 5244 5197 5188
f 5286 5244 5188
f 5272 5286 5188
f 5727 5272 5188
f 5235 5250 5189
f 5223 5225 5190
f 5200 5191 5354
f 5314 5400 5191
f 5400 5354 5191
f 5275 5223 5192
f 5249 5329 5192
f 5249 5192 5690
f 5386 5275 5192
f 5329 5386 5192
f 5848 5870 5193
f 5193 5870 5887
f 5241 5293 5194
f 5293 5297 5194
f 5195 5263 5209
f 5285 5263 5195
f 5203 5246 5196
f 5246 5230 5196
f 5244 5252 5197
f 5243 5237 5198
f 5277 5243 5198
f 5255 5277 5198
f 5245 5217 5199
f 5226 5245 5199
f 5219 5257 5201
f 5257 5224 5201
f 5214 5202 5283
f 5262 5300 5202
f 5283 5202 5300
f 5207 5248 5203
f 5248 5246 5203
f 5209 5265 5204
f 5265 5211 5204
f 5270 5226 5205
f 5230 5270 5205
f 5206 5214 5276
f 5276 5222 5206
f 5231 5248 5207
f 5254 5448 5208
f 5208 5448 5422
f 5208 5422 5848
f 5307 5209 5263
f 5307 5265 5209
f 5354 5836 5210
f 5768 5210 5836
f 5389 5235 5211
f 5211 5265 5389
f 5228 5370 5212
f 5375 5315 5212
f 5212 5315 5728
f 5370 5375 5212
f 5219 5213 5261
f 5220 5251 5213
f 5251 5261 5213
f 5283 5276 5214
f 5225 5279 5215
f 5360 5272 5215
f 5215 5272 5727
f 5279 5332 5215
f 5332 5360 5215
f 5218 5269 5216
f 5264 5221 5216
f 5269 5264 5216
f 5267 5232 5217
f 5245 5267 5217
f 5232 5278 5218
f 5280 5269 5218
f 5278 5280 5218
f 5257 5219 5261
f 5294 5251 5220
f 5284 5322 5220
f 5322 5294 5220
f 5221 5256 5247
f 5264 5256 5221
f 5298 5249 5222
f 5222 5249 5690
f 5276 5298 5222
f 5225 5223 5279
f 5275 5279 5223
f 5224 5281 5227
f 5291 5224 5257
f 5291 5281 5224
f 5245 5226 5271
f 5270 5271 5226
f 5227 5282 5274
f 5281 5380 5227
f 5380 5282 5227
f 5365 5377 5228
f 5377 5370 5228
f 5238 5296 5229
f 5284 5229 5296
f 5246 5287 5230
f 5287 5270 5230
f 5288 5248 5231
f 5259 5288 5231
f 5267 5278 5232
f 5252 5321 5233
f 5321 5253 5233
f 5242 5234 5273
f 5273 5234 5301
f 5274 5301 5234
f 5389 5250 5235
f 5385 5285 5236
f 5336 5385 5236
f 5243 5349 5237
f 5349 5299 5237
f 5296 5238 5317
f 5317 5238 5333
f 5403 5314 5239
f 5239 5340 5403
f 5253 5369 5240
f 5331 5336 5240
f 5369 5331 5240
f 5247 5292 5241
f 5241 5851 5247
f 5292 5293 5241
f 5273 5320 5242
f 5277 5349 5243
f 5244 5348 5252
f 5286 5348 5244
f 5267 5245 5290
f 5271 5290 5245
f 5248 5289 5246
f 5287 5246 5289
f 5256 5305 5247
f 5305 5292 5247
f 5288 5289 5248
f 5298 5356 5249
f 5356 5329 5249
f 5366 5306 5250
f 5250 5389 5366
f 5251 5294 5261
f 5348 5321 5252
f 5321 5369 5253
f 5258 5458 5254
f 5468 5448 5254
f 5458 5464 5254
f 5464 5468 5254
f 5277 5255 5295
f 5264 5309 5256
f 5309 5305 5256
f 5261 5302 5257
f 5302 5291 5257
f 5768 5458 5258
f 5260 5313 5259
f 5259 5313 5288
f 5266 5316 5260
f 5316 5313 5260
f 5294 5302 5261
f 5299 5327 5262
f 5327 5300 5262
f 5285 5353 5263
f 5353 5307 5263
f 5269 5304 5264
f 5304 5309 5264
f 5307 5415 5265
f 5415 5389 5265
f 5268 5328 5266
f 5328 5316 5266
f 5278 5267 5308
f 5290 5308 5267
f 5323 5328 5268
f 5323 5268 5728
f 5728 5268 5869
f 5280 5312 5269
f 5304 5269 5312
f 5271 5270 5311
f 5270 5287 5311
f 5290 5271 5311
f 5394 5286 5272
f 5360 5394 5272
f 5301 5393 5273
f 5393 5320 5273
f 5282 5793 5274
f 5793 5301 5274
f 5279 5275 5332
f 5332 5275 5386
f 5283 5355 5276
f 5298 5276 5334
f 5391 5334 5276
f 5355 5391 5276
f 5381 5277 5295
f 5381 5349 5277
f 5280 5278 5308
f 5308 5312 5280
f 5291 5325 5281
f 5325 5368 5281
f 5368 5380 5281
f 5380 5427 5282
f 5427 5445 5282
f 5445 5470 5282
f 5470 5793 5282
f 5300 5373 5283
f 5373 5355 5283
f 5296 5344 5284
f 5322 5284 5344
f 5451 5353 5285
f 5385 5451 5285
f 5392 5348 5286
f 5394 5392 5286
f 5289 5318 5287
f 5311 5287 5318
f 5319 5289 5288
f 5313 5319 5288
f 5319 5318 5289
f 5290 5326 5308
f 5311 5326 5290
f 5302 5352 5291
f 5352 5325 5291
f 5341 5293 5292
f 5305 5338 5292
f 5338 5341 5292
f 5350 5297 5293
f 5341 5350 5293
f 5294 5337 5302
f 5322 5337 5294
f 5320 5367 5295
f 5367 5408 5295
f 5381 5295 5408
f 5317 5364 5296
f 5296 5364 5344
f 5303 5297 5357
f 5350 5357 5297
f 5334 5356 5298
f 5387 5327 5299
f 5378 5299 5349
f 5378 5387 5299
f 5327 5373 5300
f 5382 5393 5301
f 5793 5382 5301
f 5337 5352 5302
f 5303 5359 5310
f 5357 5359 5303
f 5309 5304 5335
f 5312 5335 5304
f 5309 5345 5305
f 5338 5305 5345
f 5333 5306 5411
f 5366 5446 5306
f 5446 5411 5306
f 5353 5443 5307
f 5443 5415 5307
f 5308 5342 5312
f 5326 5342 5308
f 5335 5345 5309
f 5359 5346 5310
f 5310 5346 5792
f 5310 5792 5809
f 5318 5330 5311
f 5311 5330 5326
f 5335 5312 5342
f 5316 5347 5313
f 5343 5319 5313
f 5313 5347 5343
f 5428 5400 5314
f 5403 5428 5314
f 5315 5384 5324
f 5315 5324 5728
f 5375 5384 5315
f 5328 5358 5316
f 5316 5358 5347
f 5333 5390 5317
f 5364 5317 5390
f 5319 5343 5318
f 5362 5330 5318
f 5343 5362 5318
f 5393 5367 5320
f 5348 5429 5321
f 5420 5369 5321
f 5429 5420 5321
f 5337 5322 5371
f 5344 5371 5322
f 5323 5324 5374
f 5324 5323 5728
f 5328 5323 5363
f 5374 5363 5323
f 5384 5374 5324
f 5352 5368 5325
f 5330 5342 5326
f 5327 5436 5373
f 5436 5327 5387
f 5358 5328 5363
f 5356 5467 5329
f 5406 5386 5329
f 5432 5406 5329
f 5467 5432 5329
f 5330 5388 5342
f 5362 5388 5330
f 5450 5336 5331
f 5369 5420 5331
f 5420 5495 5331
f 5487 5450 5331
f 5495 5487 5331
f 5421 5360 5332
f 5386 5421 5332
f 5411 5390 5333
f 5435 5356 5334
f 5391 5435 5334
f 5342 5376 5335
f 5345 5335 5376
f 5450 5385 5336
f 5398 5352 5337
f 5371 5405 5337
f 5398 5337 5405
f 5341 5338 5361
f 5345 5372 5338
f 5361 5338 5372
f 5417 5365 5339
f 5439 5417 5339
f 5439 5339 5422
f 5870 5422 5339
f 5870 5339 5887
f 5351 5397 5340
f 5397 5403 5340
f 5350 5341 5361
f 5376 5342 5388
f 5347 5379 5343
f 5399 5362 5343
f 5399 5343 5379
f 5364 5402 5344
f 5371 5344 5402
f 5345 5376 5372
f 5401 5351 5346
f 5346 5351 5792
f 5359 5404 5346
f 5404 5401 5346
f 5379 5347 5358
f 5392 5511 5348
f 5511 5429 5348
f 5381 5378 5349
f 5357 5350 5383
f 5361 5383 5350
f 5401 5397 5351
f 5368 5352 5398
f 5472 5443 5353
f 5451 5472 5353
f 5400 5431 5354
f 5431 5459 5354
f 5354 5459 5836
f 5373 5462 5355
f 5355 5483 5391
f 5462 5483 5355
f 5435 5543 5356
f 5467 5356 5543
f 5359 5357 5383
f 5363 5379 5358
f 5383 5404 5359
f 5394 5360 5441
f 5421 5457 5360
f 5441 5360 5457
f 5372 5396 5361
f 5361 5396 5383
f 5425 5388 5362
f 5399 5425 5362
f 5363 5374 5395
f 5379 5363 5395
f 5390 5413 5364
f 5402 5364 5413
f 5418 5377 5365
f 5417 5418 5365
f 5389 5440 5366
f 5860 5366 5440
f 5704 5446 5366
f 5860 5704 5366
f 5393 5442 5367
f 5408 5367 5426
f 5426 5367 5442
f 5412 5380 5368
f 5398 5412 5368
f 5416 5375 5370
f 5377 5414 5370
f 5414 5416 5370
f 5371 5402 5405
f 5376 5396 5372
f 5436 5462 5373
f 5384 5395 5374
f 5384 5375 5410
f 5416 5410 5375
f 5407 5376 5388
f 5407 5396 5376
f 5418 5414 5377
f 5381 5454 5378
f 5478 5387 5378
f 5454 5478 5378
f 5395 5409 5379
f 5399 5379 5409
f 5412 5427 5380
f 5408 5469 5381
f 5469 5454 5381
f 5382 5442 5393
f 5423 5382 5793
f 5382 5423 5888
f 5382 5888 5442
f 5396 5419 5383
f 5404 5383 5419
f 5410 5395 5384
f 5450 5489 5385
f 5489 5451 5385
f 5406 5421 5386
f 5478 5436 5387
f 5425 5407 5388
f 5415 5440 5389
f 5411 5434 5390
f 5434 5413 5390
f 5518 5435 5391
f 5483 5518 5391
f 5394 5441 5392
f 5441 5486 5392
f 5486 5511 5392
f 5409 5395 5410
f 5407 5430 5396
f 5396 5430 5419
f 5401 5433 5397
f 5447 5403 5397
f 5433 5447 5397
f 5405 5456 5398
f 5412 5398 5456
f 5409 5465 5399
f 5399 5480 5425
f 5399 5465 5477
f 5399 5477 5480
f 5428 5463 5400
f 5463 5431 5400
f 5404 5424 5401
f 5424 5433 5401
f 5405 5402 5438
f 5413 5438 5402
f 5444 5428 5403
f 5447 5444 5403
f 5419 5424 5404
f 5455 5405 5438
f 5405 5455 5456
f 5460 5421 5406
f 5432 5460 5406
f 5425 5479 5407
f 5430 5407 5466
f 5479 5466 5407
f 5426 5469 5408
f 5410 5437 5409
f 5465 5409 5437
f 5416 5437 5410
f 5482 5434 5411
f 5446 5482 5411
f 5427 5412 5456
f 5453 5413 5434
f 5453 5438 5413
f 5416 5414 5449
f 5418 5452 5414
f 5449 5414 5452
f 5524 5440 5415
f 5443 5524 5415
f 5437 5416 5449
f 5473 5418 5417
f 5439 5473 5417
f 5473 5452 5418
f 5424 5419 5430
f 5429 5522 5420
f 5522 5495 5420
f 5457 5421 5460
f 5485 5439 5422
f 5448 5485 5422
f 5848 5422 5870
f 5470 5513 5423
f 5423 5793 5470
f 5513 5904 5423
f 5888 5423 5904
f 5430 5433 5424
f 5480 5479 5425
f 5426 5442 5538
f 5426 5538 5469
f 5488 5445 5427
f 5456 5488 5427
f 5444 5484 5428
f 5484 5463 5428
f 5511 5529 5429
f 5522 5429 5539
f 5529 5539 5429
f 5433 5430 5461
f 5430 5466 5461
f 5459 5431 5491
f 5463 5491 5431
f 5490 5460 5432
f 5467 5490 5432
f 5447 5433 5461
f 5502 5453 5434
f 5482 5502 5434
f 5435 5518 5543
f 5533 5462 5436
f 5533 5436 5478
f 5437 5449 5465
f 5475 5438 5453
f 5455 5438 5475
f 5498 5473 5439
f 5498 5439 5485
f 5524 5528 5440
f 5528 5860 5440
f 5457 5493 5441
f 5486 5441 5493
f 5540 5538 5442
f 5442 5888 5540
f 5443 5472 5530
f 5530 5524 5443
f 5447 5476 5444
f 5476 5484 5444
f 5505 5470 5445
f 5488 5505 5445
f 5729 5482 5446
f 5527 5446 5704
f 5527 5729 5446
f 5461 5476 5447
f 5471 5448 5468
f 5471 5496 5448
f 5496 5485 5448
f 5452 5474 5449
f 5465 5449 5474
f 5487 5489 5450
f 5472 5451 5561
f 5489 5561 5451
f 5473 5474 5452
f 5523 5475 5453
f 5502 5523 5453
f 5469 5537 5454
f 5526 5478 5454
f 5537 5526 5454
f 5456 5455 5488
f 5475 5514 5455
f 5488 5455 5514
f 5460 5494 5457
f 5493 5457 5494
f 5507 5464 5458
f 5481 5501 5458
f 5481 5458 5768
f 5501 5507 5458
f 5499 5481 5459
f 5459 5481 5768
f 5491 5499 5459
f 5768 5836 5459
f 5490 5494 5460
f 5466 5476 5461
f 5536 5483 5462
f 5533 5545 5462
f 5545 5536 5462
f 5484 5504 5463
f 5491 5463 5504
f 5497 5468 5464
f 5507 5497 5464
f 5474 5477 5465
f 5466 5492 5476
f 5466 5479 5492
f 5520 5490 5467
f 5541 5520 5467
f 5541 5467 5543
f 5503 5471 5468
f 5497 5503 5468
f 5538 5537 5469
f 5505 5513 5470
f 5503 5496 5471
f 5561 5530 5472
f 5474 5473 5498
f 5477 5474 5500
f 5498 5500 5474
f 5514 5475 5535
f 5523 5535 5475
f 5484 5476 5492
f 5477 5509 5480
f 5500 5509 5477
f 5526 5547 5478
f 5560 5533 5478
f 5547 5560 5478
f 5512 5479 5480
f 5479 5506 5492
f 5512 5506 5479
f 5509 5512 5480
f 5499 5515 5481
f 5501 5481 5515
f 5482 5542 5502
f 5542 5482 5729
f 5536 5518 5483
f 5492 5504 5484
f 5496 5508 5485
f 5508 5498 5485
f 5493 5525 5486
f 5511 5486 5525
f 5487 5549 5489
f 5495 5546 5487
f 5546 5552 5487
f 5552 5549 5487
f 5505 5488 5514
f 5561 5489 5549
f 5532 5494 5490
f 5520 5532 5490
f 5499 5491 5510
f 5504 5510 5491
f 5492 5506 5504
f 5494 5532 5493
f 5525 5493 5532
f 5556 5495 5522
f 5556 5546 5495
f 5503 5516 5496
f 5516 5508 5496
f 5503 5497 5517
f 5507 5517 5497
f 5500 5498 5508
f 5510 5515 5499
f 5508 5509 5500
f 5507 5501 5519
f 5515 5519 5501
f 5523 5502 6011
f 6011 5502 5542
f 5517 5516 5503
f 5506 5510 5504
f 5534 5513 5505
f 5514 5534 5505
f 5510 5506 5515
f 5512 5521 5506
f 5515 5506 5519
f 5521 5519 5506
f 5517 5507 5521
f 5519 5521 5507
f 5509 5508 5516
f 5509 5521 5512
f 5516 5517 5509
f 5517 5521 5509
f 5525 5548 5511
f 5529 5511 5548
f 5534 5544 5513
f 5904 5513 5544
f 5534 5514 5535
f 5536 5567 5518
f 5567 5543 5518
f 5553 5532 5520
f 5541 5553 5520
f 5522 5539 5564
f 5556 5522 5564
f 5535 5523 5550
f 5550 5523 5558
f 6011 5558 5523
f 5563 5528 5524
f 5555 5524 5530
f 5555 5563 5524
f 5525 5532 5551
f 5551 5548 5525
f 5537 5604 5526
f 5604 5547 5526
f 5571 5730 5527
f 5811 5571 5527
f 5527 5704 5860
f 5730 5729 5527
f 5811 5527 5752
f 5752 5527 5860
f 5563 5575 5528
f 5575 5579 5528
f 5528 5579 5860
f 5539 5529 5566
f 5548 5566 5529
f 5586 5555 5530
f 5561 5586 5530
f 5540 5531 5565
f 5540 5888 5531
f 5544 5554 5531
f 5544 5531 5904
f 5554 5577 5531
f 5577 5565 5531
f 5888 5904 5531
f 5551 5532 5553
f 5600 5545 5533
f 5560 5600 5533
f 5535 5550 5534
f 5544 5534 5550
f 5545 5593 5536
f 5593 5567 5536
f 5538 5572 5537
f 5572 5603 5537
f 5603 5604 5537
f 5569 5538 5540
f 5580 5538 5569
f 5580 5572 5538
f 5564 5539 5566
f 5565 5569 5540
f 5543 5559 5541
f 5559 5553 5541
f 5557 5542 5581
f 5542 5557 6011
f 5581 5542 5730
f 5542 5729 5730
f 5570 5559 5543
f 5567 5578 5543
f 5578 5570 5543
f 5550 5554 5544
f 5545 5600 5593
f 5552 5546 5597
f 5556 5597 5546
f 5604 5560 5547
f 5551 5574 5548
f 5584 5566 5548
f 5574 5584 5548
f 5552 5590 5549
f 5561 5549 5590
f 5554 5550 5558
f 5553 5562 5551
f 5574 5551 5562
f 5590 5552 5616
f 5597 5613 5552
f 5552 5613 5616
f 5559 5562 5553
f 5558 5568 5554
f 5568 5577 5554
f 5563 5555 5602
f 5586 5602 5555
f 5564 5597 5556
f 5558 5557 5568
f 5557 5558 6011
f 5568 5557 5581
f 5576 5562 5559
f 5570 5576 5559
f 5639 5600 5560
f 5604 5639 5560
f 5599 5586 5561
f 5561 5590 5599
f 5574 5562 5576
f 5575 5563 5602
f 5564 5566 5582
f 5582 5597 5564
f 5583 5569 5565
f 5577 5583 5565
f 5582 5566 5584
f 5595 5578 5567
f 5567 5593 5615
f 5615 5595 5567
f 5568 5585 5577
f 5568 5581 5585
f 5589 5580 5569
f 5583 5589 5569
f 5587 5576 5570
f 5578 5591 5570
f 5591 5587 5570
f 5573 5731 5571
f 5573 5571 5811
f 5571 5588 5581
f 5581 5730 5571
f 5731 5588 5571
f 5580 5611 5572
f 5611 5603 5572
f 5579 5608 5573
f 5573 5752 5579
f 5608 5592 5573
f 5573 5592 5731
f 5573 5811 5752
f 5576 5587 5574
f 5584 5574 5587
f 5579 5575 5608
f 5602 5619 5575
f 5575 5619 5608
f 5583 5577 5585
f 5595 5591 5578
f 5579 5752 5860
f 5589 5606 5580
f 5580 5606 5611
f 5581 5596 5585
f 5588 5596 5581
f 5584 5598 5582
f 5612 5597 5582
f 5598 5609 5582
f 5609 5612 5582
f 5585 5594 5583
f 5589 5583 5594
f 5587 5601 5584
f 5598 5584 5601
f 5585 5596 5594
f 5633 5586 5599
f 5602 5586 5629
f 5629 5586 5635
f 5635 5586 5633
f 5591 5601 5587
f 5605 5588 5592
f 5731 5592 5588
f 5618 5596 5588
f 5605 5618 5588
f 5594 5614 5589
f 5606 5589 5614
f 5599 5590 5610
f 5610 5590 5616
f 5607 5591 5595
f 5601 5591 5607
f 5636 5605 5592
f 5592 5608 5738
f 5636 5592 5738
f 5600 5627 5593
f 5593 5624 5615
f 5993 5624 5593
f 5627 5993 5593
f 5596 5614 5594
f 5622 5607 5595
f 5622 5595 5615
f 5614 5596 5618
f 5612 5613 5597
f 5601 5617 5598
f 5609 5598 5617
f 5610 5633 5599
f 5652 5627 5600
f 5652 5600 5639
f 5607 5617 5601
f 5619 5602 5629
f 5625 5604 5603
f 5611 5621 5603
f 5621 5638 5603
f 5638 5625 5603
f 5625 5645 5604
f 5639 5604 5645
f 5630 5618 5605
f 5630 5605 5643
f 5636 5643 5605
f 5620 5611 5606
f 5614 5620 5606
f 5617 5607 5622
f 5608 5619 5640
f 5738 5608 5640
f 5632 5612 5609
f 5609 5617 5623
f 5632 5609 5623
f 5642 5610 5616
f 5633 5610 5642
f 5620 5631 5611
f 5631 5621 5611
f 5612 5634 5613
f 5632 5634 5612
f 5626 5616 5613
f 5626 5613 5634
f 5618 5620 5614
f 5628 5622 5615
f 5624 5628 5615
f 5626 5642 5616
f 5622 5623 5617
f 5620 5618 5630
f 5629 5649 5619
f 5640 5619 5649
f 5630 5631 5620
f 5631 5641 5621
f 5641 5638 5621
f 5623 5622 5637
f 5628 5637 5622
f 5637 5632 5623
f 5644 5628 5624
f 5644 5624 5646
f 5646 5624 5993
f 5638 5653 5625
f 5653 5645 5625
f 5634 5778 5626
f 5626 5661 5642
f 5647 5661 5626
f 5778 5647 5626
f 5663 5650 5627
f 5650 5993 5627
f 5652 5663 5627
f 5637 5628 5644
f 5635 5649 5629
f 5631 5630 5641
f 5641 5630 5643
f 5634 5632 5648
f 5648 5632 5637
f 5633 5657 5635
f 5642 5654 5633
f 5657 5633 5654
f 5778 5634 5648
f 5649 5635 5657
f 5640 5658 5636
f 5636 5738 5640
f 5651 5643 5636
f 5651 5636 5658
f 5648 5637 5644
f 5641 5656 5638
f 5653 5638 5656
f 5645 5660 5639
f 5652 5639 5662
f 5660 5668 5639
f 5668 5662 5639
f 5649 5658 5640
f 5643 5656 5641
f 5654 5642 5659
f 5642 5661 5659
f 5651 5656 5643
f 5655 5644 5646
f 5655 5648 5644
f 5653 5664 5645
f 5664 5660 5645
f 5650 5666 5646
f 5646 5993 5650
f 5646 5666 5655
f 5647 5805 5661
f 5647 5778 6015
f 6015 5805 5647
f 5655 6015 5648
f 6015 5778 5648
f 5657 5667 5649
f 5667 5658 5649
f 5674 5650 5663
f 5650 5674 5666
f 5665 5656 5651
f 5658 5665 5651
f 5662 5673 5652
f 5673 5663 5652
f 5665 5653 5656
f 5664 5653 5665
f 5654 5671 5657
f 5659 5669 5654
f 5669 5677 5654
f 5671 5654 5677
f 6031 5655 5666
f 6031 6015 5655
f 5667 5657 5671
f 5665 5658 5678
f 5658 5667 5678
f 5661 5672 5659
f 5669 5659 5672
f 5664 5675 5660
f 5682 5668 5660
f 5675 5682 5660
f 5672 5661 5670
f 5805 5670 5661
f 5668 5679 5662
f 5679 5673 5662
f 5673 5681 5663
f 5681 5674 5663
f 5665 5675 5664
f 5675 5665 5678
f 5674 5670 5666
f 5670 6031 5666
f 5671 5676 5667
f 5676 5678 5667
f 5682 5679 5668
f 5672 5680 5669
f 5677 5669 5680
f 5672 5670 5674
f 6031 5670 5805
f 5676 5671 5684
f 5677 5684 5671
f 5674 5681 5672
f 5680 5672 5681
f 5679 5683 5673
f 5683 5681 5673
f 5678 5682 5675
f 5678 5676 5682
f 5682 5676 5684
f 5680 5683 5677
f 5683 5684 5677
f 5682 5684 5679
f 5683 5679 5684
f 5680 5681 5683
f 5686 5706 5984
f 5686 6016 5706
f 5733 5686 5984
f 5992 5686 5733
f 5686 5971 6016
f 5700 5702 5701
f 5800 5972 5700
f 5701 5825 5915
f 5891 5706 5931
f 5706 5891 5984
f 5893 5914 5709
f 5956 5987 5733
f 5741 5769 5751
f 5751 5901 5741
f 5901 5761 5741
f 5784 5789 5751
f 5751 5789 5907
f 5901 5751 5907
f 5824 5755 5808
f 5755 5890 5808
f 5767 5787 5760
f 5760 5787 5819
f 5901 5921 5761
f 5787 5767 5847
f 5767 5920 5847
f 5897 5814 5772
f 5780 5819 5787
f 5808 5819 5780
f 5824 5808 5780
f 5783 5873 5820
f 5784 5828 5789
f 5816 5787 5847
f 5828 6010 5789
f 6010 5878 5789
f 5800 5912 5972
f 6031 5805 6015
f 5852 5884 5826
f 5930 5902 5840
f 5840 5902 5955
f 5920 5923 5847
f 5901 5907 5952
f 5955 5902 5940
# Attribution-ShareAlike 4.0 International (CC BY-SA 4.0)
# https://www.craftsmanspace.com/free-3d-models/low-poly-elephant-3d-model.html
